id,product_title,product_price,product_original_price,product_discount,product_url,product_image,product_images,product_rating,store_name,store_url,store_id,total_sales,ship_from,store_member_id,trade_info,shipping,launch_time,company_name,source_url,variations,variation_images
1005009086291213,1/35 Scale Die-Cast Resin Figure Model Kit WWII British Special Force Soldier with Mule (Myanmar) Unassembled and Unpainted,$9.30,,,https://www.aliexpress.com/item/1005009086291213.html,https://ae-pic-a1.aliexpress-media.com/kf/S38378022daad48bbba2829c747130365O.jpg_350x350.jpg,https://ae01.alicdn.com/kf/S38378022daad48bbba2829c747130365O.jpg|https://ae01.alicdn.com/kf/S86d9a767b0ed4047a44152e848902573V.jpg,,,,,398 sold,,,398 sold,Free,,,https://www.aliexpress.com/store/1104741319/pages/all-items.html?spm=a2g0o.store_pc_home.pcShopHead_2012107242900.99&sortType=orders_desc&shop_sortType=orders_desc&SortType=total_tranpro_desc,,
1005010245599620,1/35 Scale Die-Cast Resin Figure Model Kit Boat Crews & Animals 5 Figures (No Boat) Unassembled and Unpainted,$16.61,,,https://www.aliexpress.com/item/1005010245599620.html,https://ae-pic-a1.aliexpress-media.com/kf/S27a5ba2b630946cb9c846404ced9de22c.jpg_350x350.jpg,https://ae01.alicdn.com/kf/Sb6a0486896c44dd8b19b117646c39e36J/116x64.png|https://ae01.alicdn.com/kf/S27a5ba2b630946cb9c846404ced9de22c.jpg|https://ae01.alicdn.com/kf/Sa8a86ea74efb43a0b9b04e7de1f9fb15x.jpg|https://ae01.alicdn.com/kf/Sc9ebbea0f2844a2a830c25d002b4c320p.jpg|https://ae01.alicdn.com/kf/S031436b891544e0ba5c07328c7c843808.jpg|https://ae01.alicdn.com/kf/Sec7c760b2f2f4225bae1644084969ef6t.jpg,,,,,332 sold,,,332 sold,Free,,,https://www.aliexpress.com/store/1104741319/pages/all-items.html?spm=a2g0o.store_pc_home.pcShopHead_2012107242900.99&sortType=orders_desc&shop_sortType=orders_desc&SortType=total_tranpro_desc,,
1005009086030566,1/35 Scale DieCast Resin Figure Model Kit WWII British Special Forces (Myanmar) 2 Figures Unassembled and Unpainted,$9.30,,,https://www.aliexpress.com/item/1005009086030566.html,https://ae-pic-a1.aliexpress-media.com/kf/S7ce6b6b97a56401d96dfb5a36a506538t.jpg_350x350.jpg,https://ae01.alicdn.com/kf/Sb6a0486896c44dd8b19b117646c39e36J/116x64.png|https://ae01.alicdn.com/kf/S7ce6b6b97a56401d96dfb5a36a506538t.jpg|https://ae01.alicdn.com/kf/S17dbc31eac304e558f177079d2629cfev.jpg,,,,,309 sold,,,309 sold,Free,,,https://www.aliexpress.com/store/1104741319/pages/all-items.html?spm=a2g0o.store_pc_home.pcShopHead_2012107242900.99&sortType=orders_desc&shop_sortType=orders_desc&SortType=total_tranpro_desc,,
1005009372841126,1/16 Scale Die-Cast Resin Figure Model Kit Vietnam War US Army Infantry Unassembled and Unpainted,$13.74,,,https://www.aliexpress.com/item/1005009372841126.html,https://ae-pic-a1.aliexpress-media.com/kf/S331e3d4c5e404712974ecc4615b79073H.jpg_350x350.jpg,https://ae01.alicdn.com/kf/S331e3d4c5e404712974ecc4615b79073H.jpg|https://ae01.alicdn.com/kf/Sbd7878591dbf41ddafbd79dcdc6a0157q.jpg|https://ae01.alicdn.com/kf/Sc254f886f8e5499f82b02e7c2dbf31b6C.jpg|https://ae01.alicdn.com/kf/S2c5c47819cb54faa8e8b9b0326c3b820c.jpg|https://ae01.alicdn.com/kf/Sfe1f1667eeba4ea8b1ec75d6f2bc9b59a.jpg,,,,,295 sold,,,295 sold,Free,,,https://www.aliexpress.com/store/1104741319/pages/all-items.html?spm=a2g0o.store_pc_home.pcShopHead_2012107242900.99&sortType=orders_desc&shop_sortType=orders_desc&SortType=total_tranpro_desc,,
1005008884191473,1/35 Scale Die-Cast Resin Figure Model Kit Ave Maria Statue Unassembled and Unpainted,$6.86,,,https://www.aliexpress.com/item/1005008884191473.html,https://ae-pic-a1.aliexpress-media.com/kf/S8f95b6e84f3146ddbb5e8a6f83c30affQ.jpg_350x350.jpg,https://ae01.alicdn.com/kf/S8f95b6e84f3146ddbb5e8a6f83c30affQ.jpg|https://ae01.alicdn.com/kf/S32879d94669b4f33ba6c91c3e5244108x.jpg,,,,,272 sold,,,272 sold,Free,,,https://www.aliexpress.com/store/1104741319/pages/all-items.html?spm=a2g0o.store_pc_home.pcShopHead_2012107242900.99&sortType=orders_desc&shop_sortType=orders_desc&SortType=total_tranpro_desc,,
1005009085885564,1/35 Scale Die-Cast Resin Figure Model Kit WWII British Special Forces (Myanmar) 2 Figures Unassembled and Unpainted,$9.30,,,https://www.aliexpress.com/item/1005009085885564.html,https://ae-pic-a1.aliexpress-media.com/kf/S83b5a2db4330455b8ad3001fdaf73fa67.jpg_350x350.jpg,https://ae01.alicdn.com/kf/S83b5a2db4330455b8ad3001fdaf73fa67.jpg|https://ae01.alicdn.com/kf/S192551fc20b04fc783a499daee34d130v.jpg,,,,,244 sold,,,244 sold,Free,,,https://www.aliexpress.com/store/1104741319/pages/all-items.html?spm=a2g0o.store_pc_home.pcShopHead_2012107242900.99&sortType=orders_desc&shop_sortType=orders_desc&SortType=total_tranpro_desc,,
1005009584000185,1/16 Scale 120mm DieCast Resin Figure Model Kit Guard Marine Drummer Hobby Miniature Toys Unassembled Unpainted DIY Diorama,$14.36,,,https://www.aliexpress.com/item/1005009584000185.html,https://ae-pic-a1.aliexpress-media.com/kf/Sf4bae30e34604ad0879d4902dbe375c1j.jpg_350x350.jpg,https://ae01.alicdn.com/kf/Sf4bae30e34604ad0879d4902dbe375c1j.jpg|https://ae01.alicdn.com/kf/S36acff7c46184c7d9dbf2a0fc4ee100cl.jpg|https://ae01.alicdn.com/kf/S42729b1b2dbf486c8a3eb634ef97d00eg.jpg,,,,,221 sold,,,221 sold,Free,,,https://www.aliexpress.com/store/1104741319/pages/all-items.html?spm=a2g0o.store_pc_home.pcShopHead_2012107242900.99&sortType=orders_desc&shop_sortType=orders_desc&SortType=total_tranpro_desc,,
1005009372731612,1/16 Scale Die-Cast Resin Figure Model Kit Vietnam War US Army Infantry Sitting Position Unassembled and Unpainted,$13.74,,,https://www.aliexpress.com/item/1005009372731612.html,https://ae-pic-a1.aliexpress-media.com/kf/Sdcb05123af5646fc8b54a0ca9237f8ec7.jpg_350x350.jpg,https://ae01.alicdn.com/kf/Sdcb05123af5646fc8b54a0ca9237f8ec7.jpg|https://ae01.alicdn.com/kf/Sd7f0efccf4c2441fa6adbb40db169807c.jpg|https://ae01.alicdn.com/kf/Sa529164dfe3f4409a553ccf0221bcfc5R.jpg|https://ae01.alicdn.com/kf/Sa05c2f4bf50c4028b639472c831c45d8W.jpg|https://ae01.alicdn.com/kf/S2cd6642354c2424aa91fb72c84258809I.jpg,,,,,212 sold,,,212 sold,Free,,,https://www.aliexpress.com/store/1104741319/pages/all-items.html?spm=a2g0o.store_pc_home.pcShopHead_2012107242900.99&sortType=orders_desc&shop_sortType=orders_desc&SortType=total_tranpro_desc,,
1005009194058745,1/24 Scale Die-Cast Resin Figure Model Kit Eastwood Westside Cowboy Hobby Miniature Toys Unassembled and Unpainted DIY Diorama,$11.40,,,https://www.aliexpress.com/item/1005009194058745.html,https://ae-pic-a1.aliexpress-media.com/kf/S4e2e42d8b9454405a08362899bf1b5cc2.jpg_350x350.jpg,https://ae01.alicdn.com/kf/Sb6a0486896c44dd8b19b117646c39e36J/116x64.png|https://ae01.alicdn.com/kf/S4e2e42d8b9454405a08362899bf1b5cc2.jpg|https://ae01.alicdn.com/kf/Sefd335bfe97f4d25a49f6715cce38874n.jpg|https://ae01.alicdn.com/kf/Sddc5ea1cdc5040bfa3b4cfe4349c9170i.jpg|https://ae01.alicdn.com/kf/S3519821d20c942c8a3d91f8ed46b8a7aB.jpg|https://ae01.alicdn.com/kf/S8b6f5ec713384e938b9e5f02739927adH.jpg,,,,,208 sold,,,208 sold,Free,,,https://www.aliexpress.com/store/1104741319/pages/all-items.html?spm=a2g0o.store_pc_home.pcShopHead_2012107242900.99&sortType=orders_desc&shop_sortType=orders_desc&SortType=total_tranpro_desc,,
1005009020369967,1/16 Scale Die-Cast Resin Figure Model Kit WWII German Armored Vehicle Crew 2 Figures (No Car) Unassembled and Unpainted,$24.62,,,https://www.aliexpress.com/item/1005009020369967.html,https://ae-pic-a1.aliexpress-media.com/kf/S24c74f04c2fa45da9ea7c89fcc7b752fY.jpg_350x350.jpg,https://ae01.alicdn.com/kf/Sb6a0486896c44dd8b19b117646c39e36J/116x64.png|https://ae01.alicdn.com/kf/S24c74f04c2fa45da9ea7c89fcc7b752fY.jpg|https://ae01.alicdn.com/kf/S6185a48232104042bbe1b051eb41edbaT.jpg|https://ae01.alicdn.com/kf/Scdffac15990b471692386b58e555df2cq.jpg|https://ae01.alicdn.com/kf/S7277a5dbdb164b158ea5634bb6b6d2cfY.jpg,,,,,203 sold,,,203 sold,Free,,,https://www.aliexpress.com/store/1104741319/pages/all-items.html?spm=a2g0o.store_pc_home.pcShopHead_2012107242900.99&sortType=orders_desc&shop_sortType=orders_desc&SortType=total_tranpro_desc,,
1005009385861816,1/16 Scale Die-Cast Resin Figure Model Kit Armored Personnel Carrier Crew & Infantrymen 4 Figures (No Car) Unassembled Unpainted,$48.99,,,https://www.aliexpress.com/item/1005009385861816.html,https://ae-pic-a1.aliexpress-media.com/kf/S7e2fb72e8d1f4dc190faaa57c3cfa96aj.jpg_350x350.jpg,https://ae01.alicdn.com/kf/S7e2fb72e8d1f4dc190faaa57c3cfa96aj.jpg|https://ae01.alicdn.com/kf/Saf518f6be3e34c589bb510a6af4370a1S.jpg|https://ae01.alicdn.com/kf/S4d677af1e8ef4fbfbb7d472368af73a5Q.jpg|https://ae01.alicdn.com/kf/See577f6f810b4d399c56c46ecefa9e03H.jpg|https://ae01.alicdn.com/kf/S32c8531a04d946fc98be76c9691d4420j.jpg,,,,,155 sold,,,155 sold,Free,,,https://www.aliexpress.com/store/1104741319/pages/all-items.html?spm=a2g0o.store_pc_home.pcShopHead_2012107242900.99&sortType=orders_desc&shop_sortType=orders_desc&SortType=total_tranpro_desc,,
1005009895217736,1/16 Scale Die-Cast Resin Figure Model Kit WWII German Field Commander Unassembled and Unpainted,$14.49,,,https://www.aliexpress.com/item/1005009895217736.html,https://ae-pic-a1.aliexpress-media.com/kf/S36e9d2b765944d03bc07e0b65c598eccA.jpg_350x350.jpg,https://ae01.alicdn.com/kf/S36e9d2b765944d03bc07e0b65c598eccA.jpg|https://ae01.alicdn.com/kf/Sc2c8315ff2e742cb94e13234170a4201W.jpg|https://ae01.alicdn.com/kf/Sedd4738b762f46ebb6105e776be856d3s.jpg|https://ae01.alicdn.com/kf/Sb4f0e65d7c1d4f819245814f06341a4dN.jpg|https://ae01.alicdn.com/kf/S1f262cb33fba41df9a0c083b5b5b5761Y.jpg,,,,,153 sold,,,153 sold,Free,,,https://www.aliexpress.com/store/1104741319/pages/all-items.html?spm=a2g0o.store_pc_home.pcShopHead_2012107242900.99&sortType=orders_desc&shop_sortType=orders_desc&SortType=total_tranpro_desc,,
1005009584140251,1/24 Scale Die-Cast Resin Figure Model Kit Line Lancer Hobby Miniature Toys Unassembled and Unpainted DIY Diorama,$21.61,,,https://www.aliexpress.com/item/1005009584140251.html,https://ae-pic-a1.aliexpress-media.com/kf/Sc8cf3242123c4dc3b56b1a10e0484f5bS.jpg_350x350.jpg,https://ae01.alicdn.com/kf/Sc8cf3242123c4dc3b56b1a10e0484f5bS.jpg|https://ae01.alicdn.com/kf/Sc58eb117309e41eda83515d5a58b074cA.jpg|https://ae01.alicdn.com/kf/S8258dd8ab90846348e1a991ecf86ae9aL.jpg|https://ae01.alicdn.com/kf/Sb340b01464fe4af9b61e1f06c1a5306bR.jpg,,,,,147 sold,,,147 sold,Free,,,https://www.aliexpress.com/store/1104741319/pages/all-items.html?spm=a2g0o.store_pc_home.pcShopHead_2012107242900.99&sortType=orders_desc&shop_sortType=orders_desc&SortType=total_tranpro_desc,,
1005010230258966,1/24 Scale 100mm Die-Cast Resin Figure Model Kit Dungeon Goblins Hobby Miniature Toys Unassembled Unpainted DIY Diorama,$20.61,,,https://www.aliexpress.com/item/1005010230258966.html,https://ae-pic-a1.aliexpress-media.com/kf/S037baee5739f4f0ba8c42e4b8f7be071O.jpg_350x350.jpg,https://ae01.alicdn.com/kf/Sb6a0486896c44dd8b19b117646c39e36J/116x64.png|https://ae01.alicdn.com/kf/S037baee5739f4f0ba8c42e4b8f7be071O.jpg|https://ae01.alicdn.com/kf/Se2139a139a2544559b32228809c6ee7dl.jpg|https://ae01.alicdn.com/kf/S28503c5575124de9b3c3f5a1610c5a267.jpg|https://ae01.alicdn.com/kf/S28a70f01a5454ce2b0f7aeb73a223acav.jpg|https://ae01.alicdn.com/kf/Sffa21d31d51b4a30840b31bf2f71d7031.jpg,,,,,143 sold,,,143 sold,Free,,,https://www.aliexpress.com/store/1104741319/pages/all-items.html?spm=a2g0o.store_pc_home.pcShopHead_2012107242900.99&sortType=orders_desc&shop_sortType=orders_desc&SortType=total_tranpro_desc,,
1005010795169611,1/35 Scale DieCast Resin Model Kit WWII British Infantry Set 6 Figures Unassembled and Unpainted,$19.99,,,https://www.aliexpress.com/item/1005010795169611.html,https://ae-pic-a1.aliexpress-media.com/kf/S7b11143b5e344e3ca8527286d1378cb3P.jpg_350x350.jpg,https://ae01.alicdn.com/kf/S1887a285b60743859ac7bdbfca5e0896Z/154x64.png|https://ae01.alicdn.com/kf/Sb6a0486896c44dd8b19b117646c39e36J/116x64.png|https://ae01.alicdn.com/kf/S7b11143b5e344e3ca8527286d1378cb3P.jpg|https://ae01.alicdn.com/kf/S28e34d7d62a74db48e1c4625c9de14efI.jpg|https://ae01.alicdn.com/kf/S1891bd156e78425d91fe309e4451dc17h.jpg,,,,,141 sold,,,141 sold,Free,,,https://www.aliexpress.com/store/1104741319/pages/all-items.html?spm=a2g0o.store_pc_home.pcShopHead_2012107242900.99&sortType=orders_desc&shop_sortType=orders_desc&SortType=total_tranpro_desc,,
1005009576105814,1/16 Scale 120mm DieCast Resin Figure Model Kit Red Lancer Hobby Miniature Toys Unassembled Unpainted DIY Diorama,$14.36,,,https://www.aliexpress.com/item/1005009576105814.html,https://ae-pic-a1.aliexpress-media.com/kf/S708945b3ddd1406c804fdaba63b0d8beL.jpg_350x350.jpg,https://ae01.alicdn.com/kf/Sb6a0486896c44dd8b19b117646c39e36J/116x64.png|https://ae01.alicdn.com/kf/S708945b3ddd1406c804fdaba63b0d8beL.jpg|https://ae01.alicdn.com/kf/S5ded3690fbf64fe082f95fcc7db28323e.jpg|https://ae01.alicdn.com/kf/S2572816f873f4695985b3ff95def9585D.jpg,,,,,141 sold,,,141 sold,Free,,,https://www.aliexpress.com/store/1104741319/pages/all-items.html?spm=a2g0o.store_pc_home.pcShopHead_2012107242900.99&sortType=orders_desc&shop_sortType=orders_desc&SortType=total_tranpro_desc,,
1005009575283321,1/16 Scale 120mm DieCast Resin Figure Model Kit French Hussar Hobby Miniature Toys Unassembled Unpainted DIY Diorama,$14.36,,,https://www.aliexpress.com/item/1005009575283321.html,https://ae-pic-a1.aliexpress-media.com/kf/S9080eeac5087428ea9507ffd4b21396ct.jpg_350x350.jpg,https://ae01.alicdn.com/kf/S9080eeac5087428ea9507ffd4b21396ct.jpg|https://ae01.alicdn.com/kf/Sa95694d00bca47188250458b343ab0605.jpg|https://ae01.alicdn.com/kf/Sb48aa95506d84fc1a45e1d3b97413597P.jpg,,,,,140 sold,,,140 sold,Free,,,https://www.aliexpress.com/store/1104741319/pages/all-items.html?spm=a2g0o.store_pc_home.pcShopHead_2012107242900.99&sortType=orders_desc&shop_sortType=orders_desc&SortType=total_tranpro_desc,,
1005009579537223,1/24 Scale Die-Cast Resin Figure Model Kit Gothic Knight (2 Heads) Hobby Miniature Toys Unassembled and Unpainted DIY Diorama,$11.61,,,https://www.aliexpress.com/item/1005009579537223.html,https://ae-pic-a1.aliexpress-media.com/kf/Sa2bdf83dcec846548771d6d08be750b6b.jpg_350x350.jpg,https://ae01.alicdn.com/kf/Sb6a0486896c44dd8b19b117646c39e36J/116x64.png|https://ae01.alicdn.com/kf/Sa2bdf83dcec846548771d6d08be750b6b.jpg|https://ae01.alicdn.com/kf/S95ea8ccbf6f44dbba6d81de3bafc0b5bw.jpg|https://ae01.alicdn.com/kf/S178d55f3079a4788b12de11b1534b771J.jpg|https://ae01.alicdn.com/kf/S29b304c5c2e94290af70aeff98e9600dw.jpg|https://ae01.alicdn.com/kf/S76232b80def94a9d988e4343a28b39ec2.jpg,,,,,136 sold,,,136 sold,Free,,,https://www.aliexpress.com/store/1104741319/pages/all-items.html?spm=a2g0o.store_pc_home.pcShopHead_2012107242900.99&sortType=orders_desc&shop_sortType=orders_desc&SortType=total_tranpro_desc,,
1005009418972001,1/35 Scale Die-Cast Resin Figure Model Kit WWII US Infantry Jeep Crew & Medic Set 4 Figures (No Car) Unassembled Unpainted,$16.21,,,https://www.aliexpress.com/item/1005009418972001.html,https://ae-pic-a1.aliexpress-media.com/kf/Sc8f394cf35e44682954f066e018af61b5.jpg_350x350.jpg,https://ae01.alicdn.com/kf/Sb6a0486896c44dd8b19b117646c39e36J/116x64.png|https://ae01.alicdn.com/kf/Sc8f394cf35e44682954f066e018af61b5.jpg|https://ae01.alicdn.com/kf/Sf65a368be7f649b18073f7cae216993b2.jpg,,,,,136 sold,,,136 sold,Free,,,https://www.aliexpress.com/store/1104741319/pages/all-items.html?spm=a2g0o.store_pc_home.pcShopHead_2012107242900.99&sortType=orders_desc&shop_sortType=orders_desc&SortType=total_tranpro_desc,,
1005009567807703,1/16 Scale Die-Cast Resin Figure Model Kit US M8 Armored Vehicle Driver Unassembled and Unpainted,$12.36,,,https://www.aliexpress.com/item/1005009567807703.html,https://ae-pic-a1.aliexpress-media.com/kf/S4d8e6ff67bfd430c92ffbe66b8844d7dG.jpg_350x350.jpg,https://ae01.alicdn.com/kf/S4d8e6ff67bfd430c92ffbe66b8844d7dG.jpg|https://ae01.alicdn.com/kf/Sf83bccab346b46fd99e7e8ae2c96de12V.jpg|https://ae01.alicdn.com/kf/S9d6a0627d1d74c9dbc96eead666480c58.jpg|https://ae01.alicdn.com/kf/S6db92d82de6b4dbe89723ee2361a7c7dF.jpg|https://ae01.alicdn.com/kf/S18ab6f14451b4af9acd6fe6c004598bcZ.jpg,,,,,128 sold,,,128 sold,Free,,,https://www.aliexpress.com/store/1104741319/pages/all-items.html?spm=a2g0o.store_pc_home.pcShopHead_2012107242900.99&sortType=orders_desc&shop_sortType=orders_desc&SortType=total_tranpro_desc,,
1005010156196397,1/35 Scale Die-Cast Resin Model Assembled Kit US Jeep Accessories Set (No Car) Unassembled and Unpainted,$10.61,,,https://www.aliexpress.com/item/1005010156196397.html,https://ae-pic-a1.aliexpress-media.com/kf/S2330e756a6ff4a26a3eacf2a7edf3943Z.jpg_350x350.jpg,https://ae01.alicdn.com/kf/Sb6a0486896c44dd8b19b117646c39e36J/116x64.png|https://ae01.alicdn.com/kf/S2330e756a6ff4a26a3eacf2a7edf3943Z.jpg|https://ae01.alicdn.com/kf/Sbe0d2815aac641e598cb2266247f7993Q.jpg|https://ae01.alicdn.com/kf/Sde2bd1c6d3144d5f9a0bf7f4782eece8n.jpg,,,,,126 sold,,,126 sold,Free,,,https://www.aliexpress.com/store/1104741319/pages/all-items.html?spm=a2g0o.store_pc_home.pcShopHead_2012107242900.99&sortType=orders_desc&shop_sortType=orders_desc&SortType=total_tranpro_desc,,
1005008885518663,1/35 Scale Die-Cast Resin Figure Model Kit WWII German Diver with 2 Heads Unassembled and Unpainted,$7.13,,,https://www.aliexpress.com/item/1005008885518663.html,https://ae-pic-a1.aliexpress-media.com/kf/Sa914e85fd71f438c99adc6110ab31740m.jpg_350x350.jpg,https://ae01.alicdn.com/kf/Sa914e85fd71f438c99adc6110ab31740m.jpg|https://ae01.alicdn.com/kf/S21a303c499bd4c61ad1b6a9f6db2c7130.jpg|https://ae01.alicdn.com/kf/S79a1e84d9e1a48d0a582eea8987c2b28s.jpg,,,,,125 sold,,,125 sold,Free,,,https://www.aliexpress.com/store/1104741319/pages/all-items.html?spm=a2g0o.store_pc_home.pcShopHead_2012107242900.99&sortType=orders_desc&shop_sortType=orders_desc&SortType=total_tranpro_desc,,
1005008850350837,1/35 Scale Die-Cast Resin Figure Model Kit Vietnam War NVA Tank Rider 10 Figures (No Tank) Unassembled and Unpainted,$23.52,,,https://www.aliexpress.com/item/1005008850350837.html,https://ae-pic-a1.aliexpress-media.com/kf/Sfcbf6cfd3d3d4772b893146bcf0ee736Z.jpg_350x350.jpg,https://ae01.alicdn.com/kf/Sb6a0486896c44dd8b19b117646c39e36J/116x64.png|https://ae01.alicdn.com/kf/Sfcbf6cfd3d3d4772b893146bcf0ee736Z.jpg|https://ae01.alicdn.com/kf/S6abd2cc28c4e4e1492fef93693ad0a76S.jpg|https://ae01.alicdn.com/kf/S6db3a1f8a1174f1fa7a2d3fccd257524W.jpg,,,,,115 sold,,,115 sold,Free,,,https://www.aliexpress.com/store/1104741319/pages/all-items.html?spm=a2g0o.store_pc_home.pcShopHead_2012107242900.99&sortType=orders_desc&shop_sortType=orders_desc&SortType=total_tranpro_desc,,
1005010649451009,1/10 Scale Die-Cast Resin Bust Model Kit Native American Woman Holding Bows Statue Unassembled and Unpainted,$15.86,,,https://www.aliexpress.com/item/1005010649451009.html,https://ae-pic-a1.aliexpress-media.com/kf/S14906f809a8243aebdbe3cafdd9566999.jpg_350x350.jpg,https://ae01.alicdn.com/kf/Sb6a0486896c44dd8b19b117646c39e36J/116x64.png|https://ae01.alicdn.com/kf/S14906f809a8243aebdbe3cafdd9566999.jpg|https://ae01.alicdn.com/kf/S4ff467f280b84b7fa63fb7c54c2f60b5J.jpg|https://ae01.alicdn.com/kf/S2386821d31bb4d45843aeef82ea627c1X.jpg|https://ae01.alicdn.com/kf/S9c7b695ef06b446c924144da76aebbaeT.jpg|https://ae01.alicdn.com/kf/Sac009a4676114a33a66b8636301f5308k.jpg,,,,,114 sold,,,114 sold,Free,,,https://www.aliexpress.com/store/1104741319/pages/all-items.html?spm=a2g0o.store_pc_home.pcShopHead_2012107242900.99&sortType=orders_desc&shop_sortType=orders_desc&SortType=total_tranpro_desc,,
1005009492083806,1/35 Scale Die-Cast Resin Model Assembled Kit Food & Drink Supplies Scene Model Unassembled and Unpainted,$10.24,,,https://www.aliexpress.com/item/1005009492083806.html,https://ae-pic-a1.aliexpress-media.com/kf/Sbb55a8f3894641d2b9d666656cc64bc4Y.jpg_350x350.jpg,https://ae01.alicdn.com/kf/Sb6a0486896c44dd8b19b117646c39e36J/116x64.png|https://ae01.alicdn.com/kf/Sbb55a8f3894641d2b9d666656cc64bc4Y.jpg|https://ae01.alicdn.com/kf/S50781b38148c42d3af392e76bd18c771G.jpg,,,,,113 sold,,,113 sold,Free,,,https://www.aliexpress.com/store/1104741319/pages/all-items.html?spm=a2g0o.store_pc_home.pcShopHead_2012107242900.99&sortType=orders_desc&shop_sortType=orders_desc&SortType=total_tranpro_desc,,
1005010033275505,1/35 Scale Die-Cast Resin Figure Model Kit Military Theme Tank Soldiers Set (No Tank) Unassembled Unpainted,$19.99,,,https://www.aliexpress.com/item/1005010033275505.html,https://ae-pic-a1.aliexpress-media.com/kf/S71e01283189b40118295fe6b69d0ec768.jpg_350x350.jpg,https://ae01.alicdn.com/kf/Sb6a0486896c44dd8b19b117646c39e36J/116x64.png|https://ae01.alicdn.com/kf/S71e01283189b40118295fe6b69d0ec768.jpg|https://ae01.alicdn.com/kf/S71f7c771ab114892b3cd47cf230724393.jpg|https://ae01.alicdn.com/kf/S7a6531fd00f8433588f975553fd5c12bj.jpg|https://ae01.alicdn.com/kf/S19a024e8405847369c648bbbe0c45badm.jpg|https://ae01.alicdn.com/kf/S2a008503f81147fab27b5987f5eacd71m.jpg|https://ae01.alicdn.com/kf/S52964d730e6242cba2c3df737bdb3c61j.jpg,,,,,112 sold,,,112 sold,Free,,,https://www.aliexpress.com/store/1104741319/pages/all-items.html?spm=a2g0o.store_pc_home.pcShopHead_2012107242900.99&sortType=orders_desc&shop_sortType=orders_desc&SortType=total_tranpro_desc,,
1005009333026501,1/16 Scale Die-Cast Resin Figure Model Kit Poteau Ambush Battle Gunner and Squad Leader 2 Figures Unassembled Unpainted,$24.61,,,https://www.aliexpress.com/item/1005009333026501.html,https://ae-pic-a1.aliexpress-media.com/kf/Se38c9a7b539c44fc928feb382382f4f97.jpg_350x350.jpg,https://ae01.alicdn.com/kf/Sb6a0486896c44dd8b19b117646c39e36J/116x64.png|https://ae01.alicdn.com/kf/Se38c9a7b539c44fc928feb382382f4f97.jpg|https://ae01.alicdn.com/kf/S9f6b18d679294d2bae6d6f156d57d130Y.jpg,,,,,112 sold,,,112 sold,Free,,,https://www.aliexpress.com/store/1104741319/pages/all-items.html?spm=a2g0o.store_pc_home.pcShopHead_2012107242900.99&sortType=orders_desc&shop_sortType=orders_desc&SortType=total_tranpro_desc,,
1005009895108641,1/16 Scale Die-Cast Resin Figure Model Kit German Half Track Radio Operator Unassembled and Unpainted,$14.49,,,https://www.aliexpress.com/item/1005009895108641.html,https://ae-pic-a1.aliexpress-media.com/kf/S9d40809cbdc443d28afe785418a6a08cw.jpg_350x350.jpg,https://ae01.alicdn.com/kf/S9d40809cbdc443d28afe785418a6a08cw.jpg|https://ae01.alicdn.com/kf/S10ff67e9554a46bc8c0e9ac82a7b6f08J.jpg|https://ae01.alicdn.com/kf/Sc55f5cfed04b44d0a0be265e4c59ab57n.jpg|https://ae01.alicdn.com/kf/S431edee2f96447ebb929d80d4a9952da9.jpg|https://ae01.alicdn.com/kf/S67c4723eb1d64a1a8b74c976338eaa03m.jpg,,,,,108 sold,,,108 sold,Free,,,https://www.aliexpress.com/store/1104741319/pages/all-items.html?spm=a2g0o.store_pc_home.pcShopHead_2012107242900.99&sortType=orders_desc&shop_sortType=orders_desc&SortType=total_tranpro_desc,,
1005009020479020,1/16 Scale Die-Cast Resin Figure Model Kit US Army 3rd Armored Division Soldier Single Person Unassembled and Unpainted,$11.70,,,https://www.aliexpress.com/item/1005009020479020.html,https://ae-pic-a1.aliexpress-media.com/kf/S4e249f8dbc2246a0b3f0a18d28a1cfcaa.jpg_350x350.jpg,https://ae01.alicdn.com/kf/Sb6a0486896c44dd8b19b117646c39e36J/116x64.png|https://ae01.alicdn.com/kf/S4e249f8dbc2246a0b3f0a18d28a1cfcaa.jpg|https://ae01.alicdn.com/kf/Sd68557a537d44297a602e76223dd3863W.jpg|https://ae01.alicdn.com/kf/Sca15035bcffa451f8f356936bc416e58a.jpg|https://ae01.alicdn.com/kf/S910e7631883f40b1adcc0537c230e4d8s.jpg,,,,,104 sold,,,104 sold,Free,,,https://www.aliexpress.com/store/1104741319/pages/all-items.html?spm=a2g0o.store_pc_home.pcShopHead_2012107242900.99&sortType=orders_desc&shop_sortType=orders_desc&SortType=total_tranpro_desc,,
1005009156770502,1/16 Scale Die-Cast Resin Figure Model Kit WWII US Army Gunner (No Car) Unassembled and Unpainted,$11.74,,,https://www.aliexpress.com/item/1005009156770502.html,https://ae-pic-a1.aliexpress-media.com/kf/S2e0a6210a80047e9972cabdbd96af0135.jpg_350x350.jpg,https://ae01.alicdn.com/kf/Sb6a0486896c44dd8b19b117646c39e36J/116x64.png|https://ae01.alicdn.com/kf/S2e0a6210a80047e9972cabdbd96af0135.jpg|https://ae01.alicdn.com/kf/Seada88b7229e4914b898520f5bc463d80.jpg|https://ae01.alicdn.com/kf/S7cf03007916a4ba2b34b4eec6a722ee72.jpg|https://ae01.alicdn.com/kf/S0047e6e696be46a0ba74efa3aa4e97a3Z.jpg|https://ae01.alicdn.com/kf/Sa1328611d4134715a2ee6e73b62c0049S.jpg,,,,,102 sold,,,102 sold,Free,,,https://www.aliexpress.com/store/1104741319/pages/all-items.html?spm=a2g0o.store_pc_home.pcShopHead_2012107242900.99&sortType=orders_desc&shop_sortType=orders_desc&SortType=total_tranpro_desc,,
1005009980573819,1/24 Scale 75mm Die-Cast Resin Figure Model Kit Ancient Infantry Captain Hobby Miniature Toys Unassembled Unpainted Diorama,$12.49,,,https://www.aliexpress.com/item/1005009980573819.html,https://ae-pic-a1.aliexpress-media.com/kf/S83c1a2f62e4948768b013ff3b6c8b0316.jpg_350x350.jpg,https://ae01.alicdn.com/kf/S1887a285b60743859ac7bdbfca5e0896Z/154x64.png|https://ae01.alicdn.com/kf/Sb6a0486896c44dd8b19b117646c39e36J/116x64.png|https://ae01.alicdn.com/kf/S83c1a2f62e4948768b013ff3b6c8b0316.jpg|https://ae01.alicdn.com/kf/Sf6977ff8c4684ada8c1c5a8c07dab1a92.jpg,,,,,101 sold,,,101 sold,Free,,,https://www.aliexpress.com/store/1104741319/pages/all-items.html?spm=a2g0o.store_pc_home.pcShopHead_2012107242900.99&sortType=orders_desc&shop_sortType=orders_desc&SortType=total_tranpro_desc,,
1005009783162203,1/20 Scale 90mm Die-Cast Resin Figure Model Kit Ancient Warrior General Hobby Miniature Toys Unassembled Unpainted DIY Diorama,$28.77,,,https://www.aliexpress.com/item/1005009783162203.html,https://ae-pic-a1.aliexpress-media.com/kf/S5cd9424dba2c4043ba95b0243eeedecdh.jpg_350x350.jpg,https://ae01.alicdn.com/kf/Sb6a0486896c44dd8b19b117646c39e36J/116x64.png|https://ae01.alicdn.com/kf/S5cd9424dba2c4043ba95b0243eeedecdh.jpg|https://ae01.alicdn.com/kf/S7f32333eaf65492dabd85bbf4b7f605aO.jpg,,,,,98 sold,,,98 sold,Free,,,https://www.aliexpress.com/store/1104741319/pages/all-items.html?spm=a2g0o.store_pc_home.pcShopHead_2012107242900.99&sortType=orders_desc&shop_sortType=orders_desc&SortType=total_tranpro_desc,,
1005009568074150,1/16 Scale Die-Cast Resin Figure Model Kit US M8 Armored Vehicle Crew Unassembled and Unpainted,$12.36,,,https://www.aliexpress.com/item/1005009568074150.html,https://ae-pic-a1.aliexpress-media.com/kf/S908b1911863d49dcadfcc9f0b3c0ffb9M.jpg_350x350.jpg,https://ae01.alicdn.com/kf/Sb6a0486896c44dd8b19b117646c39e36J/116x64.png|https://ae01.alicdn.com/kf/S908b1911863d49dcadfcc9f0b3c0ffb9M.jpg|https://ae01.alicdn.com/kf/S603aa15e37b84e93888b0a8efaedcbdfX.jpg|https://ae01.alicdn.com/kf/S9bba18f90da046738bb2debda08e00a49.jpg|https://ae01.alicdn.com/kf/S68367e8edf61463685cf6f9378bbd21dD.jpg|https://ae01.alicdn.com/kf/S1ac6a705fd864fad858e1385bc457d42y.jpg,,,,,94 sold,,,94 sold,Free,,,https://www.aliexpress.com/store/1104741319/pages/all-items.html?spm=a2g0o.store_pc_home.pcShopHead_2012107242900.99&sortType=orders_desc&shop_sortType=orders_desc&SortType=total_tranpro_desc,,
1005009284481870,1/35 Scale Die-Cast Resin Model Assembled Kit WWII German Grenades Scene Model Unassembled and Unpainted No Etched Sheet,$10.27,,,https://www.aliexpress.com/item/1005009284481870.html,https://ae-pic-a1.aliexpress-media.com/kf/S16a348963d6243e4bd1144b50eb10644U.jpg_350x350.jpg,https://ae01.alicdn.com/kf/Sb6a0486896c44dd8b19b117646c39e36J/116x64.png|https://ae01.alicdn.com/kf/S16a348963d6243e4bd1144b50eb10644U.jpg|https://ae01.alicdn.com/kf/Sa98cc45e60144ee9b1c68a5ed3c78868V.jpg|https://ae01.alicdn.com/kf/S2021d1afdc9d4bf6b239cc43a8543c5et.jpg,,,,,93 sold,,,93 sold,Free,,,https://www.aliexpress.com/store/1104741319/pages/all-items.html?spm=a2g0o.store_pc_home.pcShopHead_2012107242900.99&sortType=orders_desc&shop_sortType=orders_desc&SortType=total_tranpro_desc,,
1005009951996611,1/24 Scale 75mm Die-Cast Resin Figure Model Kit Ancient French Duke Hobby Miniature Toys Unassembled and Unpainted DIY Diorama,$12.36,,,https://www.aliexpress.com/item/1005009951996611.html,https://ae-pic-a1.aliexpress-media.com/kf/Sdfc8725f16ee4d7ab8a6720ad4e714c6T.jpg_350x350.jpg,https://ae01.alicdn.com/kf/Sb6a0486896c44dd8b19b117646c39e36J/116x64.png|https://ae01.alicdn.com/kf/Sdfc8725f16ee4d7ab8a6720ad4e714c6T.jpg|https://ae01.alicdn.com/kf/S89b2a1ef3bde4b5fb104ab7c8f55844bs.jpg,,,,,92 sold,,,92 sold,Free,,,https://www.aliexpress.com/store/1104741319/pages/all-items.html?spm=a2g0o.store_pc_home.pcShopHead_2012107242900.99&sortType=orders_desc&shop_sortType=orders_desc&SortType=total_tranpro_desc,,
1005009372973338,1/16 Scale Die-Cast Resin Figure Model Kit Armored Personnel Carrier Driver Unassembled and Unpainted,$13.74,,,https://www.aliexpress.com/item/1005009372973338.html,https://ae-pic-a1.aliexpress-media.com/kf/S3b7c0a3f0ce444d0aee02d37e305214aq.jpg_350x350.jpg,https://ae01.alicdn.com/kf/S3b7c0a3f0ce444d0aee02d37e305214aq.jpg|https://ae01.alicdn.com/kf/Sad73bfca16cb472c9ef7a47da0274411t.jpg|https://ae01.alicdn.com/kf/Sb17bd9a39ee248c68f3fa45df8d3d22bY.jpg|https://ae01.alicdn.com/kf/Sd842ac48ccdb4aeabf7e3fe1cd123791F.jpg|https://ae01.alicdn.com/kf/S3e5a39e58acc4e94808d37741735733aI.jpg,,,,,92 sold,,,92 sold,Free,,,https://www.aliexpress.com/store/1104741319/pages/all-items.html?spm=a2g0o.store_pc_home.pcShopHead_2012107242900.99&sortType=orders_desc&shop_sortType=orders_desc&SortType=total_tranpro_desc,,
1005010433476678,1/24 Scale 75mm DieCast Resin Figure Model Kit Ancient Crusades Campaigns Hobby Miniature Toys Unassembled Unpainted DIY Diorama,$63.24,,,https://www.aliexpress.com/item/1005010433476678.html,https://ae-pic-a1.aliexpress-media.com/kf/S78be0ba03d554c9c825aa0f53082cbbcr.jpg_350x350.jpg,https://ae01.alicdn.com/kf/S78be0ba03d554c9c825aa0f53082cbbcr.jpg|https://ae01.alicdn.com/kf/Sc969e956f06a4ab4be7747ada443927ds.jpg|https://ae01.alicdn.com/kf/S584c4f9c96bc4751b3386e3e033e3127g.jpg|https://ae01.alicdn.com/kf/S150fc6c0b4b947e2ae38e18d04ab60023.jpg,,,,,88 sold,,,88 sold,Free,,,https://www.aliexpress.com/store/1104741319/pages/all-items.html?spm=a2g0o.store_pc_home.pcShopHead_2012107242900.99&sortType=orders_desc&shop_sortType=orders_desc&SortType=total_tranpro_desc,,
1005009385671537,1/16 Scale Die-Cast Resin Figure Model Kit Armored Personnel Carrier Commander Unassembled and Unpainted,$13.74,,,https://www.aliexpress.com/item/1005009385671537.html,https://ae-pic-a1.aliexpress-media.com/kf/S346711f3b12c46e1918c0350171dc5fd6.jpg_350x350.jpg,https://ae01.alicdn.com/kf/Sb6a0486896c44dd8b19b117646c39e36J/116x64.png|https://ae01.alicdn.com/kf/S346711f3b12c46e1918c0350171dc5fd6.jpg|https://ae01.alicdn.com/kf/Sb2a9a2b7c9bd491b95d80532392864fbV.jpg|https://ae01.alicdn.com/kf/S873477a299c74a77b313e53a8f7c2050v.jpg|https://ae01.alicdn.com/kf/Sb05a7145115543dfab4ee6239cad1740J.jpg|https://ae01.alicdn.com/kf/S59d704a1e454458da5aa3204ffb7f358p.jpg,,,,,87 sold,,,87 sold,Free,,,https://www.aliexpress.com/store/1104741319/pages/all-items.html?spm=a2g0o.store_pc_home.pcShopHead_2012107242900.99&sortType=orders_desc&shop_sortType=orders_desc&SortType=total_tranpro_desc,,
1005008924367523,1/16 Scale Die-Cast Resin Figure Model Kit WWII U.S. Tank Crew Half-body 2 Figures Unassembled and Unpainted,$11.62,,,https://www.aliexpress.com/item/1005008924367523.html,https://ae-pic-a1.aliexpress-media.com/kf/Sc19a9641311c4f79af4866169e078451K.jpg_350x350.jpg,https://ae01.alicdn.com/kf/Sb6a0486896c44dd8b19b117646c39e36J/116x64.png|https://ae01.alicdn.com/kf/Sc19a9641311c4f79af4866169e078451K.jpg|https://ae01.alicdn.com/kf/S37c8f08c74684ecbaa90c7267a06a8697.jpg|https://ae01.alicdn.com/kf/S9248e945e71241f1b8e3fc84255734f8r.jpg,,,,,86 sold,,,86 sold,Free,,,https://www.aliexpress.com/store/1104741319/pages/all-items.html?spm=a2g0o.store_pc_home.pcShopHead_2012107242900.99&sortType=orders_desc&shop_sortType=orders_desc&SortType=total_tranpro_desc,,
1005009370515575,1/24 Scale 80mm Die-Cast Resin Figure Model Kit Dungeon Rock Fire Hobby Miniature Toys Unassembled Unpainted DIY Diorama,$24.62,,,https://www.aliexpress.com/item/1005009370515575.html,https://ae-pic-a1.aliexpress-media.com/kf/S597e778169b44de3b4c5d1c810cc11a6r.jpg_350x350.jpg,https://ae01.alicdn.com/kf/Sb6a0486896c44dd8b19b117646c39e36J/116x64.png|https://ae01.alicdn.com/kf/S597e778169b44de3b4c5d1c810cc11a6r.jpg|https://ae01.alicdn.com/kf/Se3bdcc128ca24d2dbfcbcb92c5ea83c5A.jpg|https://ae01.alicdn.com/kf/Sdfdfd3217f9b41248f6465f35b611e61V.jpg|https://ae01.alicdn.com/kf/S10384435729d495ebeb5103dc8cfc541N.jpg,,,,,85 sold,,,85 sold,Free,,,https://www.aliexpress.com/store/1104741319/pages/all-items.html?spm=a2g0o.store_pc_home.pcShopHead_2012107242900.99&sortType=orders_desc&shop_sortType=orders_desc&SortType=total_tranpro_desc,,
1005008968192103,Resin Figure Assembled Model Kit War Game Chess Sub Armed Forces Hobby Miniature Toys Unassembled Unpainted DIY Diorama,$12.67,,,https://www.aliexpress.com/item/1005008968192103.html,https://ae-pic-a1.aliexpress-media.com/kf/S963be255a0db498c82fc1e7b0c2ac4904.jpg_350x350.jpg,https://ae01.alicdn.com/kf/Sb6a0486896c44dd8b19b117646c39e36J/116x64.png|https://ae01.alicdn.com/kf/S963be255a0db498c82fc1e7b0c2ac4904.jpg,,,,,85 sold,,,85 sold,Free,,,https://www.aliexpress.com/store/1104741319/pages/all-items.html?spm=a2g0o.store_pc_home.pcShopHead_2012107242900.99&sortType=orders_desc&shop_sortType=orders_desc&SortType=total_tranpro_desc,,
1005010461372640,1/24 Scale 75mm Die-Cast Resin Figure Model Kit US Colonial Militia (2 Heads) Miniature Toys Unassembled Unpainted DIY Diorama,$13.24,,,https://www.aliexpress.com/item/1005010461372640.html,https://ae-pic-a1.aliexpress-media.com/kf/Sd431c19a90234c4dad5a9c742209e1a0H.jpg_350x350.jpg,https://ae01.alicdn.com/kf/Sb6a0486896c44dd8b19b117646c39e36J/116x64.png|https://ae01.alicdn.com/kf/Sd431c19a90234c4dad5a9c742209e1a0H.jpg|https://ae01.alicdn.com/kf/S74f4e4f4c428458b9455ca7a95d5dc150.jpg|https://ae01.alicdn.com/kf/S006f74f7b655403db9fc8e258b485574d.jpg|https://ae01.alicdn.com/kf/Sf3d38cdd7fab45cfb0599d410268962cJ.jpg|https://ae01.alicdn.com/kf/S14391508f72c43ee8b3305100fe3e956j.jpg|https://ae01.alicdn.com/kf/Sa8f69dc58be3450bb4479752876a2ea4Y.jpg,,,,,84 sold,,,84 sold,Free,,,https://www.aliexpress.com/store/1104741319/pages/all-items.html?spm=a2g0o.store_pc_home.pcShopHead_2012107242900.99&sortType=orders_desc&shop_sortType=orders_desc&SortType=total_tranpro_desc,,
1005009740496887,1/24 Scale Die-Cast Resin Figure Model Kit Pirate Playing The Violin Hobby Miniature Toys Unassembled and Unpainted DIY Diorama,$13.86,,,https://www.aliexpress.com/item/1005009740496887.html,https://ae-pic-a1.aliexpress-media.com/kf/Sd11998267aef4856885fd331f7f36bd0i.jpg_350x350.jpg,https://ae01.alicdn.com/kf/Sd11998267aef4856885fd331f7f36bd0i.jpg|https://ae01.alicdn.com/kf/S7a83f2806927492f8b2051a1d6b961bfe.jpg|https://ae01.alicdn.com/kf/S01f40d1d56a944feb55ef52b1f867701n.jpg|https://ae01.alicdn.com/kf/Sc1da6d49dca8413ab277a59b7e6331e13.jpg|https://ae01.alicdn.com/kf/S6f5c7fe376bd4f16a31dc7ce5b6172a7T.jpg,,,,,84 sold,,,84 sold,Free,,,https://www.aliexpress.com/store/1104741319/pages/all-items.html?spm=a2g0o.store_pc_home.pcShopHead_2012107242900.99&sortType=orders_desc&shop_sortType=orders_desc&SortType=total_tranpro_desc,,
1005009952112892,1/24 Scale 75mm Die-Cast Resin Figure Model Kit Ancient British Artilleryman Hobby Miniature Toys Unassembled Unpainted Diorama,$12.49,,,https://www.aliexpress.com/item/1005009952112892.html,https://ae-pic-a1.aliexpress-media.com/kf/S39d3c69db2e54f6290d3e528b6a691c66.jpg_350x350.jpg,https://ae01.alicdn.com/kf/S39d3c69db2e54f6290d3e528b6a691c66.jpg|https://ae01.alicdn.com/kf/Sc459778af837427c9ec9693e26095d9eK.jpg,,,,,83 sold,,,83 sold,Free,,,https://www.aliexpress.com/store/1104741319/pages/all-items.html?spm=a2g0o.store_pc_home.pcShopHead_2012107242900.99&sortType=orders_desc&shop_sortType=orders_desc&SortType=total_tranpro_desc,,
1005010038617143,1/12 Scale Die-Cast Resin Bust Model Kit Grandma Turtle Shell Statue Unassembled and Unpainted,$13.11,,,https://www.aliexpress.com/item/1005010038617143.html,https://ae-pic-a1.aliexpress-media.com/kf/S9ca28696068d464e8afbe002697ab26dN.jpg_350x350.jpg,https://ae01.alicdn.com/kf/Sb6a0486896c44dd8b19b117646c39e36J/116x64.png|https://ae01.alicdn.com/kf/S9ca28696068d464e8afbe002697ab26dN.jpg|https://ae01.alicdn.com/kf/S00d27201d7c54508a4442cc2e9be6124W.jpg|https://ae01.alicdn.com/kf/S5e40fcf9203148db8ccbe787f8079d55C.jpg|https://ae01.alicdn.com/kf/S00b5334cf6c342e8b416ae6dfec0bc74V.jpg|https://ae01.alicdn.com/kf/Sb069daf484d0438cb0cc0c1bfb45fd038.jpg,,,,,81 sold,,,81 sold,Free,,,https://www.aliexpress.com/store/1104741319/pages/all-items.html?spm=a2g0o.store_pc_home.pcShopHead_2012107242900.99&sortType=orders_desc&shop_sortType=orders_desc&SortType=total_tranpro_desc,,
1005009952217033,1/24 Scale 75mm Die-Cast Resin Figure Model Kit Ancient Guard Grenadier Hobby Miniature Toys Unassembled Unpainted DIY Diorama,$12.49,,,https://www.aliexpress.com/item/1005009952217033.html,https://ae-pic-a1.aliexpress-media.com/kf/S94bff0aba6204547a1672ce2e24ba00aC.jpg_350x350.jpg,https://ae01.alicdn.com/kf/Sb6a0486896c44dd8b19b117646c39e36J/116x64.png|https://ae01.alicdn.com/kf/S94bff0aba6204547a1672ce2e24ba00aC.jpg|https://ae01.alicdn.com/kf/S00a80d8a01e24816a4634ca42d9c44a7y.jpg,,,,,81 sold,,,81 sold,Free,,,https://www.aliexpress.com/store/1104741319/pages/all-items.html?spm=a2g0o.store_pc_home.pcShopHead_2012107242900.99&sortType=orders_desc&shop_sortType=orders_desc&SortType=total_tranpro_desc,,
1005008968291939,Resin Figure Assembled Model Kit War Game Chess Sub Fireteam Group Hobby Miniature Toys Unassembled Unpainted DIY Diorama,$13.40,,,https://www.aliexpress.com/item/1005008968291939.html,https://ae-pic-a1.aliexpress-media.com/kf/S177cbd0b95644c9a9833c171b3eb373dq.jpg_350x350.jpg,https://ae01.alicdn.com/kf/Sb6a0486896c44dd8b19b117646c39e36J/116x64.png|https://ae01.alicdn.com/kf/S177cbd0b95644c9a9833c171b3eb373dq.jpg,,,,,79 sold,,,79 sold,Free,,,https://www.aliexpress.com/store/1104741319/pages/all-items.html?spm=a2g0o.store_pc_home.pcShopHead_2012107242900.99&sortType=orders_desc&shop_sortType=orders_desc&SortType=total_tranpro_desc,,
1005009283992835,1/35 Scale Die-Cast Resin Model Assembled Kit WWII German Radio Set Scene Model Unassembled and Unpainted No Etched Sheet,$10.27,,,https://www.aliexpress.com/item/1005009283992835.html,https://ae-pic-a1.aliexpress-media.com/kf/Sff8f1686c1aa4e74a6403ea6266ab8a5e.jpg_350x350.jpg,https://ae01.alicdn.com/kf/Sb6a0486896c44dd8b19b117646c39e36J/116x64.png|https://ae01.alicdn.com/kf/Sff8f1686c1aa4e74a6403ea6266ab8a5e.jpg|https://ae01.alicdn.com/kf/Sef2fc195b0e4454794e5c60c1a2160b8z.jpg|https://ae01.alicdn.com/kf/S6696f6eb298b49c5b284b547c20500c1e.jpg,,,,,77 sold,,,77 sold,Free,,,https://www.aliexpress.com/store/1104741319/pages/all-items.html?spm=a2g0o.store_pc_home.pcShopHead_2012107242900.99&sortType=orders_desc&shop_sortType=orders_desc&SortType=total_tranpro_desc,,
1005008924044546,1/16 Scale Die-Cast Resin Figure Model Kit 1945 Soviet Soldier Single Person Unassembled and Unpainted,$15.11,,,https://www.aliexpress.com/item/1005008924044546.html,https://ae-pic-a1.aliexpress-media.com/kf/S952f8107d5e74a6a8ade44eab72cc767b.jpg_350x350.jpg,https://ae01.alicdn.com/kf/S952f8107d5e74a6a8ade44eab72cc767b.jpg|https://ae01.alicdn.com/kf/S8aaceee9aa744475bfb017940b60cb1cz.jpg|https://ae01.alicdn.com/kf/Sf78f294a8700497d9ee4e356f2cb73e75.jpg|https://ae01.alicdn.com/kf/Sa1969956230d49ab87118fddddb7b3c6m.jpg|https://ae01.alicdn.com/kf/S13268b968b5b490db791bf6d115e5b75R.jpg,,,,,77 sold,,,77 sold,Free,,,https://www.aliexpress.com/store/1104741319/pages/all-items.html?spm=a2g0o.store_pc_home.pcShopHead_2012107242900.99&sortType=orders_desc&shop_sortType=orders_desc&SortType=total_tranpro_desc,,
1005009161764838,1/24 Scale DieCast Resin Figure Model Kit Merit Specialists Snake Plissken Hobby Miniature Toy Unassembled Unpainted DIY Diorama,$13.04,,,https://www.aliexpress.com/item/1005009161764838.html,https://ae-pic-a1.aliexpress-media.com/kf/S47f8c70524bd4cd884c5c5bc2f0385b4v.jpg_350x350.jpg,https://ae01.alicdn.com/kf/Sb6a0486896c44dd8b19b117646c39e36J/116x64.png|https://ae01.alicdn.com/kf/S47f8c70524bd4cd884c5c5bc2f0385b4v.jpg|https://ae01.alicdn.com/kf/S27ec268bab0547fd9362bf016d8b39e6x.jpg|https://ae01.alicdn.com/kf/Se53462ce90154b97b01a4470bcf2d63b9.jpg|https://ae01.alicdn.com/kf/S72d1944424e54394ab149a44b48893b2o.jpg,,,,,76 sold,,,76 sold,Free,,,https://www.aliexpress.com/store/1104741319/pages/all-items.html?spm=a2g0o.store_pc_home.pcShopHead_2012107242900.99&sortType=orders_desc&shop_sortType=orders_desc&SortType=total_tranpro_desc,,
1005009001080015,1/32 Scale Die-Cast Resin Figure Model Kit WWII Bomber Crews 7 Figures & Accessories Unassembled and Unpainted,$19.87,,,https://www.aliexpress.com/item/1005009001080015.html,https://ae-pic-a1.aliexpress-media.com/kf/S7e18944d7687492a9ce2bd1273d58673W.jpg_350x350.jpg,https://ae01.alicdn.com/kf/S7e18944d7687492a9ce2bd1273d58673W.jpg|https://ae01.alicdn.com/kf/S1f99e989366e4b7ea7813f3da7944ab9e.jpg,,,,,76 sold,,,76 sold,,,,https://www.aliexpress.com/store/1104741319/pages/all-items.html?spm=a2g0o.store_pc_home.pcShopHead_2012107242900.99&sortType=orders_desc&shop_sortType=orders_desc&SortType=total_tranpro_desc,,
1005009381881173,1/24 Scale Die-Cast Resin Figure Model Kit Anime Super Hero Barbarian Hobby Miniature Toys Unassembled Unpainted DIY Diorama,$11.36,,,https://www.aliexpress.com/item/1005009381881173.html,https://ae-pic-a1.aliexpress-media.com/kf/S2521401bc4004ee083c975fdca9ccf82g.jpg_350x350.jpg,https://ae01.alicdn.com/kf/S2521401bc4004ee083c975fdca9ccf82g.jpg|https://ae01.alicdn.com/kf/Sfcdc23069fa54988bb993e7dd53581d0B.jpg|https://ae01.alicdn.com/kf/Sc9bcaf0df5f04f7c81679320c7d812bdQ.jpg|https://ae01.alicdn.com/kf/Se588bbd72050459ba6fbadee7576a7a0Q.jpg,,,,,74 sold,,,74 sold,,,,https://www.aliexpress.com/store/1104741319/pages/all-items.html?spm=a2g0o.store_pc_home.pcShopHead_2012107242900.99&sortType=orders_desc&shop_sortType=orders_desc&SortType=total_tranpro_desc,,
1005008975323670,Resin Figure Assembled Model Kit War Game Chess Sub Aggression Forces Hobby Miniature Toys Unassembled Unpainted DIY Diorama,$12.67,,,https://www.aliexpress.com/item/1005008975323670.html,https://ae-pic-a1.aliexpress-media.com/kf/S03322eaef3f740c5a8aa9d42b2f72699d.jpg_350x350.jpg,https://ae01.alicdn.com/kf/S03322eaef3f740c5a8aa9d42b2f72699d.jpg,,,,,74 sold,,,74 sold,,,,https://www.aliexpress.com/store/1104741319/pages/all-items.html?spm=a2g0o.store_pc_home.pcShopHead_2012107242900.99&sortType=orders_desc&shop_sortType=orders_desc&SortType=total_tranpro_desc,,
1005008887002808,1/10 Scale Die-Cast Resin Bust Model Kit Teutonic Knight Statue Unassembled and Unpainted,$16.10,,,https://www.aliexpress.com/item/1005008887002808.html,https://ae-pic-a1.aliexpress-media.com/kf/S9c1e113df4504653addbbd380fd570d2O.jpg_350x350.jpg,https://ae01.alicdn.com/kf/S9c1e113df4504653addbbd380fd570d2O.jpg|https://ae01.alicdn.com/kf/S723b019e713c4cfc9e634d5a3a7ee014k.jpg,,,,,74 sold,,,74 sold,,,,https://www.aliexpress.com/store/1104741319/pages/all-items.html?spm=a2g0o.store_pc_home.pcShopHead_2012107242900.99&sortType=orders_desc&shop_sortType=orders_desc&SortType=total_tranpro_desc,,
1005008882948646,1/35 Scale Die-Cast Resin Figure Model Kit Guitarist and Hippie Girl 2 Figures Unassembled and Unpainted,$8.46,,,https://www.aliexpress.com/item/1005008882948646.html,https://ae-pic-a1.aliexpress-media.com/kf/S73e5bec7145245e192395b6d9b581772A.jpg_350x350.jpg,https://ae01.alicdn.com/kf/S73e5bec7145245e192395b6d9b581772A.jpg|https://ae01.alicdn.com/kf/S34487dfa63ef4d25b2a42e48cc5cc4c1Y.jpg,,,,,74 sold,,,74 sold,,,,https://www.aliexpress.com/store/1104741319/pages/all-items.html?spm=a2g0o.store_pc_home.pcShopHead_2012107242900.99&sortType=orders_desc&shop_sortType=orders_desc&SortType=total_tranpro_desc,,
1005009998915407,1/35 Scale Die-Cast Resin Model Assembled Kit Military Armored Vehicle Ammunition Box (8pcs) Scene Model Unassembled Unpainted,$6.89,,,https://www.aliexpress.com/item/1005009998915407.html,https://ae-pic-a1.aliexpress-media.com/kf/S367a0925dec141d89db139140bd0a5c58.jpg_350x350.jpg,https://ae01.alicdn.com/kf/S367a0925dec141d89db139140bd0a5c58.jpg|https://ae01.alicdn.com/kf/S49eb0a8277c949ae92655ff74cc2bb3bl.jpg|https://ae01.alicdn.com/kf/S48d539b613bd4243af666927bfb95beaA.jpg,,,,,73 sold,,,73 sold,,,,https://www.aliexpress.com/store/1104741319/pages/all-items.html?spm=a2g0o.store_pc_home.pcShopHead_2012107242900.99&sortType=orders_desc&shop_sortType=orders_desc&SortType=total_tranpro_desc,,
1005010624193203,1/16 Scale Resin Die-Cast Figure Model Kit Poteau Ambush Battle Panzergrenadier Unassembled and Unpainted,$16.36,,,https://www.aliexpress.com/item/1005010624193203.html,https://ae-pic-a1.aliexpress-media.com/kf/S4c297b941ac94f9fb5d620f1fd7ed8b3e.jpg_350x350.jpg,https://ae01.alicdn.com/kf/S4c297b941ac94f9fb5d620f1fd7ed8b3e.jpg|https://ae01.alicdn.com/kf/S0c25a9eee93e43dcb2b3af909243f11dM.jpg|https://ae01.alicdn.com/kf/S5f58ef4d0ba244aeac4271b606f30882j.jpg|https://ae01.alicdn.com/kf/Se64f28f92861483596c913ebd070cf43d.jpg|https://ae01.alicdn.com/kf/Sa688c7633b14456bb6f710d6f9fee3a9q.jpg|https://ae01.alicdn.com/kf/Sf97848ec2d3f45cfa43a117bb6b3bfddz.jpg,,,,,71 sold,,,71 sold,,,,https://www.aliexpress.com/store/1104741319/pages/all-items.html?spm=a2g0o.store_pc_home.pcShopHead_2012107242900.99&sortType=orders_desc&shop_sortType=orders_desc&SortType=total_tranpro_desc,,
1005009020036346,1/10 Scale Die-Cast Resin Bust Model Kit Poteau Ambush Squad Leader Statue Unassembled and Unpainted,$17.06,,,https://www.aliexpress.com/item/1005009020036346.html,https://ae-pic-a1.aliexpress-media.com/kf/S001d451ddfd742af81998083dd78006f1.jpg_350x350.jpg,https://ae01.alicdn.com/kf/S001d451ddfd742af81998083dd78006f1.jpg|https://ae01.alicdn.com/kf/S673237c0c98947108ebf42ec616fcf2cL.jpg|https://ae01.alicdn.com/kf/S6b9d475697f640b88b3f5f589c1ce1d44.jpg|https://ae01.alicdn.com/kf/S5899cfc727c74b8590c34782ffacbd05W.jpg,,,,,71 sold,,,71 sold,,,,https://www.aliexpress.com/store/1104741319/pages/all-items.html?spm=a2g0o.store_pc_home.pcShopHead_2012107242900.99&sortType=orders_desc&shop_sortType=orders_desc&SortType=total_tranpro_desc,,
1005010455947055,1/24 Scale 75mm Die-Cast Resin Figure Model Kit Ancient British Army Officer Miniature Toys Unassembled Unpainted DIY Diorama,$12.49,,,https://www.aliexpress.com/item/1005010455947055.html,https://ae-pic-a1.aliexpress-media.com/kf/S9ceaa0aae722474a82dd48f3cb8f8b14r.jpg_350x350.jpg,https://ae01.alicdn.com/kf/S9ceaa0aae722474a82dd48f3cb8f8b14r.jpg|https://ae01.alicdn.com/kf/S4386454f07e74512b4b21a88b41c4d6dT.jpg|https://ae01.alicdn.com/kf/Sb6757aa94bbe4a96967cac635f5fcf2fS.jpg|https://ae01.alicdn.com/kf/S2a8045bae52b4c8b8be67eab363b1ae8A.jpg|https://ae01.alicdn.com/kf/S7567e6de336146e38dd07f138714a541v.jpg|https://ae01.alicdn.com/kf/Sbc5888f1695f4042aafdea5dd9c1f20fM.jpg,,,,,70 sold,,,70 sold,,,,https://www.aliexpress.com/store/1104741319/pages/all-items.html?spm=a2g0o.store_pc_home.pcShopHead_2012107242900.99&sortType=orders_desc&shop_sortType=orders_desc&SortType=total_tranpro_desc,,
1005009373300228,1/24 Scale DieCast Resin Figure Model Kit Cowboy Adventurer Indiana Jones Hobby Miniature Toys Unassembled Unpainted DIY Diorama,$11.40,,,https://www.aliexpress.com/item/1005009373300228.html,https://ae-pic-a1.aliexpress-media.com/kf/Sfcf6bdb62c544eb5a8957b34c150b780e.jpg_350x350.jpg,https://ae01.alicdn.com/kf/Sfcf6bdb62c544eb5a8957b34c150b780e.jpg|https://ae01.alicdn.com/kf/Sfa20c5b499fa434489689a637b596aeeR.jpg|https://ae01.alicdn.com/kf/S4d1850ceb7f7479dab716898a6b32cb9r.jpg,,,,,70 sold,,,70 sold,,,,https://www.aliexpress.com/store/1104741319/pages/all-items.html?spm=a2g0o.store_pc_home.pcShopHead_2012107242900.99&sortType=orders_desc&shop_sortType=orders_desc&SortType=total_tranpro_desc,,
1005010074266670,1/35 Scale Die-Cast Resin Model Assembled Kit M51 Sherman Tank Stowage Set (No Tank) Unassembled and Unpainted,$12.74,,,https://www.aliexpress.com/item/1005010074266670.html,https://ae-pic-a1.aliexpress-media.com/kf/S97f619ed751d40e1bdc6e065a140792ap.jpg_350x350.jpg,https://ae01.alicdn.com/kf/S97f619ed751d40e1bdc6e065a140792ap.jpg|https://ae01.alicdn.com/kf/Sa6a9de693eae4237aef643c0cbbf92bdj.jpg|https://ae01.alicdn.com/kf/S115b11c49eb24be8b3782d3fba490984m.jpg,,,,,69 sold,,,69 sold,,,,https://www.aliexpress.com/store/1104741319/pages/all-items.html?spm=a2g0o.store_pc_home.pcShopHead_2012107242900.99&sortType=orders_desc&shop_sortType=orders_desc&SortType=total_tranpro_desc,,
1005009369789939,1/24 Scale 80mm Die-Cast Resin Figure Model Kit Casual Beauty Tease Cat Hobby Miniature Toys Unassembled Unpainted DIY Diorama,$13.46,,,https://www.aliexpress.com/item/1005009369789939.html,https://ae-pic-a1.aliexpress-media.com/kf/Sfb55e7a2854c434299a1e74c5bff8356Z.jpg_350x350.jpg,https://ae01.alicdn.com/kf/Sfb55e7a2854c434299a1e74c5bff8356Z.jpg|https://ae01.alicdn.com/kf/S8d7829abddf540fdacdba4ae7077be66c.jpg|https://ae01.alicdn.com/kf/S2ea0b879fb544250b09014eb183b5747O.jpg,,,,,69 sold,,,69 sold,,,,https://www.aliexpress.com/store/1104741319/pages/all-items.html?spm=a2g0o.store_pc_home.pcShopHead_2012107242900.99&sortType=orders_desc&shop_sortType=orders_desc&SortType=total_tranpro_desc,,
1005009982037780,1/20 Scale 90mm Die-Cast Resin Model Kit Ancient Battle of Zama Hobby Miniature Toys 2 Figures Unassembled Unpainted DIY Diorama,$26.61,,,https://www.aliexpress.com/item/1005009982037780.html,https://ae-pic-a1.aliexpress-media.com/kf/S30ec6072a7ee4412b92da641cef82979s.jpg_350x350.jpg,https://ae01.alicdn.com/kf/S30ec6072a7ee4412b92da641cef82979s.jpg|https://ae01.alicdn.com/kf/S59ebc27b9e704287af6625843dbe508f1.jpg,,,,,68 sold,,,68 sold,,,,https://www.aliexpress.com/store/1104741319/pages/all-items.html?spm=a2g0o.store_pc_home.pcShopHead_2012107242900.99&sortType=orders_desc&shop_sortType=orders_desc&SortType=total_tranpro_desc,,
1005010755440973,1/35 Scale Die-Cast Resin Figure Model Kit Soldiers Landing 5 Figures & Landing Craft (No Base and Rope) Unassembled Unpainted,$31.11,,,https://www.aliexpress.com/item/1005010755440973.html,https://ae-pic-a1.aliexpress-media.com/kf/S9090b221626c445c8f79bfe752f8fb96g.jpg_350x350.jpg,https://ae01.alicdn.com/kf/S9090b221626c445c8f79bfe752f8fb96g.jpg|https://ae01.alicdn.com/kf/S2d2f1911a3c7435cbdefcbb03be37d6ae.jpg|https://ae01.alicdn.com/kf/S7451da6e243b4a58ba14642cba7e43b7e.jpg|https://ae01.alicdn.com/kf/S11dd4ed5984f4bd7b691b8bed38b4edcr.jpg|https://ae01.alicdn.com/kf/S7362e309429d44f397d463268ee4ca76q.jpg|https://ae01.alicdn.com/kf/Sb43509fe83df4c7e889fbcbd9ea7cf6fW.jpg,,,,,67 sold,,,67 sold,,,,https://www.aliexpress.com/store/1104741319/pages/all-items.html?spm=a2g0o.store_pc_home.pcShopHead_2012107242900.99&sortType=orders_desc&shop_sortType=orders_desc&SortType=total_tranpro_desc,,
1005010753516513,1/12 Scale Die-Cast Resin Bust Model Kit Kind Old Carpenter Statue Unassembled and Unpainted,$13.11,,,https://www.aliexpress.com/item/1005010753516513.html,https://ae-pic-a1.aliexpress-media.com/kf/Scdd246fbfe244f73aa13c38b46c34089E.jpg_350x350.jpg,https://ae01.alicdn.com/kf/Scdd246fbfe244f73aa13c38b46c34089E.jpg|https://ae01.alicdn.com/kf/S7066005e35624b3182668f18a686c151R.jpg|https://ae01.alicdn.com/kf/S9caa4c70e31340dca2dc2402d39c4ae3w.jpg|https://ae01.alicdn.com/kf/Sd6b008605b1a42b283325031b27aa1c7x.jpg|https://ae01.alicdn.com/kf/S5a7b2f2a60934ddb94812ba39d43643dA.jpg,,,,,66 sold,,,66 sold,,,,https://www.aliexpress.com/store/1104741319/pages/all-items.html?spm=a2g0o.store_pc_home.pcShopHead_2012107242900.99&sortType=orders_desc&shop_sortType=orders_desc&SortType=total_tranpro_desc,,
1005010111071072,1/35 Scale Die-Cast Resin Model Assembled Kit Sd.kfz.251 C Accessories Set (No Tank) Unassembled and Unpainted,$11.03,,,https://www.aliexpress.com/item/1005010111071072.html,https://ae-pic-a1.aliexpress-media.com/kf/S367c25663d344d7bb2b376e276c538f6k.jpg_350x350.jpg,https://ae01.alicdn.com/kf/S367c25663d344d7bb2b376e276c538f6k.jpg|https://ae01.alicdn.com/kf/Sa08a37c0945549cba7fd80d9faee9b6cZ.jpg|https://ae01.alicdn.com/kf/S963103e1f54f45c5aef0c1402bb95076s.jpg,,,,,66 sold,,,66 sold,,,,https://www.aliexpress.com/store/1104741319/pages/all-items.html?spm=a2g0o.store_pc_home.pcShopHead_2012107242900.99&sortType=orders_desc&shop_sortType=orders_desc&SortType=total_tranpro_desc,,
1005009918444594,1/72 Scale Die-Cast Resin Model Assembled Kit Food Supplies Accessories Set Unassembled and Unpainted,$8.54,,,https://www.aliexpress.com/item/1005009918444594.html,https://ae-pic-a1.aliexpress-media.com/kf/S56f479a0b9074520a09360765523d66bL.jpg_350x350.jpg,https://ae01.alicdn.com/kf/S56f479a0b9074520a09360765523d66bL.jpg|https://ae01.alicdn.com/kf/Seb363fe58cdc4cd88fa3d07a68563031i.jpg,,,,,66 sold,,,66 sold,,,,https://www.aliexpress.com/store/1104741319/pages/all-items.html?spm=a2g0o.store_pc_home.pcShopHead_2012107242900.99&sortType=orders_desc&shop_sortType=orders_desc&SortType=total_tranpro_desc,,
1005009900454457,1/35 Scale Die-Cast Resin Figure Model Kit Nord Africa 1941-42 Armored Vehicle Crew 5 Figures (No Vehicle) Unassembled Unpainted,$13.11,,,https://www.aliexpress.com/item/1005009900454457.html,https://ae-pic-a1.aliexpress-media.com/kf/S0fbe6cecd37e464ba9a51e87458fc912D.jpg_350x350.jpg,https://ae01.alicdn.com/kf/S0fbe6cecd37e464ba9a51e87458fc912D.jpg|https://ae01.alicdn.com/kf/Sca80987d66fc423b803692448aeb3257j.jpg,,,,,66 sold,,,66 sold,,,,https://www.aliexpress.com/store/1104741319/pages/all-items.html?spm=a2g0o.store_pc_home.pcShopHead_2012107242900.99&sortType=orders_desc&shop_sortType=orders_desc&SortType=total_tranpro_desc,,
1005010074676868,1/35 Scale Die-Cast Resin Model Assembled Kit Panther Vehicle Stowage Set (No Car) Unassembled and Unpainted,$12.86,,,https://www.aliexpress.com/item/1005010074676868.html,https://ae-pic-a1.aliexpress-media.com/kf/Sb0c5b5f2258c48c79fa3b4624725c2e4p.jpg_350x350.jpg,https://ae01.alicdn.com/kf/Sb0c5b5f2258c48c79fa3b4624725c2e4p.jpg|https://ae01.alicdn.com/kf/Sf57fdabfafde4d76a7f81d7b5b81e252a.jpg|https://ae01.alicdn.com/kf/S8a918d6c1244426da8c7090f19244ab64.jpg,,,,,64 sold,,,64 sold,,,,https://www.aliexpress.com/store/1104741319/pages/all-items.html?spm=a2g0o.store_pc_home.pcShopHead_2012107242900.99&sortType=orders_desc&shop_sortType=orders_desc&SortType=total_tranpro_desc,,
1005010744553839,1/32 Scale 54mm DieCast Resin Figure Model Kit Native Americans Man and Girl Miniature Toys Unassembled Unpainted DIY Diorama,$13.11,,,https://www.aliexpress.com/item/1005010744553839.html,https://ae-pic-a1.aliexpress-media.com/kf/Sa794b1c19cc24c91b6b869e49990c1d3N.jpg_350x350.jpg,https://ae01.alicdn.com/kf/Sa794b1c19cc24c91b6b869e49990c1d3N.jpg|https://ae01.alicdn.com/kf/S7977d97349da44d087cd01a3e7ac93beq.jpg|https://ae01.alicdn.com/kf/S8e56d53519c645f98015752bbf93dd42d.jpg|https://ae01.alicdn.com/kf/Sbecf7bf963d746a1a0f5378e7e36e29bg.jpg,,,,,63 sold,,,63 sold,,,,https://www.aliexpress.com/store/1104741319/pages/all-items.html?spm=a2g0o.store_pc_home.pcShopHead_2012107242900.99&sortType=orders_desc&shop_sortType=orders_desc&SortType=total_tranpro_desc,,
1005010557549794,1/35 Scale Die-Cast Resin Figure Model Kit German Infantry Set 2 Figures (2 Heads Each) Unassembled and Unpainted,$9.99,,,https://www.aliexpress.com/item/1005010557549794.html,https://ae-pic-a1.aliexpress-media.com/kf/Sf5e95507d7d94e10b29d78da7ea7496f7.jpg_350x350.jpg,https://ae01.alicdn.com/kf/Sf5e95507d7d94e10b29d78da7ea7496f7.jpg|https://ae01.alicdn.com/kf/S61a309de2fc4415fae2f7a5fe605e05cN.jpg|https://ae01.alicdn.com/kf/S9341449c07754c11abcb15c20cff8d18v.jpg,,,,,63 sold,,,63 sold,,,,https://www.aliexpress.com/store/1104741319/pages/all-items.html?spm=a2g0o.store_pc_home.pcShopHead_2012107242900.99&sortType=orders_desc&shop_sortType=orders_desc&SortType=total_tranpro_desc,,
1005009840740392,1/35 Scale Die-Cast Resin Model Assembled Kit Tiger Tank Accessories Set (No Tank) Unassembled and Unpainted,$11.36,,,https://www.aliexpress.com/item/1005009840740392.html,https://ae-pic-a1.aliexpress-media.com/kf/S9e66f62693ff4714835da07c497e38d2A.jpg_350x350.jpg,https://ae01.alicdn.com/kf/S9e66f62693ff4714835da07c497e38d2A.jpg|https://ae01.alicdn.com/kf/S800fe7d6219347caa1ae88ead2fec29cV.jpg|https://ae01.alicdn.com/kf/Sece7abbb2be24e98977107976c432631K.jpg,,,,,63 sold,,,63 sold,,,,https://www.aliexpress.com/store/1104741319/pages/all-items.html?spm=a2g0o.store_pc_home.pcShopHead_2012107242900.99&sortType=orders_desc&shop_sortType=orders_desc&SortType=total_tranpro_desc,,
1005009963234743,1/20 Scale 90mm Die-Cast Resin Figure Model Kit Ancient Brother Knight Hobby Miniature Toys Unassembled Unpainted DIY Diorama,$30.36,,,https://www.aliexpress.com/item/1005009963234743.html,https://ae-pic-a1.aliexpress-media.com/kf/S45b83ca977774c20a20d616deaddf06dD.jpg_350x350.jpg,https://ae01.alicdn.com/kf/S45b83ca977774c20a20d616deaddf06dD.jpg|https://ae01.alicdn.com/kf/S41bd7b0f62eb485e87ecb4f59a3273c1g.jpg|https://ae01.alicdn.com/kf/S8b4a82019ccb42789313dc3496f50e223.jpg|https://ae01.alicdn.com/kf/S63b2a8ced63b484b940010c9adfa4b7eK.jpg,,,,,62 sold,,,62 sold,,,,https://www.aliexpress.com/store/1104741319/pages/all-items.html?spm=a2g0o.store_pc_home.pcShopHead_2012107242900.99&sortType=orders_desc&shop_sortType=orders_desc&SortType=total_tranpro_desc,,
1005009895465481,1/16 Scale Die-Cast Resin Figure Model Kit German Half Track Gunner Unassembled and Unpainted,$14.49,,,https://www.aliexpress.com/item/1005009895465481.html,https://ae-pic-a1.aliexpress-media.com/kf/S095e3e61107a4fc4a57e964a1c785989d.jpg_350x350.jpg,https://ae01.alicdn.com/kf/Sb6a0486896c44dd8b19b117646c39e36J/116x64.png|https://ae01.alicdn.com/kf/S095e3e61107a4fc4a57e964a1c785989d.jpg|https://ae01.alicdn.com/kf/S74feadc73d2540b68764f88634ef6a5bB.jpg|https://ae01.alicdn.com/kf/S193b775758d1443c9bae5e20cd064667g.jpg|https://ae01.alicdn.com/kf/Sdc6e2e92e3c342c082f0d8c4249e99dec.jpg|https://ae01.alicdn.com/kf/Sc7047dd228a14fa3ac8ef25e9646c4c8j.jpg,,,,,61 sold,,,61 sold,Free,,,https://www.aliexpress.com/store/1104741319/pages/all-items.html?spm=a2g0o.store_pc_home.pcShopHead_2012107242900.99&sortType=orders_desc&shop_sortType=orders_desc&SortType=total_tranpro_desc,,
1005009285431617,1/35 Scale DieCast Resin Model Assembled Kit WWII Germany Ammunition & Medical Aid Containers Scene Model Unassembled Unpainted,$10.27,,,https://www.aliexpress.com/item/1005009285431617.html,https://ae-pic-a1.aliexpress-media.com/kf/Sb7512271145244799da04abe1a841b9d0.jpg_350x350.jpg,https://ae01.alicdn.com/kf/Sb6a0486896c44dd8b19b117646c39e36J/116x64.png|https://ae01.alicdn.com/kf/S1887a285b60743859ac7bdbfca5e0896Z/154x64.png|https://ae01.alicdn.com/kf/Sb7512271145244799da04abe1a841b9d0.jpg|https://ae01.alicdn.com/kf/S0befb582dc2746a3898efa354e9e9a9eI.jpg|https://ae01.alicdn.com/kf/S44778db5c7a2486eb2b5364320276b02h.jpg,,,,,60 sold,,,60 sold,Free,,,https://www.aliexpress.com/store/1104741319/pages/all-items.html?spm=a2g0o.store_pc_home.pcShopHead_2012107242900.99&sortType=orders_desc&shop_sortType=orders_desc&SortType=total_tranpro_desc,,
1005010652138808,1/10 Scale Die-Cast Resin Bust Model Kit Wild West Cowboy Man Statue Unassembled and Unpainted,$16.99,,,https://www.aliexpress.com/item/1005010652138808.html,https://ae-pic-a1.aliexpress-media.com/kf/S3b95fd491fb64edcb7ab94686be4d149h.jpg_350x350.jpg,https://ae01.alicdn.com/kf/Sb6a0486896c44dd8b19b117646c39e36J/116x64.png|https://ae01.alicdn.com/kf/S3b95fd491fb64edcb7ab94686be4d149h.jpg|https://ae01.alicdn.com/kf/Se779373de7864be98d9b02fbf0e2ca4fH.jpg|https://ae01.alicdn.com/kf/S265ad1145ab3433ca06781407064dd252.jpg|https://ae01.alicdn.com/kf/S04553b95cb54473d805a0a1d6cfa4063n.jpg,,,,,59 sold,,,59 sold,Free,,,https://www.aliexpress.com/store/1104741319/pages/all-items.html?spm=a2g0o.store_pc_home.pcShopHead_2012107242900.99&sortType=orders_desc&shop_sortType=orders_desc&SortType=total_tranpro_desc,,
1005009783144718,1/20 Scale 90mm Die-Cast Resin Figure Model Kit Ancient Heavy Cavalry Hobby Miniature Toys Unassembled Unpainted DIY Diorama,$31.45,,,https://www.aliexpress.com/item/1005009783144718.html,https://ae-pic-a1.aliexpress-media.com/kf/Se8fca15ae98a49a48f407b28811d1502p.jpg_350x350.jpg,https://ae01.alicdn.com/kf/Sb6a0486896c44dd8b19b117646c39e36J/116x64.png|https://ae01.alicdn.com/kf/Se8fca15ae98a49a48f407b28811d1502p.jpg|https://ae01.alicdn.com/kf/Sb17efa4bc6be4de1863fa163dc46724dr.jpg,,,,,59 sold,,,59 sold,Free,,,https://www.aliexpress.com/store/1104741319/pages/all-items.html?spm=a2g0o.store_pc_home.pcShopHead_2012107242900.99&sortType=orders_desc&shop_sortType=orders_desc&SortType=total_tranpro_desc,,
1005009584867560,1/32 Scale 54mm Die-Cast Resin Figure Model Kit Polish Knight Hobby Miniature Toys Unassembled Unpainted DIY Diorama,$17.74,,,https://www.aliexpress.com/item/1005009584867560.html,https://ae-pic-a1.aliexpress-media.com/kf/S64126152abaa4dc4a2a18312313cc07eR.jpg_350x350.jpg,https://ae01.alicdn.com/kf/Sb6a0486896c44dd8b19b117646c39e36J/116x64.png|https://ae01.alicdn.com/kf/S64126152abaa4dc4a2a18312313cc07eR.jpg|https://ae01.alicdn.com/kf/S993b83ddaf524c52b17b446838feab6cI.jpg|https://ae01.alicdn.com/kf/Sc8e3415b2a464ca694cd5f2603d47b2fJ.jpg|https://ae01.alicdn.com/kf/S89a55d8ac5be44cd8b57305a0915d012z.jpg|https://ae01.alicdn.com/kf/Sea587d311cc24b36aa3577c833d9ed6df.jpg,,,,,58 sold,,,58 sold,Free,,,https://www.aliexpress.com/store/1104741319/pages/all-items.html?spm=a2g0o.store_pc_home.pcShopHead_2012107242900.99&sortType=orders_desc&shop_sortType=orders_desc&SortType=total_tranpro_desc,,
1005009654994320,1/10 Scale Resin DieCast Figure Model Kit Ambush Battle Smoking Soldier Rifleman Unassembled Unpainted,$24.62,,,https://www.aliexpress.com/item/1005009654994320.html,https://ae-pic-a1.aliexpress-media.com/kf/S38fd8dcf49494498976fba7a216f4b2aN.jpg_350x350.jpg,https://ae01.alicdn.com/kf/Sb6a0486896c44dd8b19b117646c39e36J/116x64.png|https://ae01.alicdn.com/kf/S38fd8dcf49494498976fba7a216f4b2aN.jpg|https://ae01.alicdn.com/kf/S0dbb9439458844da96fb837a05d73c7a6.jpg|https://ae01.alicdn.com/kf/S280dc2dcfeab469eb1dc5fdf41732a0aS.jpg,,,,,57 sold,,,57 sold,Free,,,https://www.aliexpress.com/store/1104741319/pages/all-items.html?spm=a2g0o.store_pc_home.pcShopHead_2012107242900.99&sortType=orders_desc&shop_sortType=orders_desc&SortType=total_tranpro_desc,,
1005009618487918,1/35 Scale Die-Cast Resin Model Assembled Kit Jagdpanther accessories set (No Tank) Unassembled and Unpainted,$11.61,,,https://www.aliexpress.com/item/1005009618487918.html,https://ae-pic-a1.aliexpress-media.com/kf/S08f92e8415af4416b5f2a400eb5602416.jpg_350x350.jpg,https://ae01.alicdn.com/kf/S08f92e8415af4416b5f2a400eb5602416.jpg|https://ae01.alicdn.com/kf/S168ce1479b404787841f1c29a62905262.jpg|https://ae01.alicdn.com/kf/S0c53c6f434694627bcb3ad2a4e503677L.jpg,,,,,57 sold,,,57 sold,Free,,,https://www.aliexpress.com/store/1104741319/pages/all-items.html?spm=a2g0o.store_pc_home.pcShopHead_2012107242900.99&sortType=orders_desc&shop_sortType=orders_desc&SortType=total_tranpro_desc,,
1005009336930672,1/12 Scale Die-Cast Resin Bust Model Kit Dungeon Friends Statue Unassembled and Unpainted,$30.11,,,https://www.aliexpress.com/item/1005009336930672.html,https://ae-pic-a1.aliexpress-media.com/kf/S4370f1f98a434228aeb045473f78b87dj.jpg_350x350.jpg,https://ae01.alicdn.com/kf/Sb6a0486896c44dd8b19b117646c39e36J/116x64.png|https://ae01.alicdn.com/kf/S4370f1f98a434228aeb045473f78b87dj.jpg|https://ae01.alicdn.com/kf/S45ebad0ad24149408414ab45a54ec489a.jpg,,,,,57 sold,,,57 sold,Free,,,https://www.aliexpress.com/store/1104741319/pages/all-items.html?spm=a2g0o.store_pc_home.pcShopHead_2012107242900.99&sortType=orders_desc&shop_sortType=orders_desc&SortType=total_tranpro_desc,,
1005009284289926,1/35 Scale Die-Cast Resin Model Assembled Kit WWII Germany Ammunition Containers Scene Model Unassembled and Unpainted,$12.31,,,https://www.aliexpress.com/item/1005009284289926.html,https://ae-pic-a1.aliexpress-media.com/kf/S9c5fbe02359c4afda6ecbed28358dfa3J.jpg_350x350.jpg,https://ae01.alicdn.com/kf/Sb6a0486896c44dd8b19b117646c39e36J/116x64.png|https://ae01.alicdn.com/kf/S9c5fbe02359c4afda6ecbed28358dfa3J.jpg|https://ae01.alicdn.com/kf/Sdeb58af4c621454ba714c8c4e2655240x.jpg|https://ae01.alicdn.com/kf/S4782e87f83d34d2dbbcd60b2ee981e748.jpg,,,,,57 sold,,,57 sold,Free,,,https://www.aliexpress.com/store/1104741319/pages/all-items.html?spm=a2g0o.store_pc_home.pcShopHead_2012107242900.99&sortType=orders_desc&shop_sortType=orders_desc&SortType=total_tranpro_desc,,
1005008902803641,1/24 Scale Die-Cast Resin Figure Model Kit Alien Pantsuit Woman Warrior Hobby Miniature Toys Unassembled Unpainted DIY Diorama,$9.85,,,https://www.aliexpress.com/item/1005008902803641.html,https://ae-pic-a1.aliexpress-media.com/kf/S1b483591067847feba2d0be2a27f02beh.jpg_350x350.jpg,https://ae01.alicdn.com/kf/S1b483591067847feba2d0be2a27f02beh.jpg|https://ae01.alicdn.com/kf/Sfaec3920bd0e4fecbaca4f666921c7bf2.jpg,,,,,57 sold,,,57 sold,Free,,,https://www.aliexpress.com/store/1104741319/pages/all-items.html?spm=a2g0o.store_pc_home.pcShopHead_2012107242900.99&sortType=orders_desc&shop_sortType=orders_desc&SortType=total_tranpro_desc,,
1005010432878346,1/24 Scale 75mm DieCast Resin Figure Model Kit Naval Officer and Child Sailor Miniature Toys Unassembled Unpainted DIY Diorama,$22.11,,,https://www.aliexpress.com/item/1005010432878346.html,https://ae-pic-a1.aliexpress-media.com/kf/See135a1124044bb9b42afcb6fc386fb6C.jpg_350x350.jpg,https://ae01.alicdn.com/kf/See135a1124044bb9b42afcb6fc386fb6C.jpg|https://ae01.alicdn.com/kf/S911dfb69a91146fe9cfd6defa6c336cfW.jpg|https://ae01.alicdn.com/kf/Seb36b746bcd2414fa02dc031b9686ebbC.jpg|https://ae01.alicdn.com/kf/S3c161454cb034bc59414928402398c44q.jpg|https://ae01.alicdn.com/kf/S3d096ce69dab41dd974b2584983f4420U.jpg,,,,,55 sold,,,55 sold,Free,,,https://www.aliexpress.com/store/1104741319/pages/all-items.html?spm=a2g0o.store_pc_home.pcShopHead_2012107242900.99&sortType=orders_desc&shop_sortType=orders_desc&SortType=total_tranpro_desc,,
1005009655517429,1/16 Scale Die-Cast Resin Figure Model Kit WWII German Field Artillery Loader Unassembled and Unpainted,$15.11,,,https://www.aliexpress.com/item/1005009655517429.html,https://ae-pic-a1.aliexpress-media.com/kf/S415c52c287054bfabd744f3c1e39175cA.jpg_350x350.jpg,https://ae01.alicdn.com/kf/S415c52c287054bfabd744f3c1e39175cA.jpg|https://ae01.alicdn.com/kf/S7752e3b33a634cbc8c5f7d1499b31241N.jpg|https://ae01.alicdn.com/kf/S34fda9bfa87d4826b8633927d2d2cc1aj.jpg|https://ae01.alicdn.com/kf/S7dad56e77db3473fbf92ffe13c9579b88.jpg,,,,,55 sold,,,55 sold,Free,,,https://www.aliexpress.com/store/1104741319/pages/all-items.html?spm=a2g0o.store_pc_home.pcShopHead_2012107242900.99&sortType=orders_desc&shop_sortType=orders_desc&SortType=total_tranpro_desc,,
1005010031163153,1/35 Scale Die-Cast Resin Model Assembled Kit US M1126 Stryker XML Sagged Wheel Set (No Vehicle) Unassembled and Unpainted,$15.86,,,https://www.aliexpress.com/item/1005010031163153.html,https://ae-pic-a1.aliexpress-media.com/kf/Sd59b5f4b8c204bd38b43fbdcd98a64654.jpg_350x350.jpg,https://ae01.alicdn.com/kf/Sb6a0486896c44dd8b19b117646c39e36J/116x64.png|https://ae01.alicdn.com/kf/Sd59b5f4b8c204bd38b43fbdcd98a64654.jpg|https://ae01.alicdn.com/kf/Sf0584dbeb0fa4f29b1ca08c7149860f7e.jpg|https://ae01.alicdn.com/kf/Sa2c83105952f46a3934b0d474a47a497H.jpg|https://ae01.alicdn.com/kf/Sdce5a6441a5e4e66b60d7605a815e7c58.jpg,,,,,54 sold,,,54 sold,Free,,,https://www.aliexpress.com/store/1104741319/pages/all-items.html?spm=a2g0o.store_pc_home.pcShopHead_2012107242900.99&sortType=orders_desc&shop_sortType=orders_desc&SortType=total_tranpro_desc,,
1005009366420414,1/35 Scale Die-Cast Resin Figure Model Kit WWII US Infantry MG Team Winter Set 4 Figures (No Motorcycle) Unassembled Unpainted,$16.45,,,https://www.aliexpress.com/item/1005009366420414.html,https://ae-pic-a1.aliexpress-media.com/kf/Sb18078023da94a918ec5676522ddffe96.jpg_350x350.jpg,https://ae01.alicdn.com/kf/Sb6a0486896c44dd8b19b117646c39e36J/116x64.png|https://ae01.alicdn.com/kf/Sb18078023da94a918ec5676522ddffe96.jpg|https://ae01.alicdn.com/kf/Sb6caa3d5ca874da899a6e70659f0d9a6e.jpg|https://ae01.alicdn.com/kf/S021b8f9709b047fdb67d21f0698fdceec.jpg,,,,,54 sold,,,54 sold,Free,,,https://www.aliexpress.com/store/1104741319/pages/all-items.html?spm=a2g0o.store_pc_home.pcShopHead_2012107242900.99&sortType=orders_desc&shop_sortType=orders_desc&SortType=total_tranpro_desc,,
1005008903947278,1/24 Scale Die-Cast Resin Figure Model Kit Mountain Man Hobby Miniature Toys Unassembled and Unpainted DIY Diorama,$12.01,,,https://www.aliexpress.com/item/1005008903947278.html,https://ae-pic-a1.aliexpress-media.com/kf/Sdf86118e93da44b78f0dfb3629fbf26df.jpg_350x350.jpg,https://ae01.alicdn.com/kf/Sdf86118e93da44b78f0dfb3629fbf26df.jpg|https://ae01.alicdn.com/kf/S6f066331559746a8954be6df8ffa6218w.jpg|https://ae01.alicdn.com/kf/S5bd424326450460999adef4d94785cda3.jpg|https://ae01.alicdn.com/kf/S19efe9e0623e4987b59176a6327c9c9bJ.jpg|https://ae01.alicdn.com/kf/S4c8e0f3640c0486693a820d11953c801a.jpg,,,,,54 sold,,,54 sold,Free,,,https://www.aliexpress.com/store/1104741319/pages/all-items.html?spm=a2g0o.store_pc_home.pcShopHead_2012107242900.99&sortType=orders_desc&shop_sortType=orders_desc&SortType=total_tranpro_desc,,
1005009094003787,1/35 Scale Die-Cast Resin Figure Model Kit Vietnam War US Infantry 2 Figures Unassembled and Unpainted,$8.89,,,https://www.aliexpress.com/item/1005009094003787.html,https://ae-pic-a1.aliexpress-media.com/kf/S64d917d15755498ab26c5778eb7ae15bF.jpg_350x350.jpg,https://ae01.alicdn.com/kf/Sad7d675113e44b239887e09ea0a302d5L/60x60.png|https://ae01.alicdn.com/kf/Sb6a0486896c44dd8b19b117646c39e36J/116x64.png|https://ae01.alicdn.com/kf/S64d917d15755498ab26c5778eb7ae15bF.jpg|https://ae01.alicdn.com/kf/Se9aade8d3ca64119bc72a9bd79c69fd5V.jpg,,,,,53 sold,,,53 sold,Free,,,https://www.aliexpress.com/store/1104741319/pages/all-items.html?spm=a2g0o.store_pc_home.pcShopHead_2012107242900.99&sortType=orders_desc&shop_sortType=orders_desc&SortType=total_tranpro_desc,,
1005008998626667,1/35 Scale Die-Cast Resin Figure Model Kit Eastern Front Panzer III Tank Crews 5 Figures (No Tank) Unassembled and Unpainted,$15.74,,,https://www.aliexpress.com/item/1005008998626667.html,https://ae-pic-a1.aliexpress-media.com/kf/Sde02d9e3c9bb4218a7eaec66ce50409ds.jpg_350x350.jpg,https://ae01.alicdn.com/kf/Sb6a0486896c44dd8b19b117646c39e36J/116x64.png|https://ae01.alicdn.com/kf/Sde02d9e3c9bb4218a7eaec66ce50409ds.jpg|https://ae01.alicdn.com/kf/Sb3769f14bce74e22a8ef7e843bf13ede0.jpg,,,,,53 sold,,,53 sold,Free,,,https://www.aliexpress.com/store/1104741319/pages/all-items.html?spm=a2g0o.store_pc_home.pcShopHead_2012107242900.99&sortType=orders_desc&shop_sortType=orders_desc&SortType=total_tranpro_desc,,
1005009661848775,1/24 Scale Die-Cast Resin Figure Model Kit Gothic Knight Hobby Miniature Toys Unassembled and Unpainted DIY Diorama,$25.36,,,https://www.aliexpress.com/item/1005009661848775.html,https://ae-pic-a1.aliexpress-media.com/kf/Sdd62983f2b4e452e81d1260a799a0d562.jpg_350x350.jpg,https://ae01.alicdn.com/kf/Sb6a0486896c44dd8b19b117646c39e36J/116x64.png|https://ae01.alicdn.com/kf/Sdd62983f2b4e452e81d1260a799a0d562.jpg|https://ae01.alicdn.com/kf/Sbf36576ab1864433963300a88cb8cda0L.jpg|https://ae01.alicdn.com/kf/Sc5bb304d6af94405b062c1ea249806ca5.jpg|https://ae01.alicdn.com/kf/S59afddd36e334cb58c9d4391a4c8423dH.jpg|https://ae01.alicdn.com/kf/Sbb158752f8c64bed89a9ffe1063a2581m.jpg|https://ae01.alicdn.com/kf/Sce596f58492742158c9ed03e74ee5d8b4.jpg,,,,,52 sold,,,52 sold,Free,,,https://www.aliexpress.com/store/1104741319/pages/all-items.html?spm=a2g0o.store_pc_home.pcShopHead_2012107242900.99&sortType=orders_desc&shop_sortType=orders_desc&SortType=total_tranpro_desc,,
1005009655371789,1/16 Scale Die-Cast Resin Figure Model Kit WWII German Field Artillery Gunner (No Artillery) Unassembled and Unpainted,$15.11,,,https://www.aliexpress.com/item/1005009655371789.html,https://ae-pic-a1.aliexpress-media.com/kf/S8d3fd649464247d7bbd2a840da42debeQ.jpg_350x350.jpg,https://ae01.alicdn.com/kf/Sb6a0486896c44dd8b19b117646c39e36J/116x64.png|https://ae01.alicdn.com/kf/S8d3fd649464247d7bbd2a840da42debeQ.jpg|https://ae01.alicdn.com/kf/Sbc7728e5db5a423681fdf8fa3ba95d7f2.jpg|https://ae01.alicdn.com/kf/S323e0a05a08445b396d2e29bf1c9342cp.jpg|https://ae01.alicdn.com/kf/S0be484b10636427da80d8a28f5aa6dc3h.jpg,,,,,52 sold,,,52 sold,Free,,,https://www.aliexpress.com/store/1104741319/pages/all-items.html?spm=a2g0o.store_pc_home.pcShopHead_2012107242900.99&sortType=orders_desc&shop_sortType=orders_desc&SortType=total_tranpro_desc,,
1005009593248211,1/32 Scale 54mm DieCast Resin Figure Model Kit Cowboy & Little Rat Leisure Time Miniature Toys Unassembled Unpainted DIY Diorama,$12.61,,,https://www.aliexpress.com/item/1005009593248211.html,https://ae-pic-a1.aliexpress-media.com/kf/S9d81a854571f41efa8f15ddea182feea7.jpg_350x350.jpg,https://ae01.alicdn.com/kf/Sb6a0486896c44dd8b19b117646c39e36J/116x64.png|https://ae01.alicdn.com/kf/S9d81a854571f41efa8f15ddea182feea7.jpg|https://ae01.alicdn.com/kf/Saeaf92133ba3431b9fe52e6bbba5e7018.jpg|https://ae01.alicdn.com/kf/S8b2c88fd6b064840976f74eb969045b9m.jpg|https://ae01.alicdn.com/kf/S221334494fb0435dbc34959a0c0d5b1fm.jpg|https://ae01.alicdn.com/kf/S3d6333364ddb4af98066c264455d266de.jpg,,,,,52 sold,,,52 sold,Free,,,https://www.aliexpress.com/store/1104741319/pages/all-items.html?spm=a2g0o.store_pc_home.pcShopHead_2012107242900.99&sortType=orders_desc&shop_sortType=orders_desc&SortType=total_tranpro_desc,,
1005009593069083,1/32 Scale 54mm DieCast Resin Figure Model Kit Guards Lance Cavalry Hobby Miniature Toys Unassembled Unpainted DIY Diorama,$17.74,,,https://www.aliexpress.com/item/1005009593069083.html,https://ae-pic-a1.aliexpress-media.com/kf/Sd1a93283d693422896130872008a8033e.jpg_350x350.jpg,https://ae01.alicdn.com/kf/Sb6a0486896c44dd8b19b117646c39e36J/116x64.png|https://ae01.alicdn.com/kf/Sd1a93283d693422896130872008a8033e.jpg|https://ae01.alicdn.com/kf/S576d093871d14642ad0958f0899a0200M.jpg|https://ae01.alicdn.com/kf/Sf5508bbfa0a34a2fabaaf7209f87b8e9a.jpg|https://ae01.alicdn.com/kf/S38bdc25bc930468e82052bb35c565eb7o.jpg|https://ae01.alicdn.com/kf/S9d5a2c8228094bbea0765b373902811dR.jpg,,,,,52 sold,,,52 sold,Free,,,https://www.aliexpress.com/store/1104741319/pages/all-items.html?spm=a2g0o.store_pc_home.pcShopHead_2012107242900.99&sortType=orders_desc&shop_sortType=orders_desc&SortType=total_tranpro_desc,,
1005009381498283,1/32 Scale 54mm Die-Cast Resin Figure Model Kit Captain Gaetan Joseph Prosper Hobby Miniature Toys Unassembled Unpainted Diorama,$21.21,,,https://www.aliexpress.com/item/1005009381498283.html,https://ae-pic-a1.aliexpress-media.com/kf/S647c5cd60ef24735b4a642af365a2e79B.jpg_350x350.jpg,https://ae01.alicdn.com/kf/Sb6a0486896c44dd8b19b117646c39e36J/116x64.png|https://ae01.alicdn.com/kf/S647c5cd60ef24735b4a642af365a2e79B.jpg|https://ae01.alicdn.com/kf/Sfa6fb9ab9cb74532ad10c87e8289c10a2.jpg|https://ae01.alicdn.com/kf/S9ded7f1899ff47ee9815108bc675c98dD.jpg|https://ae01.alicdn.com/kf/S95e441011fa049cbb1ed783e5b8e1658p.jpg,,,,,52 sold,,,52 sold,Free,,,https://www.aliexpress.com/store/1104741319/pages/all-items.html?spm=a2g0o.store_pc_home.pcShopHead_2012107242900.99&sortType=orders_desc&shop_sortType=orders_desc&SortType=total_tranpro_desc,,
1005008998765538,1/35 Scale Die-Cast Resin Figure Model Kit Ukrainian Tank Loaders 5 Figures (No Tank) Unassembled and Unpainted,$16.86,,,https://www.aliexpress.com/item/1005008998765538.html,https://ae-pic-a1.aliexpress-media.com/kf/S5a39d0056ec5443096a116825ae3dff1V.jpg_350x350.jpg,https://ae01.alicdn.com/kf/Sb6a0486896c44dd8b19b117646c39e36J/116x64.png|https://ae01.alicdn.com/kf/S5a39d0056ec5443096a116825ae3dff1V.jpg|https://ae01.alicdn.com/kf/S5b26294d0fed41c5986e1ae32d9950cfz.jpg|https://ae01.alicdn.com/kf/S1158ad920ef640e888bb77c5feefe19bg.jpg,,,,,52 sold,,,52 sold,Free,,,https://www.aliexpress.com/store/1104741319/pages/all-items.html?spm=a2g0o.store_pc_home.pcShopHead_2012107242900.99&sortType=orders_desc&shop_sortType=orders_desc&SortType=total_tranpro_desc,,
1005010469403403,1/10 Scale Die-Cast Resin Bust Model Kit Female Warrior & Dragon Statue Unassembled and Unpainted,$15.74,,,https://www.aliexpress.com/item/1005010469403403.html,https://ae-pic-a1.aliexpress-media.com/kf/S6121af8abe6b42b1a7751c35e9ea84faM.jpg_350x350.jpg,https://ae01.alicdn.com/kf/Sb6a0486896c44dd8b19b117646c39e36J/116x64.png|https://ae01.alicdn.com/kf/S6121af8abe6b42b1a7751c35e9ea84faM.jpg|https://ae01.alicdn.com/kf/S13aa09a29450493c90e1ec06622adf06A.jpg|https://ae01.alicdn.com/kf/S4bac144be34f43bb9a79207f8ac8e4044.jpg|https://ae01.alicdn.com/kf/S8ea28fc10a15453d995e10a6c6f732096.jpg|https://ae01.alicdn.com/kf/Sba5e268f5b0b4875a36787cc6dd9557ft.jpg,,,,,51 sold,,,51 sold,Free,,,https://www.aliexpress.com/store/1104741319/pages/all-items.html?spm=a2g0o.store_pc_home.pcShopHead_2012107242900.99&sortType=orders_desc&shop_sortType=orders_desc&SortType=total_tranpro_desc,,
1005010038215688,1/10 Scale Die-Cast Resin Bust Model Kit The Lumberjack Statue Unassembled and Unpainted,$12.07,,,https://www.aliexpress.com/item/1005010038215688.html,https://ae-pic-a1.aliexpress-media.com/kf/Se5b809029b954a8ab72d16a5e62932e8Q.jpg_350x350.jpg,https://ae01.alicdn.com/kf/Sb6a0486896c44dd8b19b117646c39e36J/116x64.png|https://ae01.alicdn.com/kf/Se5b809029b954a8ab72d16a5e62932e8Q.jpg|https://ae01.alicdn.com/kf/S5ecb409292ad4436877a3ab9750385b05.jpg|https://ae01.alicdn.com/kf/S905524ab26594dda83558a362f658954M.jpg|https://ae01.alicdn.com/kf/S0d713851e93e4a968b39d4e778e80fe3j.jpg|https://ae01.alicdn.com/kf/Sff5978245ce245c994283afeda10048cN.jpg,,,,,51 sold,,,51 sold,Free,,,https://www.aliexpress.com/store/1104741319/pages/all-items.html?spm=a2g0o.store_pc_home.pcShopHead_2012107242900.99&sortType=orders_desc&shop_sortType=orders_desc&SortType=total_tranpro_desc,,
1005010007702395,1/35 Scale Die-Cast Resin Model Assembled Kit SAS Jeep Conversion Set (No Car) Unassembled and Unpainted,$25.61,,,https://www.aliexpress.com/item/1005010007702395.html,https://ae-pic-a1.aliexpress-media.com/kf/S4b08a6d69c0a40849bb5a4619a4aff98v.jpg_350x350.jpg,https://ae01.alicdn.com/kf/Sb6a0486896c44dd8b19b117646c39e36J/116x64.png|https://ae01.alicdn.com/kf/S4b08a6d69c0a40849bb5a4619a4aff98v.jpg|https://ae01.alicdn.com/kf/S8411fa49b9b64f7f80cd220e111214337.jpg|https://ae01.alicdn.com/kf/S4cfaabe4ff4a496fa29ae536aa70aa97h.jpg|https://ae01.alicdn.com/kf/S1d6d19d8f4f3469d908a75e62ece3ae19.jpg|https://ae01.alicdn.com/kf/Sb628d5149696487489848cce1a0815b0Y.jpg|https://ae01.alicdn.com/kf/S02a389d6c3d245239e73350e39d79b6di.jpg,,,,,51 sold,,,51 sold,Free,,,https://www.aliexpress.com/store/1104741319/pages/all-items.html?spm=a2g0o.store_pc_home.pcShopHead_2012107242900.99&sortType=orders_desc&shop_sortType=orders_desc&SortType=total_tranpro_desc,,
1005009655439028,1/16 Scale Die-Cast Resin Figure Model Kit WWII German Field Artillery Loader Unassembled and Unpainted,$15.11,,,https://www.aliexpress.com/item/1005009655439028.html,https://ae-pic-a1.aliexpress-media.com/kf/S34f8761a79604529b22c384d20c4a72fJ.jpg_350x350.jpg,https://ae01.alicdn.com/kf/Sb6a0486896c44dd8b19b117646c39e36J/116x64.png|https://ae01.alicdn.com/kf/S34f8761a79604529b22c384d20c4a72fJ.jpg|https://ae01.alicdn.com/kf/Se9dc385ecbf743c1895e3251bcce95deP.jpg|https://ae01.alicdn.com/kf/S4b6b5b3492334c8aa2aec82b75b1b808g.jpg|https://ae01.alicdn.com/kf/S13cb59e072f64d488cf4ca2514c484057.jpg,,,,,50 sold,,,50 sold,Free,,,https://www.aliexpress.com/store/1104741319/pages/all-items.html?spm=a2g0o.store_pc_home.pcShopHead_2012107242900.99&sortType=orders_desc&shop_sortType=orders_desc&SortType=total_tranpro_desc,,
1005009585154248,1/24 Scale Die-Cast Resin Figure Model Kit Polish Knight Scout Hobby Miniature Toys Unassembled and Unpainted DIY Diorama,$18.49,,,https://www.aliexpress.com/item/1005009585154248.html,https://ae-pic-a1.aliexpress-media.com/kf/S67b3336c83b546549e8b1fce8ccd7d65C.jpg_350x350.jpg,https://ae01.alicdn.com/kf/Sb6a0486896c44dd8b19b117646c39e36J/116x64.png|https://ae01.alicdn.com/kf/S67b3336c83b546549e8b1fce8ccd7d65C.jpg|https://ae01.alicdn.com/kf/S090256a55c74469789ba577ae30603eev.jpg|https://ae01.alicdn.com/kf/Sa2d8d95e15a847e19d3f00b3146aaa9c3.jpg|https://ae01.alicdn.com/kf/S68e80c6304f347bcbf6313fad2ca6252j.jpg|https://ae01.alicdn.com/kf/Sbb115f3dc4e34370a56a5416eccbd022W.jpg,,,,,50 sold,,,50 sold,Free,,,https://www.aliexpress.com/store/1104741319/pages/all-items.html?spm=a2g0o.store_pc_home.pcShopHead_2012107242900.99&sortType=orders_desc&shop_sortType=orders_desc&SortType=total_tranpro_desc,,
1005009369396898,1/24 Scale Die-Cast Resin Figure Model Kit Acre 1191 Prince Leopold V Hobby Miniature Toys Unassembled and Unpainted DIY Diorama,$11.27,,,https://www.aliexpress.com/item/1005009369396898.html,https://ae-pic-a1.aliexpress-media.com/kf/S55fb73a97bec44a19c587c6fc62677aa9.jpg_350x350.jpg,https://ae01.alicdn.com/kf/Sb6a0486896c44dd8b19b117646c39e36J/116x64.png|https://ae01.alicdn.com/kf/S55fb73a97bec44a19c587c6fc62677aa9.jpg|https://ae01.alicdn.com/kf/S546306e2e06649daaf43a8932c8240b2Q.jpg|https://ae01.alicdn.com/kf/Se6781c321339478291ab72e12a3bf4ddL.jpg,,,,,50 sold,,,50 sold,Free,,,https://www.aliexpress.com/store/1104741319/pages/all-items.html?spm=a2g0o.store_pc_home.pcShopHead_2012107242900.99&sortType=orders_desc&shop_sortType=orders_desc&SortType=total_tranpro_desc,,
1005009139400659,1/16 Scale Die-Cast Resin Figure Model Kit US Army Armored Division Soldier Single Person Unassembled and Unpainted,$12.07,,,https://www.aliexpress.com/item/1005009139400659.html,https://ae-pic-a1.aliexpress-media.com/kf/Sfe202777aab24058b20d327847986755r.jpg_350x350.jpg,https://ae01.alicdn.com/kf/Sfe202777aab24058b20d327847986755r.jpg|https://ae01.alicdn.com/kf/S1ae3737109ed42848a13b3a3a284757fS.jpg|https://ae01.alicdn.com/kf/S8910c69d86dc40989b1535b897bbb598m.jpg,,,,,50 sold,,,50 sold,Free,,,https://www.aliexpress.com/store/1104741319/pages/all-items.html?spm=a2g0o.store_pc_home.pcShopHead_2012107242900.99&sortType=orders_desc&shop_sortType=orders_desc&SortType=total_tranpro_desc,,
1005008882770712,1/35 Scale Die-Cast Resin Figure Model Kit WWII US Tank Crew Set 4 Figures Unassembled and Unpainted,$14.43,,,https://www.aliexpress.com/item/1005008882770712.html,https://ae-pic-a1.aliexpress-media.com/kf/Sc92ebc55e0a04124a6518d7c34e3ae5b1.jpg_350x350.jpg,https://ae01.alicdn.com/kf/Sc92ebc55e0a04124a6518d7c34e3ae5b1.jpg|https://ae01.alicdn.com/kf/S1d103bda157f4d16ad90f085a1ca6fd8s.jpg|https://ae01.alicdn.com/kf/Sa83ba31f915d4e9a915509b1dea7f401H.jpg|https://ae01.alicdn.com/kf/S97efed79293c41688ee3e06c35b1a55eV.jpg,,,,,50 sold,,,50 sold,Free,,,https://www.aliexpress.com/store/1104741319/pages/all-items.html?spm=a2g0o.store_pc_home.pcShopHead_2012107242900.99&sortType=orders_desc&shop_sortType=orders_desc&SortType=total_tranpro_desc,,
1005009357567397,120mm Scale Die-Cast Resin Model Assembled Kit Grenadier Guard Equipment Scene Model Unassembled and Unpainted,$10.26,,,https://www.aliexpress.com/item/1005009357567397.html,https://ae-pic-a1.aliexpress-media.com/kf/Se9135af9442e49e484cad37e151f1770R.jpg_350x350.jpg,https://ae01.alicdn.com/kf/Sb6a0486896c44dd8b19b117646c39e36J/116x64.png|https://ae01.alicdn.com/kf/Se9135af9442e49e484cad37e151f1770R.jpg|https://ae01.alicdn.com/kf/Saefad379a5884f80b196f1865f5e20acd.jpg,,,,,49 sold,,,49 sold,Free,,,https://www.aliexpress.com/store/1104741319/pages/all-items.html?spm=a2g0o.store_pc_home.pcShopHead_2012107242900.99&sortType=orders_desc&shop_sortType=orders_desc&SortType=total_tranpro_desc,,
1005010239230316,1/24 Scale 75mm Die-Cast Resin Figure Model Kit Ancient Austrian Soldier Hobby Miniature Toys Unassembled Unpainted Diorama,$12.49,,,https://www.aliexpress.com/item/1005010239230316.html,https://ae-pic-a1.aliexpress-media.com/kf/S39f6c06c377f45c7b817b02705ce10353.jpg_350x350.jpg,https://ae01.alicdn.com/kf/S39f6c06c377f45c7b817b02705ce10353.jpg|https://ae01.alicdn.com/kf/Se277489474c64846903eaaa6bdefd673P.jpg|https://ae01.alicdn.com/kf/S454f60b7b0464759881cdbd4b2786482z.jpg|https://ae01.alicdn.com/kf/Scd29b216313244ad8c3b9ab953382ffbH.jpg|https://ae01.alicdn.com/kf/Saf01b686c3564ecf9f63c85ce180526dA.jpg,,,,,48 sold,,,48 sold,Free,,,https://www.aliexpress.com/store/1104741319/pages/all-items.html?spm=a2g0o.store_pc_home.pcShopHead_2012107242900.99&sortType=orders_desc&shop_sortType=orders_desc&SortType=total_tranpro_desc,,
1005010101664669,1/35 Scale Die-Cast Resin Model Assembled Kit German Steyr 1500A Accessories Set (No Car) Unassembled and Unpainted,$11.03,,,https://www.aliexpress.com/item/1005010101664669.html,https://ae-pic-a1.aliexpress-media.com/kf/S1d3a98235f9f49109b7ebc7ad7ad1abdW.jpg_350x350.jpg,https://ae01.alicdn.com/kf/S1d3a98235f9f49109b7ebc7ad7ad1abdW.jpg|https://ae01.alicdn.com/kf/Sac315bc0a54f46c6a3a3c944e8d3c9f0K.jpg|https://ae01.alicdn.com/kf/Sb76d6f4ba3c34a9e83bea9cda6bb3dc8U.jpg,,,,,48 sold,,,48 sold,Free,,,https://www.aliexpress.com/store/1104741319/pages/all-items.html?spm=a2g0o.store_pc_home.pcShopHead_2012107242900.99&sortType=orders_desc&shop_sortType=orders_desc&SortType=total_tranpro_desc,,
1005010098259794,1/35 Scale Die-Cast Resin Model Assembled Kit M1A1/A2 Tank Stowage Set (No Tank) Unassembled and Unpainted,$17.24,,,https://www.aliexpress.com/item/1005010098259794.html,https://ae-pic-a1.aliexpress-media.com/kf/S725f5f7d71e74ccf955ec388d4b19567F.jpg_350x350.jpg,https://ae01.alicdn.com/kf/Sb6a0486896c44dd8b19b117646c39e36J/116x64.png|https://ae01.alicdn.com/kf/S725f5f7d71e74ccf955ec388d4b19567F.jpg|https://ae01.alicdn.com/kf/S6632c3a773034edfb66f1ff3a38e0225A.jpg|https://ae01.alicdn.com/kf/Sca702b58f8f9443e968d5e5accf3d82ci.jpg,,,,,48 sold,,,48 sold,Free,,,https://www.aliexpress.com/store/1104741319/pages/all-items.html?spm=a2g0o.store_pc_home.pcShopHead_2012107242900.99&sortType=orders_desc&shop_sortType=orders_desc&SortType=total_tranpro_desc,,
1005009961685618,1/20 Scale 90mm DieCast Resin Figure Model Kit Ancient Knight Hospitaller Hobby Miniature Toys Unassembled Unpainted DIY Diorama,$12.74,,,https://www.aliexpress.com/item/1005009961685618.html,https://ae-pic-a1.aliexpress-media.com/kf/S891b86d924dc46309052656e2355ba59W.jpg_350x350.jpg,https://ae01.alicdn.com/kf/Sb6a0486896c44dd8b19b117646c39e36J/116x64.png|https://ae01.alicdn.com/kf/S891b86d924dc46309052656e2355ba59W.jpg|https://ae01.alicdn.com/kf/Sdba3fb2cc83d4d27b8ec497f2604eea8A.jpg,,,,,48 sold,,,48 sold,Free,,,https://www.aliexpress.com/store/1104741319/pages/all-items.html?spm=a2g0o.store_pc_home.pcShopHead_2012107242900.99&sortType=orders_desc&shop_sortType=orders_desc&SortType=total_tranpro_desc,,
1005009390059953,1/35 Scale Die-Cast Resin Figure Model Kit WWII US Wounded Soldier Unassembled and Unpainted,$6.84,,,https://www.aliexpress.com/item/1005009390059953.html,https://ae-pic-a1.aliexpress-media.com/kf/Saffaef547894489391be206abe312870L.jpg_350x350.jpg,https://ae01.alicdn.com/kf/Sb6a0486896c44dd8b19b117646c39e36J/116x64.png|https://ae01.alicdn.com/kf/Saffaef547894489391be206abe312870L.jpg|https://ae01.alicdn.com/kf/S56f3f784c0e94ecdbb90b8056238d70fn.jpg,,,,,48 sold,,,48 sold,Free,,,https://www.aliexpress.com/store/1104741319/pages/all-items.html?spm=a2g0o.store_pc_home.pcShopHead_2012107242900.99&sortType=orders_desc&shop_sortType=orders_desc&SortType=total_tranpro_desc,,
1005010661408786,1/35 Scale DieCast Resin Figure Model Kit WWII British Special Forces Soldier Injured 2 Figures Unassembled and Unpainted,$9.99,,,https://www.aliexpress.com/item/1005010661408786.html,https://ae-pic-a1.aliexpress-media.com/kf/S6fa5af2a508e4187884d27db171b64d0p.jpg_350x350.jpg,https://ae01.alicdn.com/kf/S6fa5af2a508e4187884d27db171b64d0p.jpg|https://ae01.alicdn.com/kf/Sa2c8b07d480c44e7a2eb879caae64c080.jpg|https://ae01.alicdn.com/kf/Sfb75a65f921644f88bfd230214cd2fd5v.jpg,,,,,47 sold,,,47 sold,Free,,,https://www.aliexpress.com/store/1104741319/pages/all-items.html?spm=a2g0o.store_pc_home.pcShopHead_2012107242900.99&sortType=orders_desc&shop_sortType=orders_desc&SortType=total_tranpro_desc,,
1005010441260903,1/24 Scale 75mm DieCast Resin Figure Model Kit Ancient French Guards Officer Miniature Toys Unassembled Unpainted DIY Diorama,$14.99,,,https://www.aliexpress.com/item/1005010441260903.html,https://ae-pic-a1.aliexpress-media.com/kf/Sec619ea975ca499ab8010664c91c9ae3A.jpg_350x350.jpg,https://ae01.alicdn.com/kf/Sec619ea975ca499ab8010664c91c9ae3A.jpg|https://ae01.alicdn.com/kf/Sa96a2893717c4bd0b7f3bfc0a0a807c84.jpg|https://ae01.alicdn.com/kf/S7e5fa4f97bba40eba4476a67ed176502g.jpg|https://ae01.alicdn.com/kf/S901be3621d98495c94b4318c4849198b7.jpg,,,,,47 sold,,,47 sold,Free,,,https://www.aliexpress.com/store/1104741319/pages/all-items.html?spm=a2g0o.store_pc_home.pcShopHead_2012107242900.99&sortType=orders_desc&shop_sortType=orders_desc&SortType=total_tranpro_desc,,
1005010433164137,1/24 Scale 80mm DieCast Resin Figure Model Kit Ancient French Marshal Hobby Miniature Toys Unassembled Unpainted DIY Diorama,$19.11,,,https://www.aliexpress.com/item/1005010433164137.html,https://ae-pic-a1.aliexpress-media.com/kf/Sa4467aed8c67434e959c50c848e8cb64S.jpg_350x350.jpg,https://ae01.alicdn.com/kf/Sa4467aed8c67434e959c50c848e8cb64S.jpg|https://ae01.alicdn.com/kf/S3cf6b9ceec4b4526af1220bf42f77cd3p.jpg|https://ae01.alicdn.com/kf/Sd2fbea6faf324f41b921ea4206ec00ea5.jpg|https://ae01.alicdn.com/kf/S34db6d348c084ffa9678026cf77bb0d9p.jpg,,,,,47 sold,,,47 sold,Free,,,https://www.aliexpress.com/store/1104741319/pages/all-items.html?spm=a2g0o.store_pc_home.pcShopHead_2012107242900.99&sortType=orders_desc&shop_sortType=orders_desc&SortType=total_tranpro_desc,,
1005008860981797,1/35 Scale Die-Cast Resin Model Assembled Kit US Military Ambulance Conversion Set (No Car) Unassembled and Unpainted,$15.13,,,https://www.aliexpress.com/item/1005008860981797.html,https://ae-pic-a1.aliexpress-media.com/kf/S673ef95586b24f869864b7ce59d63393S.jpg_350x350.jpg,https://ae01.alicdn.com/kf/Sb6a0486896c44dd8b19b117646c39e36J/116x64.png|https://ae01.alicdn.com/kf/S673ef95586b24f869864b7ce59d63393S.jpg|https://ae01.alicdn.com/kf/S0a5db54a926c4736bbc89aa54b859368t.jpg|https://ae01.alicdn.com/kf/S9242f2783222409ea71285f5c3a66430V.jpg|https://ae01.alicdn.com/kf/Sca9cbbec4e61482cb00e0c9b25b93a46v.jpg|https://ae01.alicdn.com/kf/Sa686a149b52149ff9ec5c0ec01e6432cd.jpg,,,,,47 sold,,,47 sold,Free,,,https://www.aliexpress.com/store/1104741319/pages/all-items.html?spm=a2g0o.store_pc_home.pcShopHead_2012107242900.99&sortType=orders_desc&shop_sortType=orders_desc&SortType=total_tranpro_desc,,
1005010657027608,1/35 Scale Die-Cast Resin Figure Model Kit US Military Truck Crew 2 Figures Unassembled and Unpainted,$8.99,,,https://www.aliexpress.com/item/1005010657027608.html,https://ae-pic-a1.aliexpress-media.com/kf/Sd4ad96471c83493ba4cdb136ef1ac099e.jpg_350x350.jpg,https://ae01.alicdn.com/kf/Sb6a0486896c44dd8b19b117646c39e36J/116x64.png|https://ae01.alicdn.com/kf/Sad7d675113e44b239887e09ea0a302d5L/60x60.png|https://ae01.alicdn.com/kf/Sd4ad96471c83493ba4cdb136ef1ac099e.jpg|https://ae01.alicdn.com/kf/S98688af9f78a470483cb0ccdeee6de39a.jpg,,,,,46 sold,,,46 sold,Free,,,https://www.aliexpress.com/store/1104741319/pages/all-items.html?spm=a2g0o.store_pc_home.pcShopHead_2012107242900.99&sortType=orders_desc&shop_sortType=orders_desc&SortType=total_tranpro_desc,,
1005010461299173,1/24 Scale 75mm Die-Cast Resin Figure Model Kit US Minuteman (2 Heads) Miniature Toys Unassembled Unpainted DIY Diorama,$13.24,,,https://www.aliexpress.com/item/1005010461299173.html,https://ae-pic-a1.aliexpress-media.com/kf/S1a883bf3e7cb4b258d823f1c5543b362m.jpg_350x350.jpg,https://ae01.alicdn.com/kf/Sb6a0486896c44dd8b19b117646c39e36J/116x64.png|https://ae01.alicdn.com/kf/S1a883bf3e7cb4b258d823f1c5543b362m.jpg|https://ae01.alicdn.com/kf/S37e1914266b349e1b691556cc3bdbc73Z.jpg|https://ae01.alicdn.com/kf/S3705511e24f74cd4900696444d2a2afa1.jpg|https://ae01.alicdn.com/kf/Scbbc45257ebf409cbdf8b355e566799bg.jpg|https://ae01.alicdn.com/kf/S25778d74bb874945afe809b4b639eb4f3.jpg|https://ae01.alicdn.com/kf/S6d0683ccada345749428543a50b6d486E.jpg,,,,,46 sold,,,46 sold,Free,,,https://www.aliexpress.com/store/1104741319/pages/all-items.html?spm=a2g0o.store_pc_home.pcShopHead_2012107242900.99&sortType=orders_desc&shop_sortType=orders_desc&SortType=total_tranpro_desc,,
1005009365006311,1/35 Scale Die-Cast Resin Figure Model Kit Panzergrenadiers 8 Figures (No Tank) Unassembled and Unpainted,$29.45,,,https://www.aliexpress.com/item/1005009365006311.html,https://ae-pic-a1.aliexpress-media.com/kf/Sbd3ce3692dc5442a82eb25896a6186feX.jpg_350x350.jpg,https://ae01.alicdn.com/kf/Sbd3ce3692dc5442a82eb25896a6186feX.jpg|https://ae01.alicdn.com/kf/S57c862d0135f4e909a56befc1814774dT.jpg|https://ae01.alicdn.com/kf/S9307d8a2a2834fa980b3108122a127b5T.jpg|https://ae01.alicdn.com/kf/Sb19d2a09c44a45e79506fe6216359755w.jpg,,,,,46 sold,,,46 sold,Free,,,https://www.aliexpress.com/store/1104741319/pages/all-items.html?spm=a2g0o.store_pc_home.pcShopHead_2012107242900.99&sortType=orders_desc&shop_sortType=orders_desc&SortType=total_tranpro_desc,,
1005009139250629,1/16 Scale Die-Cast Resin Figure Model Kit US Young Grenadier Soldier Single Person Unassembled and Unpainted,$11.65,,,https://www.aliexpress.com/item/1005009139250629.html,https://ae-pic-a1.aliexpress-media.com/kf/Sebf604fc25ca4a78b10dd324f22a9bd29.jpg_350x350.jpg,https://ae01.alicdn.com/kf/Sb6a0486896c44dd8b19b117646c39e36J/116x64.png|https://ae01.alicdn.com/kf/Sebf604fc25ca4a78b10dd324f22a9bd29.jpg|https://ae01.alicdn.com/kf/S7addd296cc854b868dee7fe063343e509.jpg|https://ae01.alicdn.com/kf/S36a423704ab3493fb36bff4fbc7ba54cL.jpg|https://ae01.alicdn.com/kf/Sd9efa45d766647d684a07d022e6a7693G.jpg,,,,,46 sold,,,46 sold,Free,,,https://www.aliexpress.com/store/1104741319/pages/all-items.html?spm=a2g0o.store_pc_home.pcShopHead_2012107242900.99&sortType=orders_desc&shop_sortType=orders_desc&SortType=total_tranpro_desc,,
1005008932716298,1/24 Scale DieCast Resin Figure Model Kit Short Hair Beauty Bikini Version Hobby Miniature Toy Unassembled Unpainted DIY Diorama,$10.99,,,https://www.aliexpress.com/item/1005008932716298.html,https://ae-pic-a1.aliexpress-media.com/kf/S9c2ee4115ccb4005874564111da23b81t.jpg_350x350.jpg,https://ae01.alicdn.com/kf/Sb6a0486896c44dd8b19b117646c39e36J/116x64.png|https://ae01.alicdn.com/kf/S9c2ee4115ccb4005874564111da23b81t.jpg|https://ae01.alicdn.com/kf/S89868192de4040128c995888d210c8bf2.jpg|https://ae01.alicdn.com/kf/S9e21e0b4e1be4b0bb3e0494c5e9b5a4fx.jpg|https://ae01.alicdn.com/kf/Sb16fe43503544d65b5eda8c314b8034ew.jpg,,,,,46 sold,,,46 sold,Free,,,https://www.aliexpress.com/store/1104741319/pages/all-items.html?spm=a2g0o.store_pc_home.pcShopHead_2012107242900.99&sortType=orders_desc&shop_sortType=orders_desc&SortType=total_tranpro_desc,,
1005008931273197,1/24 Scale Die-Cast Resin Figure Model Kit 1340-1360 European Knight Hobby Miniature Toys Unassembled and Unpainted DIY Diorama,$11.60,,,https://www.aliexpress.com/item/1005008931273197.html,https://ae-pic-a1.aliexpress-media.com/kf/S625670254e2242dc8ef652962e3ac0e65.jpg_350x350.jpg,https://ae01.alicdn.com/kf/S625670254e2242dc8ef652962e3ac0e65.jpg|https://ae01.alicdn.com/kf/Sd36c41703aff4908a3c0037370ccfc57u.jpg|https://ae01.alicdn.com/kf/Sb8ee0bcf92a3421c84109003aa21ed11Y.jpg|https://ae01.alicdn.com/kf/S519e2162f481417a804f3bd1a93dd506P.jpg|https://ae01.alicdn.com/kf/S8ffa035d788c4785bdef506b387bbb629.jpg,,,,,46 sold,,,46 sold,Free,,,https://www.aliexpress.com/store/1104741319/pages/all-items.html?spm=a2g0o.store_pc_home.pcShopHead_2012107242900.99&sortType=orders_desc&shop_sortType=orders_desc&SortType=total_tranpro_desc,,
1005009644155760,1/16 Scale 120mm Die-Cast Resin Figure Model Kit 101st Airborne Division Fired Artillery 3 Figures & Base Unassembled Unpainted,$61.49,,,https://www.aliexpress.com/item/1005009644155760.html,https://ae-pic-a1.aliexpress-media.com/kf/Sac7db7f7f8014fb698de8c1d05c683aaY.jpg_350x350.jpg,https://ae01.alicdn.com/kf/Sb6a0486896c44dd8b19b117646c39e36J/116x64.png|https://ae01.alicdn.com/kf/Sac7db7f7f8014fb698de8c1d05c683aaY.jpg|https://ae01.alicdn.com/kf/Sfefc95bafd9146e091e554bfa45aa707M.jpg|https://ae01.alicdn.com/kf/Sa04e21dc504e4c878030298c9f2ec607M.jpg|https://ae01.alicdn.com/kf/Sd823710533c94047b3f6deb6f8d1a3b5m.jpg|https://ae01.alicdn.com/kf/S9221aaa46e3c452684295aab59e9f4a1m.jpg|https://ae01.alicdn.com/kf/S37f4a58c8a8f4871b7be67a3b30ca650u.jpg,,,,,45 sold,,,45 sold,Free,,,https://www.aliexpress.com/store/1104741319/pages/all-items.html?spm=a2g0o.store_pc_home.pcShopHead_2012107242900.99&sortType=orders_desc&shop_sortType=orders_desc&SortType=total_tranpro_desc,,
1005009610752765,1/10 Scale Die-Cast Resin Bust Model Kit Poteau Ambush Rifleman Statue Unassembled and Unpainted,$17.30,,,https://www.aliexpress.com/item/1005009610752765.html,https://ae-pic-a1.aliexpress-media.com/kf/Sd55db486acac42c6bb4a2776a738d07dZ.jpg_350x350.jpg,https://ae01.alicdn.com/kf/Sd55db486acac42c6bb4a2776a738d07dZ.jpg|https://ae01.alicdn.com/kf/Sf29659fc46b042cfaae1dba5d528d955T.jpg|https://ae01.alicdn.com/kf/S0d47e17f95fe49a6bce4c3f202bb7541e.jpg|https://ae01.alicdn.com/kf/Se5b9aa8812ed43569592e4e21ef3a77eq.jpg,,,,,45 sold,,,45 sold,Free,,,https://www.aliexpress.com/store/1104741319/pages/all-items.html?spm=a2g0o.store_pc_home.pcShopHead_2012107242900.99&sortType=orders_desc&shop_sortType=orders_desc&SortType=total_tranpro_desc,,
1005009575865125,1/16 Scale 120mm DieCast Resin Figure Model Kit WWII German Wehrmacht (2 Heads) Miniature Toys Unassembled Unpainted DIY Diorama,$14.36,,,https://www.aliexpress.com/item/1005009575865125.html,https://ae-pic-a1.aliexpress-media.com/kf/S9ffe5457c37b4a8bb57510fa75a3bac6Q.jpg_350x350.jpg,https://ae01.alicdn.com/kf/S1887a285b60743859ac7bdbfca5e0896Z/154x64.png|https://ae01.alicdn.com/kf/Sb6a0486896c44dd8b19b117646c39e36J/116x64.png|https://ae01.alicdn.com/kf/S9ffe5457c37b4a8bb57510fa75a3bac6Q.jpg|https://ae01.alicdn.com/kf/Seb243bf563f840b094d4a2c49ec1ff12U.jpg|https://ae01.alicdn.com/kf/Sdd0caacde5ae48149294d3ca16836796i.jpg|https://ae01.alicdn.com/kf/Sdaffd08082664f25a79596cd3aabfc08U.jpg|https://ae01.alicdn.com/kf/Sa22c95a55597469a9793bf5efc95584fa.jpg,,,,,45 sold,,,45 sold,Free,,,https://www.aliexpress.com/store/1104741319/pages/all-items.html?spm=a2g0o.store_pc_home.pcShopHead_2012107242900.99&sortType=orders_desc&shop_sortType=orders_desc&SortType=total_tranpro_desc,,
1005009336375641,1/24 Scale 80mm Die-Cast Resin Figure Model Kit Beauty and The Lion Jewelry Box Miniature Toys Unassembled Unpainted DIY Diorama,$11.74,,,https://www.aliexpress.com/item/1005009336375641.html,https://ae-pic-a1.aliexpress-media.com/kf/S990c5290c028406fbaf95ac5015f356cM.jpg_350x350.jpg,https://ae01.alicdn.com/kf/Sb6a0486896c44dd8b19b117646c39e36J/116x64.png|https://ae01.alicdn.com/kf/S1887a285b60743859ac7bdbfca5e0896Z/154x64.png|https://ae01.alicdn.com/kf/S990c5290c028406fbaf95ac5015f356cM.jpg|https://ae01.alicdn.com/kf/S6f63bb6e060f45728bdcb6195a4a340bj.jpg|https://ae01.alicdn.com/kf/S4b1296e573c74edd8694eaf5ee856676G.jpg,,,,,45 sold,,,45 sold,Free,,,https://www.aliexpress.com/store/1104741319/pages/all-items.html?spm=a2g0o.store_pc_home.pcShopHead_2012107242900.99&sortType=orders_desc&shop_sortType=orders_desc&SortType=total_tranpro_desc,,
1005009001039124,1/35 Scale DieCast Resin Figure Model Kit WWII Japanese Tank Crew and Infantry At Rest 6 Figures (No Tank) Unassembled Unpainted,$17.17,,,https://www.aliexpress.com/item/1005009001039124.html,https://ae-pic-a1.aliexpress-media.com/kf/Scfe51e72ab284bfaaa5b17be5611ec54i.jpg_350x350.jpg,https://ae01.alicdn.com/kf/Sb6a0486896c44dd8b19b117646c39e36J/116x64.png|https://ae01.alicdn.com/kf/Scfe51e72ab284bfaaa5b17be5611ec54i.jpg|https://ae01.alicdn.com/kf/S9de0e443b48c4776a63f1c95db37aad5k.jpg,,,,,44 sold,,,44 sold,Free,,,https://www.aliexpress.com/store/1104741319/pages/all-items.html?spm=a2g0o.store_pc_home.pcShopHead_2012107242900.99&sortType=orders_desc&shop_sortType=orders_desc&SortType=total_tranpro_desc,,
1005010055556722,1/72 Scale Die-Cast Resin Model Assembled Kit M1A2 TUSK Tank Accessories Set (No Tank) Unassembled and Unpainted,$7.99,,,https://www.aliexpress.com/item/1005010055556722.html,https://ae-pic-a1.aliexpress-media.com/kf/S3ad665b0f8e64b57a5cc08d6010da396I.jpg_350x350.jpg,https://ae01.alicdn.com/kf/S3ad665b0f8e64b57a5cc08d6010da396I.jpg|https://ae01.alicdn.com/kf/S42f0adb7b1c5468393baac016d4be490Z.jpg|https://ae01.alicdn.com/kf/Se55c7cf5555c41828a803ee2a2b9c3c5a.jpg,,,,,43 sold,,,43 sold,Free,,,https://www.aliexpress.com/store/1104741319/pages/all-items.html?spm=a2g0o.store_pc_home.pcShopHead_2012107242900.99&sortType=orders_desc&shop_sortType=orders_desc&SortType=total_tranpro_desc,,
1005010006912185,1/35 Scale Die-Cast Resin Model Assembled Kit Vietnam War US Army M48A3 Tank Stowage Set (No Tank) Unassembled and Unpainted,$19.11,,,https://www.aliexpress.com/item/1005010006912185.html,https://ae-pic-a1.aliexpress-media.com/kf/S3a1cccac3cdd4bcab3223e2d1ee4ea0b1.jpg_350x350.jpg,https://ae01.alicdn.com/kf/S3a1cccac3cdd4bcab3223e2d1ee4ea0b1.jpg|https://ae01.alicdn.com/kf/Scec559cec257419990f115dbb4f68febf.jpg|https://ae01.alicdn.com/kf/S43c834cb5a6948a19b6af364b4e8b760V.jpg|https://ae01.alicdn.com/kf/Sd5315679f1124458b637833d0e1916acm.jpg|https://ae01.alicdn.com/kf/S40a4ce3087d442af91d2877d4ce9339fL.jpg,,,,,43 sold,,,43 sold,Free,,,https://www.aliexpress.com/store/1104741319/pages/all-items.html?spm=a2g0o.store_pc_home.pcShopHead_2012107242900.99&sortType=orders_desc&shop_sortType=orders_desc&SortType=total_tranpro_desc,,
1005009980300820,1/16 Scale Die-Cast Resin Figure Model Kit WWII US Tank Crew 4 Figures (No Tank) Unassembled and Unpainted,$21.86,,,https://www.aliexpress.com/item/1005009980300820.html,https://ae-pic-a1.aliexpress-media.com/kf/S99a21ee2349841e9bc8e2ac9272595299.jpg_350x350.jpg,https://ae01.alicdn.com/kf/Sb6a0486896c44dd8b19b117646c39e36J/116x64.png|https://ae01.alicdn.com/kf/Sad7d675113e44b239887e09ea0a302d5L/60x60.png|https://ae01.alicdn.com/kf/S99a21ee2349841e9bc8e2ac9272595299.jpg|https://ae01.alicdn.com/kf/S3a0f059eb7004bff817cb17f89b22ae6D.jpg|https://ae01.alicdn.com/kf/S19f537002d8c4e3c873e27862d4640d6u.jpg,,,,,43 sold,,,43 sold,Free,,,https://www.aliexpress.com/store/1104741319/pages/all-items.html?spm=a2g0o.store_pc_home.pcShopHead_2012107242900.99&sortType=orders_desc&shop_sortType=orders_desc&SortType=total_tranpro_desc,,
1005010441438657,1/24 Scale 75mm DieCast Resin Figure Model Kit Grand Master of The Knights Templar Miniature Toys Unassembled Unpainted Diorama,$15.24,,,https://www.aliexpress.com/item/1005010441438657.html,https://ae-pic-a1.aliexpress-media.com/kf/S04a338b60b304978a9b7ae4370d590c4Q.jpg_350x350.jpg,https://ae01.alicdn.com/kf/Sb6a0486896c44dd8b19b117646c39e36J/116x64.png|https://ae01.alicdn.com/kf/S04a338b60b304978a9b7ae4370d590c4Q.jpg|https://ae01.alicdn.com/kf/Sa691d1eceaa343809ca75a40de68576bF.jpg,,,,,42 sold,,,42 sold,Free,,,https://www.aliexpress.com/store/1104741319/pages/all-items.html?spm=a2g0o.store_pc_home.pcShopHead_2012107242900.99&sortType=orders_desc&shop_sortType=orders_desc&SortType=total_tranpro_desc,,
1005010160424225,1/35 Scale Die-Cast Resin Model Assembled Kit US M3A1 Scout Car Accessories Set (No Car) Unassembled and Unpainted,$9.86,,,https://www.aliexpress.com/item/1005010160424225.html,https://ae-pic-a1.aliexpress-media.com/kf/Sf943eeeb3b8d44808340600edda63f94w.jpg_350x350.jpg,https://ae01.alicdn.com/kf/Sf943eeeb3b8d44808340600edda63f94w.jpg|https://ae01.alicdn.com/kf/S2d2f9c4250e5471ca8d4d7eadb7f230eY.jpg|https://ae01.alicdn.com/kf/Sabb49435901c432ca277b6b02fa26473m.jpg,,,,,42 sold,,,42 sold,Free,,,https://www.aliexpress.com/store/1104741319/pages/all-items.html?spm=a2g0o.store_pc_home.pcShopHead_2012107242900.99&sortType=orders_desc&shop_sortType=orders_desc&SortType=total_tranpro_desc,,
1005009389548551,1/24 Scale 80mm Die-Cast Resin Figure Model Kit The Beauty Holding A Vase Hobby Miniature Toys Unassembled Unpainted DIY Diorama,$10.82,,,https://www.aliexpress.com/item/1005009389548551.html,https://ae-pic-a1.aliexpress-media.com/kf/Sf7ff963b1be74e8eafb85f9fdc784f002.jpg_350x350.jpg,https://ae01.alicdn.com/kf/Sb6a0486896c44dd8b19b117646c39e36J/116x64.png|https://ae01.alicdn.com/kf/Sf7ff963b1be74e8eafb85f9fdc784f002.jpg|https://ae01.alicdn.com/kf/Sd21577d436db4661ae9618dcce543360Z.jpg|https://ae01.alicdn.com/kf/Sbd8c14a5eccb4916af6c14a9461a1accg.jpg,,,,,42 sold,,,42 sold,Free,,,https://www.aliexpress.com/store/1104741319/pages/all-items.html?spm=a2g0o.store_pc_home.pcShopHead_2012107242900.99&sortType=orders_desc&shop_sortType=orders_desc&SortType=total_tranpro_desc,,
1005009337238798,1/35 Scale DieCast Resin Model Assembled Kit WWII German Kitchen Equipment Scene Model Unassembled and Unpainted No Etched Sheet,$14.84,,,https://www.aliexpress.com/item/1005009337238798.html,https://ae-pic-a1.aliexpress-media.com/kf/S60eea60f66ec4288b29f2ff5841a8e42n.jpg_350x350.jpg,https://ae01.alicdn.com/kf/Sb6a0486896c44dd8b19b117646c39e36J/116x64.png|https://ae01.alicdn.com/kf/S60eea60f66ec4288b29f2ff5841a8e42n.jpg|https://ae01.alicdn.com/kf/Sfa8e32d3851a4751b746c65d35f41eb0m.jpg|https://ae01.alicdn.com/kf/Se7708a73697b4d40bdc3ad4e629d9e95C.jpg,,,,,42 sold,,,42 sold,Free,,,https://www.aliexpress.com/store/1104741319/pages/all-items.html?spm=a2g0o.store_pc_home.pcShopHead_2012107242900.99&sortType=orders_desc&shop_sortType=orders_desc&SortType=total_tranpro_desc,,
1005009336694345,1/24 Scale 80mm Die-Cast Resin Figure Model Kit Beauty and The Tiger Miniature Toys Unassembled Unpainted DIY Diorama,$12.07,,,https://www.aliexpress.com/item/1005009336694345.html,https://ae-pic-a1.aliexpress-media.com/kf/Sabe332981b6843c294ee832b44bc7effH.jpg_350x350.jpg,https://ae01.alicdn.com/kf/Sabe332981b6843c294ee832b44bc7effH.jpg|https://ae01.alicdn.com/kf/S98e994eab70c410eb996bcf40016def2H.jpg|https://ae01.alicdn.com/kf/S73013c37d8514c15a93b7453b12b3e97f.jpg,,,,,42 sold,,,42 sold,Free,,,https://www.aliexpress.com/store/1104741319/pages/all-items.html?spm=a2g0o.store_pc_home.pcShopHead_2012107242900.99&sortType=orders_desc&shop_sortType=orders_desc&SortType=total_tranpro_desc,,
1005009248353662,1/35 Scale Die-Cast Resin Model Assembled Kit WWII German Antitank Mines Scene Model Unassembled and Unpainted,$10.70,,,https://www.aliexpress.com/item/1005009248353662.html,https://ae-pic-a1.aliexpress-media.com/kf/Sde75db7aec304beb8b6c990f30ef95a5n.jpg_350x350.jpg,https://ae01.alicdn.com/kf/Sb6a0486896c44dd8b19b117646c39e36J/116x64.png|https://ae01.alicdn.com/kf/Sde75db7aec304beb8b6c990f30ef95a5n.jpg|https://ae01.alicdn.com/kf/S29a35ec1f37a47eb9cb90cc6d93a9aa3V.jpg|https://ae01.alicdn.com/kf/S3b699069a5904b8f816c16f5a9205fd5c.jpg,,,,,42 sold,,,42 sold,Free,,,https://www.aliexpress.com/store/1104741319/pages/all-items.html?spm=a2g0o.store_pc_home.pcShopHead_2012107242900.99&sortType=orders_desc&shop_sortType=orders_desc&SortType=total_tranpro_desc,,
1005009113444905,1/35 Scale Die-Cast Resin Figure Model Kit Russian Refugees with Cart 4 Figures & Horse and Possessions Unassembled Unpainted,$17.55,,,https://www.aliexpress.com/item/1005009113444905.html,https://ae-pic-a1.aliexpress-media.com/kf/Sddf90e0319774c7a8d9cf52642b6a990Z.jpg_350x350.jpg,https://ae01.alicdn.com/kf/Sb6a0486896c44dd8b19b117646c39e36J/116x64.png|https://ae01.alicdn.com/kf/Sddf90e0319774c7a8d9cf52642b6a990Z.jpg|https://ae01.alicdn.com/kf/Sb694884fb2494492bd21bc1c1e3f2028N.jpg|https://ae01.alicdn.com/kf/S896b2b69a1634d0eaecab59d20ec2f87P.jpg,,,,,42 sold,,,42 sold,Free,,,https://www.aliexpress.com/store/1104741319/pages/all-items.html?spm=a2g0o.store_pc_home.pcShopHead_2012107242900.99&sortType=orders_desc&shop_sortType=orders_desc&SortType=total_tranpro_desc,,
1005010744302372,1/24 Scale 75mm Die-Cast Resin Figure Model Kit Ancient Infantryman and Goose Hobby Miniature Toys Unassembled Unpainted Diorama,$13.61,,,https://www.aliexpress.com/item/1005010744302372.html,https://ae-pic-a1.aliexpress-media.com/kf/S8fe2be3944954af2b35a40a3f01d898dv.jpg_350x350.jpg,https://ae01.alicdn.com/kf/S8fe2be3944954af2b35a40a3f01d898dv.jpg|https://ae01.alicdn.com/kf/Sb24e3723d4694a9d994326514ced594ec.jpg|https://ae01.alicdn.com/kf/Scf96dca7a66d4232b9fc0300e19fe065E.jpg|https://ae01.alicdn.com/kf/S67d6e07b3f77490a927d1d61f5e1d3bfX.jpg|https://ae01.alicdn.com/kf/S893bd052ce244dd9ab81a45000ce26d15.jpg,,,,,41 sold,,,41 sold,Free,,,https://www.aliexpress.com/store/1104741319/pages/all-items.html?spm=a2g0o.store_pc_home.pcShopHead_2012107242900.99&sortType=orders_desc&shop_sortType=orders_desc&SortType=total_tranpro_desc,,
1005009161485143,1/24 Scale Die-Cast Resin Figure Model Kit German Medieval Epic Queen Hobby Miniature Toys Unassembled and Unpainted DIY Diorama,$10.99,,,https://www.aliexpress.com/item/1005009161485143.html,https://ae-pic-a1.aliexpress-media.com/kf/S9a10db35441344cda96bc84bfeab9ca2x.jpg_350x350.jpg,https://ae01.alicdn.com/kf/S9a10db35441344cda96bc84bfeab9ca2x.jpg|https://ae01.alicdn.com/kf/S9272011f17014f9ab6cdc71bdaf90824u.jpg|https://ae01.alicdn.com/kf/S398e1a039fa649eaa22b732f5e01b65aj.jpg,,,,,41 sold,,,41 sold,Free,,,https://www.aliexpress.com/store/1104741319/pages/all-items.html?spm=a2g0o.store_pc_home.pcShopHead_2012107242900.99&sortType=orders_desc&shop_sortType=orders_desc&SortType=total_tranpro_desc,,
1005009832422950,1/16 Scale Die-Cast Resin Figure Model Kit Russian Internal Troops Soldier (No Truck) Unassembled and Unpainted,$15.54,,,https://www.aliexpress.com/item/1005009832422950.html,https://ae-pic-a1.aliexpress-media.com/kf/S332a835968bf4032ab5504f0d8c70a47O.jpg_350x350.jpg,https://ae01.alicdn.com/kf/S332a835968bf4032ab5504f0d8c70a47O.jpg|https://ae01.alicdn.com/kf/S034cf1b8984a4591849adf06ff39d25aN.jpg|https://ae01.alicdn.com/kf/S9ac39d622f014b31ba28c601048aa3c0E.jpg|https://ae01.alicdn.com/kf/S73f3d0c100f44665babf19eba0bb1bc6H.jpg|https://ae01.alicdn.com/kf/S645d0df8017f4904be3cf436acd601bf3.jpg,,,,,40 sold,,,40 sold,Free,,,https://www.aliexpress.com/store/1104741319/pages/all-items.html?spm=a2g0o.store_pc_home.pcShopHead_2012107242900.99&sortType=orders_desc&shop_sortType=orders_desc&SortType=total_tranpro_desc,,
1005010047357271,1/72 Scale Die-Cast Resin Model Assembled Kit M4A3 105MM HVSS Accessories Set (No Tank) Unassembled and Unpainted,$7.49,,,https://www.aliexpress.com/item/1005010047357271.html,https://ae-pic-a1.aliexpress-media.com/kf/S3f0c0cf6b22143a3b10a580d5eceffc4H.jpg_350x350.jpg,https://ae01.alicdn.com/kf/S3f0c0cf6b22143a3b10a580d5eceffc4H.jpg|https://ae01.alicdn.com/kf/Sa473266edaef4551ac0077cc0c5aa0d0y.jpg|https://ae01.alicdn.com/kf/S15f540f60a6b450f9f0fd3ca4ad99e38g.jpg,,,,,39 sold,,,39 sold,Free,,,https://www.aliexpress.com/store/1104741319/pages/all-items.html?spm=a2g0o.store_pc_home.pcShopHead_2012107242900.99&sortType=orders_desc&shop_sortType=orders_desc&SortType=total_tranpro_desc,,
1005009285297380,1/35 Scale Die-Cast Resin Model Assembled Kit WWII German Panzerfaust 30 + 60 Scene Model Unassembled and Unpainted,$12.28,,,https://www.aliexpress.com/item/1005009285297380.html,https://ae-pic-a1.aliexpress-media.com/kf/S2d6e4c7fd0ff4ffda405ba55fb523e069.jpg_350x350.jpg,https://ae01.alicdn.com/kf/S2d6e4c7fd0ff4ffda405ba55fb523e069.jpg|https://ae01.alicdn.com/kf/S0cd21aa9279643808b23f458a5daebdd4.jpg|https://ae01.alicdn.com/kf/S0c6ea0b1d51b4c59b767365d6b8da8ca7.jpg,,,,,39 sold,,,39 sold,Free,,,https://www.aliexpress.com/store/1104741319/pages/all-items.html?spm=a2g0o.store_pc_home.pcShopHead_2012107242900.99&sortType=orders_desc&shop_sortType=orders_desc&SortType=total_tranpro_desc,,
1005009168268446,1/24 Scale Die-Cast Resin Figure Model Kit AntiGravity Yoga Girl Hobby Miniature Toys Unassembled Unpainted DIY Diorama,$11.41,,,https://www.aliexpress.com/item/1005009168268446.html,https://ae-pic-a1.aliexpress-media.com/kf/S604c859d6e1d4ba895c98ac10509368e5.jpg_350x350.jpg,https://ae01.alicdn.com/kf/Sb6a0486896c44dd8b19b117646c39e36J/116x64.png|https://ae01.alicdn.com/kf/S604c859d6e1d4ba895c98ac10509368e5.jpg|https://ae01.alicdn.com/kf/S9c1489f25fbf401ca5285b1455c50703R.jpg|https://ae01.alicdn.com/kf/S504de14faf974c27a513b34f41ce3f99u.jpg|https://ae01.alicdn.com/kf/Sfd9465a9904347cdbb775a3db253ccd8J.jpg|https://ae01.alicdn.com/kf/S07077676137d402da0db2498b07eac77T.jpg,,,,,39 sold,,,39 sold,Free,,,https://www.aliexpress.com/store/1104741319/pages/all-items.html?spm=a2g0o.store_pc_home.pcShopHead_2012107242900.99&sortType=orders_desc&shop_sortType=orders_desc&SortType=total_tranpro_desc,,
1005010652819658,1/16 Scale Die-Cast Resin Figure Model Kit US Infantry (2 Heads) Unassembled and Unpainted,$15.24,,,https://www.aliexpress.com/item/1005010652819658.html,https://ae-pic-a1.aliexpress-media.com/kf/S3ba9e2c00da546b58cf1fd9af33c155fn.jpg_350x350.jpg,https://ae01.alicdn.com/kf/S3ba9e2c00da546b58cf1fd9af33c155fn.jpg|https://ae01.alicdn.com/kf/S19ae042d815a46acb61bd4c9c1d0294bY.jpg|https://ae01.alicdn.com/kf/S36018cb545e94d70b333fc1215e44a4dq.jpg|https://ae01.alicdn.com/kf/Sd6fdcd30b9624c0fb04af2b7914ed8c2n.jpg|https://ae01.alicdn.com/kf/Sdcdc4e3d87304e7cb24c03d8186a86bfP.jpg,,,,,38 sold,,,38 sold,Free,,,https://www.aliexpress.com/store/1104741319/pages/all-items.html?spm=a2g0o.store_pc_home.pcShopHead_2012107242900.99&sortType=orders_desc&shop_sortType=orders_desc&SortType=total_tranpro_desc,,
1005009906160922,1/10 Scale Die-Cast Resin Bust Model Kit Ancient British Ironclad Army Statue Unassembled and Unpainted,$21.36,,,https://www.aliexpress.com/item/1005009906160922.html,https://ae-pic-a1.aliexpress-media.com/kf/S447c51f676b04ca8920999c59abea307T.jpg_350x350.jpg,https://ae01.alicdn.com/kf/S1887a285b60743859ac7bdbfca5e0896Z/154x64.png|https://ae01.alicdn.com/kf/Sb6a0486896c44dd8b19b117646c39e36J/116x64.png|https://ae01.alicdn.com/kf/S447c51f676b04ca8920999c59abea307T.jpg|https://ae01.alicdn.com/kf/S1b0e271e58c64e3ba582b8c1307221e3X.jpg|https://ae01.alicdn.com/kf/S63a80d615af64e8da246accf9a09c299k.jpg|https://ae01.alicdn.com/kf/S23f01ccb2f0c4947958637a210bb8d987.jpg|https://ae01.alicdn.com/kf/Sbfbf7e4fbf7e4a99ace8f1772106415c0.jpg,,,,,38 sold,,,38 sold,Free,,,https://www.aliexpress.com/store/1104741319/pages/all-items.html?spm=a2g0o.store_pc_home.pcShopHead_2012107242900.99&sortType=orders_desc&shop_sortType=orders_desc&SortType=total_tranpro_desc,,
1005009895293901,1/16 Scale Die-Cast Resin Figure Model Kit WWII German Infantry Soldier Unassembled and Unpainted,$14.49,,,https://www.aliexpress.com/item/1005009895293901.html,https://ae-pic-a1.aliexpress-media.com/kf/S85cfb9babf2a4da791b2b975b240dd63q.jpg_350x350.jpg,https://ae01.alicdn.com/kf/Sb6a0486896c44dd8b19b117646c39e36J/116x64.png|https://ae01.alicdn.com/kf/S85cfb9babf2a4da791b2b975b240dd63q.jpg|https://ae01.alicdn.com/kf/S0d28b62b79cd4b7ca55ded06f2979d5b5.jpg|https://ae01.alicdn.com/kf/Sbced8979ff014f1e8d79a2e9ad9cc4063.jpg|https://ae01.alicdn.com/kf/S67a7e0d9aa2142d889f2d1f2092d6622Y.jpg|https://ae01.alicdn.com/kf/S9d3e98bf9aaa422493c0d798a9bf9242B.jpg,,,,,38 sold,,,38 sold,Free,,,https://www.aliexpress.com/store/1104741319/pages/all-items.html?spm=a2g0o.store_pc_home.pcShopHead_2012107242900.99&sortType=orders_desc&shop_sortType=orders_desc&SortType=total_tranpro_desc,,
1005009619399200,1/35 Scale Die-Cast Resin Model Assembled Kit Africa Corps Military Vehicle Accessories Set (No Car) Unassembled and Unpainted,$10.49,,,https://www.aliexpress.com/item/1005009619399200.html,https://ae-pic-a1.aliexpress-media.com/kf/Sf1199098b46044d090d54cbdac0ff068n.jpg_350x350.jpg,https://ae01.alicdn.com/kf/Sb6a0486896c44dd8b19b117646c39e36J/116x64.png|https://ae01.alicdn.com/kf/Sf1199098b46044d090d54cbdac0ff068n.jpg|https://ae01.alicdn.com/kf/Safdae2837a7449d8a260853643866148A.jpg|https://ae01.alicdn.com/kf/S2063e62c797d4e938107e048edd4e6fa6.jpg,,,,,38 sold,,,38 sold,Free,,,https://www.aliexpress.com/store/1104741319/pages/all-items.html?spm=a2g0o.store_pc_home.pcShopHead_2012107242900.99&sortType=orders_desc&shop_sortType=orders_desc&SortType=total_tranpro_desc,,
1005009618997405,1/72 Scale Die-Cast Resin Model Assembled Kit Soviet Army Truck Accessories Set (No Car) Unassembled and Unpainted,$6.89,,,https://www.aliexpress.com/item/1005009618997405.html,https://ae-pic-a1.aliexpress-media.com/kf/Sf72a7632690b4c06bec0f3676633f7caq.jpg_350x350.jpg,https://ae01.alicdn.com/kf/Sf72a7632690b4c06bec0f3676633f7caq.jpg|https://ae01.alicdn.com/kf/Sda2d9b3c28aa498c85aa2f2d0de11176t.jpg|https://ae01.alicdn.com/kf/Sd8fcb4c764ec4660984684c2fe7b6946D.jpg,,,,,38 sold,,,38 sold,Free,,,https://www.aliexpress.com/store/1104741319/pages/all-items.html?spm=a2g0o.store_pc_home.pcShopHead_2012107242900.99&sortType=orders_desc&shop_sortType=orders_desc&SortType=total_tranpro_desc,,
1005009594706960,1/16 Scale Die-Cast Resin Figure Model Kit US M8 Armored Vehicle Crew Set 4 Figures (No Car) Unassembled Unpainted,$44.99,,,https://www.aliexpress.com/item/1005009594706960.html,https://ae-pic-a1.aliexpress-media.com/kf/S09a8e87a2e5c44ee9e972010c183b60cq.jpg_350x350.jpg,https://ae01.alicdn.com/kf/S09a8e87a2e5c44ee9e972010c183b60cq.jpg|https://ae01.alicdn.com/kf/Sa9c3494d3c34477cb022e690c0ee81daI.jpg|https://ae01.alicdn.com/kf/S65cd992d418d4b8b91f31f62beb20ffbS.jpg|https://ae01.alicdn.com/kf/Sf43dbbb824da4a3e8643150af2306e133.jpg,,,,,38 sold,,,38 sold,Free,,,https://www.aliexpress.com/store/1104741319/pages/all-items.html?spm=a2g0o.store_pc_home.pcShopHead_2012107242900.99&sortType=orders_desc&shop_sortType=orders_desc&SortType=total_tranpro_desc,,
1005009397812731,1/35 Scale Die-Cast Resin Figure Model Kit WWII German Jagdpanther Crew 3 Figures Unassembled and Unpainted,$10.99,,,https://www.aliexpress.com/item/1005009397812731.html,https://ae-pic-a1.aliexpress-media.com/kf/S8b9430eff52b4303ad0848c4bd9561b9r.jpg_350x350.jpg,https://ae01.alicdn.com/kf/Sb6a0486896c44dd8b19b117646c39e36J/116x64.png|https://ae01.alicdn.com/kf/S8b9430eff52b4303ad0848c4bd9561b9r.jpg|https://ae01.alicdn.com/kf/Sfdf659f4f8ba4ebf98c6fc2c0238ac17W.jpg,,,,,38 sold,,,38 sold,Free,,,https://www.aliexpress.com/store/1104741319/pages/all-items.html?spm=a2g0o.store_pc_home.pcShopHead_2012107242900.99&sortType=orders_desc&shop_sortType=orders_desc&SortType=total_tranpro_desc,,
1005008885160831,1/35 Scale Die-Cast Resin Figure Model Kit Beautiful Woman Holding Flower Unassembled and Unpainted,$6.84,,,https://www.aliexpress.com/item/1005008885160831.html,https://ae-pic-a1.aliexpress-media.com/kf/S6d2f40aee7744c9fb8965c76b078df566.jpg_350x350.jpg,https://ae01.alicdn.com/kf/Sb6a0486896c44dd8b19b117646c39e36J/116x64.png|https://ae01.alicdn.com/kf/S6d2f40aee7744c9fb8965c76b078df566.jpg|https://ae01.alicdn.com/kf/S0b922ce264884d319193a01468fee849x.jpg,,,,,38 sold,,,38 sold,Free,,,https://www.aliexpress.com/store/1104741319/pages/all-items.html?spm=a2g0o.store_pc_home.pcShopHead_2012107242900.99&sortType=orders_desc&shop_sortType=orders_desc&SortType=total_tranpro_desc,,
1005010701040017,1/35 Scale DieCast Resin Model Assembled Kit City Wall (240mm Total Length) Scene Model Unassembled Unpainted,$12.11,,,https://www.aliexpress.com/item/1005010701040017.html,https://ae-pic-a1.aliexpress-media.com/kf/Sbcf5528d372e41898be400cb759f1375T.jpg_350x350.jpg,https://ae01.alicdn.com/kf/Sb6a0486896c44dd8b19b117646c39e36J/116x64.png|https://ae01.alicdn.com/kf/Sbcf5528d372e41898be400cb759f1375T.jpg|https://ae01.alicdn.com/kf/Saee740166a6940c58bb17a81fff555b1l.jpg|https://ae01.alicdn.com/kf/S5246cf757ecc4d13bbe8ed7652bfc21aC.jpg,,,,,37 sold,,,37 sold,Free,,,https://www.aliexpress.com/store/1104741319/pages/all-items.html?spm=a2g0o.store_pc_home.pcShopHead_2012107242900.99&sortType=orders_desc&shop_sortType=orders_desc&SortType=total_tranpro_desc,,
1005010700730640,1/35 Scale DieCast Resin Model Assembled Kit Street with Cart Base (100x60mm) Scene Model Unassembled Unpainted,$10.11,,,https://www.aliexpress.com/item/1005010700730640.html,https://ae-pic-a1.aliexpress-media.com/kf/S3548a6b345fd48a2899fd8db35530215i.jpg_350x350.jpg,https://ae01.alicdn.com/kf/S3548a6b345fd48a2899fd8db35530215i.jpg|https://ae01.alicdn.com/kf/Saaa3b4fa3aad41fcb59fcf7f3ecb2904X.jpg|https://ae01.alicdn.com/kf/Sc0dda954e3fd49568c4158cb8b6c86b49.jpg,,,,,37 sold,,,37 sold,Free,,,https://www.aliexpress.com/store/1104741319/pages/all-items.html?spm=a2g0o.store_pc_home.pcShopHead_2012107242900.99&sortType=orders_desc&shop_sortType=orders_desc&SortType=total_tranpro_desc,,
1005010025664147,1/24 Scale 75mm Die-Cast Resin Figure Model Kit Ancient Japanese Samurai Hobby Miniature Toys Unassembled Unpainted DIY Diorama,$14.11,,,https://www.aliexpress.com/item/1005010025664147.html,https://ae-pic-a1.aliexpress-media.com/kf/Sc0dbcc14ee814583834b1424c5e04f5dh.jpg_350x350.jpg,https://ae01.alicdn.com/kf/Sc0dbcc14ee814583834b1424c5e04f5dh.jpg|https://ae01.alicdn.com/kf/Scdc268e5ec94432c8bd742b0043ca6e6D.jpg|https://ae01.alicdn.com/kf/S87dd1f5d14884bd8a86a4f96533af946U.jpg|https://ae01.alicdn.com/kf/Sa263f31c26a64d0dad2bb89f09e9aa936.jpg|https://ae01.alicdn.com/kf/S6ebfb5c185fb43faafac3a23dc927b71D.jpg,,,,,37 sold,,,37 sold,Free,,,https://www.aliexpress.com/store/1104741319/pages/all-items.html?spm=a2g0o.store_pc_home.pcShopHead_2012107242900.99&sortType=orders_desc&shop_sortType=orders_desc&SortType=total_tranpro_desc,,
1005008886286070,1/35 Scale Die-Cast Resin Figure Model Kit Arab Civilians 2 Figures Unassembled and Unpainted,$8.27,,,https://www.aliexpress.com/item/1005008886286070.html,https://ae-pic-a1.aliexpress-media.com/kf/S12e1c106ae5847049338154c37cb588eI.jpg_350x350.jpg,https://ae01.alicdn.com/kf/Sb6a0486896c44dd8b19b117646c39e36J/116x64.png|https://ae01.alicdn.com/kf/Sad7d675113e44b239887e09ea0a302d5L/60x60.png|https://ae01.alicdn.com/kf/S12e1c106ae5847049338154c37cb588eI.jpg|https://ae01.alicdn.com/kf/S3998f3c84df740d88b754d4baf5eb128t.jpg,,,,,37 sold,,,37 sold,Free,,,https://www.aliexpress.com/store/1104741319/pages/all-items.html?spm=a2g0o.store_pc_home.pcShopHead_2012107242900.99&sortType=orders_desc&shop_sortType=orders_desc&SortType=total_tranpro_desc,,
1005010111998509,1/35 Scale Die-Cast Resin Model Assembled Kit Sd.kfz. 8 Accessories Set (No Car) Unassembled and Unpainted,$14.49,,,https://www.aliexpress.com/item/1005010111998509.html,https://ae-pic-a1.aliexpress-media.com/kf/S22a0df679f8f42a5a916a3343e9592b7R.jpg_350x350.jpg,https://ae01.alicdn.com/kf/S22a0df679f8f42a5a916a3343e9592b7R.jpg|https://ae01.alicdn.com/kf/S3177c3c0ca69446f8f532c9864ab74e43.jpg|https://ae01.alicdn.com/kf/Scbe295390d9145588ea23250e398d1b1E.jpg,,,,,36 sold,,,36 sold,Free,,,https://www.aliexpress.com/store/1104741319/pages/all-items.html?spm=a2g0o.store_pc_home.pcShopHead_2012107242900.99&sortType=orders_desc&shop_sortType=orders_desc&SortType=total_tranpro_desc,,
1005010052003239,1/35 Scale Die-Cast Resin Model Assembled Kit Marder II / Sd.Kfz.131 Accessories Set (No Tank) Unassembled and Unpainted,$12.11,,,https://www.aliexpress.com/item/1005010052003239.html,https://ae-pic-a1.aliexpress-media.com/kf/S94be4820d73b40cfbbd0cc3eedfdd67b2.jpg_350x350.jpg,https://ae01.alicdn.com/kf/S94be4820d73b40cfbbd0cc3eedfdd67b2.jpg|https://ae01.alicdn.com/kf/S8b480146272547438f7f05841490f4b5e.jpg|https://ae01.alicdn.com/kf/S76c7645e65cb4d738385a1fd229453fcE.jpg,,,,,36 sold,,,36 sold,Free,,,https://www.aliexpress.com/store/1104741319/pages/all-items.html?spm=a2g0o.store_pc_home.pcShopHead_2012107242900.99&sortType=orders_desc&shop_sortType=orders_desc&SortType=total_tranpro_desc,,
1005010048664266,1/35 Scale Die-Cast Resin Model Assembled Kit US Army M10 Tank Stowage Set (No Tank) Unassembled and Unpainted,$17.74,,,https://www.aliexpress.com/item/1005010048664266.html,https://ae-pic-a1.aliexpress-media.com/kf/S28c56da200474a4e881a19d3cbe23e609.jpg_350x350.jpg,https://ae01.alicdn.com/kf/Sb6a0486896c44dd8b19b117646c39e36J/116x64.png|https://ae01.alicdn.com/kf/S28c56da200474a4e881a19d3cbe23e609.jpg|https://ae01.alicdn.com/kf/S056c66617c2f4ae6aa3874a7aa396968U.jpg|https://ae01.alicdn.com/kf/S58b521ebf47443e9b51679208bf36c14f.jpg,,,,,36 sold,,,36 sold,Free,,,https://www.aliexpress.com/store/1104741319/pages/all-items.html?spm=a2g0o.store_pc_home.pcShopHead_2012107242900.99&sortType=orders_desc&shop_sortType=orders_desc&SortType=total_tranpro_desc,,
1005009085610301,1/35 Scale Die-Cast Resin Figure Model Kit African Scouts Soldiers 2 Figures Unassembled and Unpainted,$8.56,,,https://www.aliexpress.com/item/1005009085610301.html,https://ae-pic-a1.aliexpress-media.com/kf/Sc02e54a01fa7425eb7bdc42c56c140393.jpg_350x350.jpg,https://ae01.alicdn.com/kf/Sb6a0486896c44dd8b19b117646c39e36J/116x64.png|https://ae01.alicdn.com/kf/Sc02e54a01fa7425eb7bdc42c56c140393.jpg|https://ae01.alicdn.com/kf/Sb0cf5f9674ee47b2b9e68e6a80bd3987n.jpg,,,,,36 sold,,,36 sold,Free,,,https://www.aliexpress.com/store/1104741319/pages/all-items.html?spm=a2g0o.store_pc_home.pcShopHead_2012107242900.99&sortType=orders_desc&shop_sortType=orders_desc&SortType=total_tranpro_desc,,
1005008877998173,1/35 Scale Die-Cast Resin Animal Model Kit Wolf Packs 3 Pieces Unassembled and Unpainted DIY Scene Toy,$6.82,,,https://www.aliexpress.com/item/1005008877998173.html,https://ae-pic-a1.aliexpress-media.com/kf/S2c8c3409eea74507b7401122cf8b82f96.jpg_350x350.jpg,https://ae01.alicdn.com/kf/Sb6a0486896c44dd8b19b117646c39e36J/116x64.png|https://ae01.alicdn.com/kf/Sad7d675113e44b239887e09ea0a302d5L/60x60.png|https://ae01.alicdn.com/kf/S2c8c3409eea74507b7401122cf8b82f96.jpg|https://ae01.alicdn.com/kf/S6add3c5f39c64c4d98ad91a6b996e068z.jpg,,,,,36 sold,,,36 sold,Free,,,https://www.aliexpress.com/store/1104741319/pages/all-items.html?spm=a2g0o.store_pc_home.pcShopHead_2012107242900.99&sortType=orders_desc&shop_sortType=orders_desc&SortType=total_tranpro_desc,,
1005010161483685,1/35 Scale Die-Cast Resin Model Assembled Kit British Sherman Firefly Hessian Tape Camo Net (No Tank) Unassembled and Unpainted,$12.99,,,https://www.aliexpress.com/item/1005010161483685.html,https://ae-pic-a1.aliexpress-media.com/kf/S7454f4ce9fda4455ae08d421393c34b2p.jpg_350x350.jpg,https://ae01.alicdn.com/kf/S7454f4ce9fda4455ae08d421393c34b2p.jpg|https://ae01.alicdn.com/kf/Sfe2925e1c12e4148b6867f46102737f9y.jpg|https://ae01.alicdn.com/kf/S25d0c461cd074d4db14ba13fb70e6b51W.jpg,,,,,35 sold,,,35 sold,Free,,,https://www.aliexpress.com/store/1104741319/pages/all-items.html?spm=a2g0o.store_pc_home.pcShopHead_2012107242900.99&sortType=orders_desc&shop_sortType=orders_desc&SortType=total_tranpro_desc,,
1005009425120234,1/24 Scale Die-Cast Resin Figure Model Kit Dwarf Warrior Hobby Miniature Toy Unassembled Unpainted DIY Diorama,$15.96,,,https://www.aliexpress.com/item/1005009425120234.html,https://ae-pic-a1.aliexpress-media.com/kf/Seb0dc66a9984423f97674947ae745c91X.jpg_350x350.jpg,https://ae01.alicdn.com/kf/Sb6a0486896c44dd8b19b117646c39e36J/116x64.png|https://ae01.alicdn.com/kf/Seb0dc66a9984423f97674947ae745c91X.jpg|https://ae01.alicdn.com/kf/S2978fcaf8ffa4d71824c2a82be023b8f3.jpg|https://ae01.alicdn.com/kf/S0e06e767e85e49a7ad1103080a117330U.jpg,,,,,35 sold,,,35 sold,Free,,,https://www.aliexpress.com/store/1104741319/pages/all-items.html?spm=a2g0o.store_pc_home.pcShopHead_2012107242900.99&sortType=orders_desc&shop_sortType=orders_desc&SortType=total_tranpro_desc,,
1005010157641186,1/35 Scale Die-Cast Resin Model Assembled Kit Furniture-Study Room Scene Model Unassembled and Unpainted No Etched Sheet,$14.11,,,https://www.aliexpress.com/item/1005010157641186.html,https://ae-pic-a1.aliexpress-media.com/kf/S81a0e1d1759747bc89ab2178618c39128.jpg_350x350.jpg,https://ae01.alicdn.com/kf/Sb6a0486896c44dd8b19b117646c39e36J/116x64.png|https://ae01.alicdn.com/kf/S81a0e1d1759747bc89ab2178618c39128.jpg|https://ae01.alicdn.com/kf/Sf1a1730b3c764394b3e8b8c8b4d5d9a1l.jpg|https://ae01.alicdn.com/kf/Sc7f872adf59340a783a1fff3b27592377.jpg,,,,,34 sold,,,34 sold,Free,,,https://www.aliexpress.com/store/1104741319/pages/all-items.html?spm=a2g0o.store_pc_home.pcShopHead_2012107242900.99&sortType=orders_desc&shop_sortType=orders_desc&SortType=total_tranpro_desc,,
1005010101399894,1/35 Scale Die-Cast Resin Model Assembled Kit M-3 Grant Tank Accessories Set (No Tank) Unassembled and Unpainted,$11.03,,,https://www.aliexpress.com/item/1005010101399894.html,https://ae-pic-a1.aliexpress-media.com/kf/S5d2071ff72994979a631530187f97ce0Z.jpg_350x350.jpg,https://ae01.alicdn.com/kf/Sb6a0486896c44dd8b19b117646c39e36J/116x64.png|https://ae01.alicdn.com/kf/S5d2071ff72994979a631530187f97ce0Z.jpg|https://ae01.alicdn.com/kf/S035eb48c8d704067a549ad48d23485e2G.jpg|https://ae01.alicdn.com/kf/S9157e630079f4429a5d9e66eddc00745J.jpg,,,,,34 sold,,,34 sold,Free,,,https://www.aliexpress.com/store/1104741319/pages/all-items.html?spm=a2g0o.store_pc_home.pcShopHead_2012107242900.99&sortType=orders_desc&shop_sortType=orders_desc&SortType=total_tranpro_desc,,
1005009980602995,1/24 Scale 75mm Die-Cast Resin Figure Model Kit Ancient Knight Warrior Hobby Miniature Toys Unassembled Unpainted Diorama,$13.11,,,https://www.aliexpress.com/item/1005009980602995.html,https://ae-pic-a1.aliexpress-media.com/kf/Sc999562d6514417d8c89f8e4aa4c00e8g.jpg_350x350.jpg,https://ae01.alicdn.com/kf/Sb6a0486896c44dd8b19b117646c39e36J/116x64.png|https://ae01.alicdn.com/kf/Sc999562d6514417d8c89f8e4aa4c00e8g.jpg|https://ae01.alicdn.com/kf/Seeb62d2bad8940b2928baf3ddf1288b0p.jpg,,,,,34 sold,,,34 sold,Free,,,https://www.aliexpress.com/store/1104741319/pages/all-items.html?spm=a2g0o.store_pc_home.pcShopHead_2012107242900.99&sortType=orders_desc&shop_sortType=orders_desc&SortType=total_tranpro_desc,,
1005009962108729,1/20 Scale 90mm Die-Cast Resin Figure Model Kit Ancient Teutonic Knight Hobby Miniature Toys Unassembled Unpainted DIY Diorama,$12.74,,,https://www.aliexpress.com/item/1005009962108729.html,https://ae-pic-a1.aliexpress-media.com/kf/S0ce9a8b1311a400681d86e91db2dedc9S.jpg_350x350.jpg,https://ae01.alicdn.com/kf/Sb6a0486896c44dd8b19b117646c39e36J/116x64.png|https://ae01.alicdn.com/kf/S0ce9a8b1311a400681d86e91db2dedc9S.jpg|https://ae01.alicdn.com/kf/S72242210c86347349e150455d9f8421fS.jpg,,,,,34 sold,,,34 sold,Free,,,https://www.aliexpress.com/store/1104741319/pages/all-items.html?spm=a2g0o.store_pc_home.pcShopHead_2012107242900.99&sortType=orders_desc&shop_sortType=orders_desc&SortType=total_tranpro_desc,,
1005009927147455,1/72 Scale Die-Cast Resin Model Assembled Kit Barrels Accessories Set Unassembled and Unpainted,$7.49,,,https://www.aliexpress.com/item/1005009927147455.html,https://ae-pic-a1.aliexpress-media.com/kf/S960a92daebeb40d78e1a4fb5b6f40a4db.jpg_350x350.jpg,https://ae01.alicdn.com/kf/Sb6a0486896c44dd8b19b117646c39e36J/116x64.png|https://ae01.alicdn.com/kf/S960a92daebeb40d78e1a4fb5b6f40a4db.jpg|https://ae01.alicdn.com/kf/S71883651cd024af2b313e617cc28246fP.jpg,,,,,34 sold,,,34 sold,Free,,,https://www.aliexpress.com/store/1104741319/pages/all-items.html?spm=a2g0o.store_pc_home.pcShopHead_2012107242900.99&sortType=orders_desc&shop_sortType=orders_desc&SortType=total_tranpro_desc,,
1005009662678270,1/24 Scale DieCast Resin Figure Model Kit Beautiful Woman Beach Lifeguard NSFW Miniature Toys Unassembled Unpainted DIY Diorama,$10.21,,,https://www.aliexpress.com/item/1005009662678270.html,https://ae-pic-a1.aliexpress-media.com/kf/Sa02cf3b8a7174504807982815188b1946.jpg_350x350.jpg,https://ae01.alicdn.com/kf/Sa02cf3b8a7174504807982815188b1946.jpg|https://ae01.alicdn.com/kf/S6118eaa033b342b1b2f34948b6f60352K.jpg|https://ae01.alicdn.com/kf/S36c9431e42c0475eaa16ce9aa8c7af614.jpg|https://ae01.alicdn.com/kf/S2e7ba6cd03384931b9f00fb68f717061N.jpg|https://ae01.alicdn.com/kf/S0900cf399cc94a1297fc3e181ba86f00n.jpg|https://ae01.alicdn.com/kf/S09782ec34c764ce592933b5c7e6d549di.jpg,,,,,34 sold,,,34 sold,Free,,,https://www.aliexpress.com/store/1104741319/pages/all-items.html?spm=a2g0o.store_pc_home.pcShopHead_2012107242900.99&sortType=orders_desc&shop_sortType=orders_desc&SortType=total_tranpro_desc,,
1005010794763929,1/12 Scale Die-Cast Resin Bust Model Kit Ancient Germanic Warrior Statue Unassembled and Unpainted,$13.24,,,https://www.aliexpress.com/item/1005010794763929.html,https://ae-pic-a1.aliexpress-media.com/kf/S6145f0029625407ca4c2d26d5847de4bR.jpg_350x350.jpg,https://ae01.alicdn.com/kf/S6145f0029625407ca4c2d26d5847de4bR.jpg|https://ae01.alicdn.com/kf/S662079144e164651be469ca1e46460ffl.jpg|https://ae01.alicdn.com/kf/S42dff352b7034767911acb4332fb61b3q.jpg|https://ae01.alicdn.com/kf/Sf84fbfe0d5e14eb1adb994b5f3ee1a6bT.jpg|https://ae01.alicdn.com/kf/S82d8758156fc4699a82cff88db00570ci.jpg,,,,,33 sold,,,33 sold,Free,,,https://www.aliexpress.com/store/1104741319/pages/all-items.html?spm=a2g0o.store_pc_home.pcShopHead_2012107242900.99&sortType=orders_desc&shop_sortType=orders_desc&SortType=total_tranpro_desc,,
1005010745330248,1/24 Scale 75mm Die-Cast Resin Figure Model Kit Ancient Eastern Merchant Hobby Miniature Toys Unassembled Unpainted Diorama,$17.74,,,https://www.aliexpress.com/item/1005010745330248.html,https://ae-pic-a1.aliexpress-media.com/kf/S5f7d474c949d4bf2aaef0c7658861d2du.jpg_350x350.jpg,https://ae01.alicdn.com/kf/Sb6a0486896c44dd8b19b117646c39e36J/116x64.png|https://ae01.alicdn.com/kf/S1887a285b60743859ac7bdbfca5e0896Z/154x64.png|https://ae01.alicdn.com/kf/S5f7d474c949d4bf2aaef0c7658861d2du.jpg|https://ae01.alicdn.com/kf/Se32c4cbff3d24c11bc59f2897fc98b2d6.jpg|https://ae01.alicdn.com/kf/Sc1f279af4fe74556b5f388532033406ae.jpg|https://ae01.alicdn.com/kf/S52e23eb587ba4238af1ce43bc6bfb8e5r.jpg,,,,,33 sold,,,33 sold,Free,,,https://www.aliexpress.com/store/1104741319/pages/all-items.html?spm=a2g0o.store_pc_home.pcShopHead_2012107242900.99&sortType=orders_desc&shop_sortType=orders_desc&SortType=total_tranpro_desc,,
1005010674079378,1/24 Scale Die-Cast Resin Figure Model Kit Beauty Female Agent Miniature Toys Unassembled Unpainted DIY Diorama,$11.03,,,https://www.aliexpress.com/item/1005010674079378.html,https://ae-pic-a1.aliexpress-media.com/kf/S8c7a8b1829d844198755f788527e9624u.jpg_350x350.jpg,https://ae01.alicdn.com/kf/S8c7a8b1829d844198755f788527e9624u.jpg|https://ae01.alicdn.com/kf/Sf43f7d43d4ca4be48404934893dc747aN.jpg|https://ae01.alicdn.com/kf/S4895aa9e05db484a8894d2d12d3477d45.jpg,,,,,33 sold,,,33 sold,Free,,,https://www.aliexpress.com/store/1104741319/pages/all-items.html?spm=a2g0o.store_pc_home.pcShopHead_2012107242900.99&sortType=orders_desc&shop_sortType=orders_desc&SortType=total_tranpro_desc,,
1005010648812803,1/10 Scale Die-Cast Resin Bust Model Kit Cow Girl Carrying Gun Statue Unassembled and Unpainted,$15.24,,,https://www.aliexpress.com/item/1005010648812803.html,https://ae-pic-a1.aliexpress-media.com/kf/S29f68488c5aa4c969c8848ddfa3c4d97S.jpg_350x350.jpg,https://ae01.alicdn.com/kf/Sb6a0486896c44dd8b19b117646c39e36J/116x64.png|https://ae01.alicdn.com/kf/S29f68488c5aa4c969c8848ddfa3c4d97S.jpg|https://ae01.alicdn.com/kf/S43353f4bd5b64907b85bd03d04ba582fy.jpg|https://ae01.alicdn.com/kf/S97d399b0a7f0407c9e409aa8fb9e4fb28.jpg|https://ae01.alicdn.com/kf/S465b78cd2e19429ca1d1032f8111c09bq.jpg|https://ae01.alicdn.com/kf/Sa68882b61eb446b6a53614132ee26f4cN.jpg,,,,,33 sold,,,33 sold,Free,,,https://www.aliexpress.com/store/1104741319/pages/all-items.html?spm=a2g0o.store_pc_home.pcShopHead_2012107242900.99&sortType=orders_desc&shop_sortType=orders_desc&SortType=total_tranpro_desc,,
1005009981945148,1/20 Scale 90mm Die-Cast Resin Figure Model Kit Ancient Roman Commander Hobby Miniature Toys Unassembled Unpainted DIY Diorama,$13.74,,,https://www.aliexpress.com/item/1005009981945148.html,https://ae-pic-a1.aliexpress-media.com/kf/Sb8fcfe80b0c94ffaba642fe45a965928O.jpg_350x350.jpg,https://ae01.alicdn.com/kf/Sb6a0486896c44dd8b19b117646c39e36J/116x64.png|https://ae01.alicdn.com/kf/Sb8fcfe80b0c94ffaba642fe45a965928O.jpg|https://ae01.alicdn.com/kf/S0da39897930e40458f31ff35efe7a5c37.jpg,,,,,33 sold,,,33 sold,Free,,,https://www.aliexpress.com/store/1104741319/pages/all-items.html?spm=a2g0o.store_pc_home.pcShopHead_2012107242900.99&sortType=orders_desc&shop_sortType=orders_desc&SortType=total_tranpro_desc,,
1005009910530240,1/72 Scale Die-Cast Resin Model Assembled Kit M109 A6 Paladin Accessories Set (No Tank) Unassembled and Unpainted,$8.74,,,https://www.aliexpress.com/item/1005009910530240.html,https://ae-pic-a1.aliexpress-media.com/kf/S11ba9c5ce423412fb8de1978b9665d15B.jpg_350x350.jpg,https://ae01.alicdn.com/kf/S11ba9c5ce423412fb8de1978b9665d15B.jpg|https://ae01.alicdn.com/kf/S6d28969205e74d2397695bf21892de4ct.jpg|https://ae01.alicdn.com/kf/S36c99f9949b546878936321095fb8876N.jpg,,,,,33 sold,,,33 sold,,,,https://www.aliexpress.com/store/1104741319/pages/all-items.html?spm=a2g0o.store_pc_home.pcShopHead_2012107242900.99&sortType=orders_desc&shop_sortType=orders_desc&SortType=total_tranpro_desc,,
1005009662198879,1/24 Scale DieCast Resin Figure Model Kit Sexy Girl in Socks Hobby Miniature Toys Unassembled Unpainted DIY Diorama,$11.60,,,https://www.aliexpress.com/item/1005009662198879.html,https://ae-pic-a1.aliexpress-media.com/kf/S9fea303632824686b7712f124f2e7f6af.jpg_350x350.jpg,https://ae01.alicdn.com/kf/S9fea303632824686b7712f124f2e7f6af.jpg|https://ae01.alicdn.com/kf/Sceae520aa2da4bdba55c207232ce2d3eB.jpg|https://ae01.alicdn.com/kf/Se921a6d409894edeb26d77c079f1f7d6K.jpg,,,,,33 sold,,,33 sold,Free,,,https://www.aliexpress.com/store/1104741319/pages/all-items.html?spm=a2g0o.store_pc_home.pcShopHead_2012107242900.99&sortType=orders_desc&shop_sortType=orders_desc&SortType=total_tranpro_desc,,
1005009609608775,1/35 Scale Die-Cast Resin Figure Model Kit Russian Soldiers & Fallen German Soldiers 5 Figures Unassembled and Unpainted,$14.57,,,https://www.aliexpress.com/item/1005009609608775.html,https://ae-pic-a1.aliexpress-media.com/kf/S0fc7da09e4114cd0a4f987faab5aa46eJ.jpg_350x350.jpg,https://ae01.alicdn.com/kf/Sb6a0486896c44dd8b19b117646c39e36J/116x64.png|https://ae01.alicdn.com/kf/S0fc7da09e4114cd0a4f987faab5aa46eJ.jpg|https://ae01.alicdn.com/kf/S49ec8564efb54e51acc07150be9e92c6I.jpg,,,,,33 sold,,,33 sold,Free,,,https://www.aliexpress.com/store/1104741319/pages/all-items.html?spm=a2g0o.store_pc_home.pcShopHead_2012107242900.99&sortType=orders_desc&shop_sortType=orders_desc&SortType=total_tranpro_desc,,
1005008988849575,1/16 Scale Die-Cast Resin Figure Model Kit WWII US Tank Crew Half-body 2 Figures Unassembled and Unpainted,$11.60,,,https://www.aliexpress.com/item/1005008988849575.html,https://ae-pic-a1.aliexpress-media.com/kf/S1837dc54f2494d5c9f8a4eb1468775e6k.jpg_350x350.jpg,https://ae01.alicdn.com/kf/S1837dc54f2494d5c9f8a4eb1468775e6k.jpg|https://ae01.alicdn.com/kf/S257e3fb242a74e04802c091f2ddb47bbG.jpg|https://ae01.alicdn.com/kf/S437c2fbfa5994fba8786a0a4ffae0dcbI.jpg,,,,,33 sold,,,33 sold,Free,,,https://www.aliexpress.com/store/1104741319/pages/all-items.html?spm=a2g0o.store_pc_home.pcShopHead_2012107242900.99&sortType=orders_desc&shop_sortType=orders_desc&SortType=total_tranpro_desc,,
1005008901567855,1/24 Scale Die-Cast Resin Figure Model Kit Demoness Warrior in Purgatory Hobby Miniature Toys Unassembled Unpainted DIY Diorama,$11.62,,,https://www.aliexpress.com/item/1005008901567855.html,https://ae-pic-a1.aliexpress-media.com/kf/S783baac3fe7e431face11e4addfff754S.jpg_350x350.jpg,https://ae01.alicdn.com/kf/Sb6a0486896c44dd8b19b117646c39e36J/116x64.png|https://ae01.alicdn.com/kf/S783baac3fe7e431face11e4addfff754S.jpg|https://ae01.alicdn.com/kf/S9fd660dc450f4cfe8b5434ca6bb3b57aC.jpg|https://ae01.alicdn.com/kf/S659f09414c544028a3e0838cb11cfcd5L.jpg|https://ae01.alicdn.com/kf/S8486924a52fa422a9eca107a2cb645ddk.jpg,,,,,33 sold,,,33 sold,Free,,,https://www.aliexpress.com/store/1104741319/pages/all-items.html?spm=a2g0o.store_pc_home.pcShopHead_2012107242900.99&sortType=orders_desc&shop_sortType=orders_desc&SortType=total_tranpro_desc,,
1005010070196120,1/35 Scale Die-Cast Resin Model Assembled Kit AAVP7A1 Armored Vehicle Stowage Set (No Tank) Unassembled and Unpainted,$20.74,,,https://www.aliexpress.com/item/1005010070196120.html,https://ae-pic-a1.aliexpress-media.com/kf/S16af7399b218460d8ba2f8f47449ea8d1.jpg_350x350.jpg,https://ae01.alicdn.com/kf/Sb6a0486896c44dd8b19b117646c39e36J/116x64.png|https://ae01.alicdn.com/kf/Sad7d675113e44b239887e09ea0a302d5L/60x60.png|https://ae01.alicdn.com/kf/S16af7399b218460d8ba2f8f47449ea8d1.jpg|https://ae01.alicdn.com/kf/Sd6501e41beb443ccae9737244d1198f7p.jpg|https://ae01.alicdn.com/kf/Scdc5c2a8757342408fc98ec19c478abel.jpg|https://ae01.alicdn.com/kf/S26e173d90f3649589ad0e509723d023d8.jpg,,,,,32 sold,,,32 sold,Free,,,https://www.aliexpress.com/store/1104741319/pages/all-items.html?spm=a2g0o.store_pc_home.pcShopHead_2012107242900.99&sortType=orders_desc&shop_sortType=orders_desc&SortType=total_tranpro_desc,,
1005010048323367,1/72 Scale Die-Cast Resin Model Assembled Kit M2A2 Tank Bradley OIF Stowage Set (No Tank) Unassembled and Unpainted,$8.54,,,https://www.aliexpress.com/item/1005010048323367.html,https://ae-pic-a1.aliexpress-media.com/kf/Sfb4effaff3aa42f2a485cc28f8617afa3.jpg_350x350.jpg,https://ae01.alicdn.com/kf/Sfb4effaff3aa42f2a485cc28f8617afa3.jpg|https://ae01.alicdn.com/kf/S6ad7d938f20d4681be40643f85e92416H.jpg|https://ae01.alicdn.com/kf/S58e82ca90b7b4f308d194dbb9fbe8dc61.jpg,,,,,32 sold,,,32 sold,Free,,,https://www.aliexpress.com/store/1104741319/pages/all-items.html?spm=a2g0o.store_pc_home.pcShopHead_2012107242900.99&sortType=orders_desc&shop_sortType=orders_desc&SortType=total_tranpro_desc,,
1005009568986702,1/48 Scale Die-Cast Resin Aircraft Parts Model Assembled Kit F-14 D Engine Model Unassembled and Unpainted,$10.40,,,https://www.aliexpress.com/item/1005009568986702.html,https://ae-pic-a1.aliexpress-media.com/kf/Sf3705b732eba4e7298aa781778a57d77G.jpg_350x350.jpg,https://ae01.alicdn.com/kf/Sf3705b732eba4e7298aa781778a57d77G.jpg|https://ae01.alicdn.com/kf/S0cf63ed7f29545edbe8a1c09adb02a48q.jpg|https://ae01.alicdn.com/kf/S76fe7a0b9390426c9169630792ad7d91n.jpg,,,,,32 sold,,,32 sold,Free,,,https://www.aliexpress.com/store/1104741319/pages/all-items.html?spm=a2g0o.store_pc_home.pcShopHead_2012107242900.99&sortType=orders_desc&shop_sortType=orders_desc&SortType=total_tranpro_desc,,
1005010752788842,1/24 Scale 75mm Die-Cast Resin Figure Model Kit Ancient Napoleon's Army Fusilier Miniature Toys Unassembled Unpainted Diorama,$12.49,,,https://www.aliexpress.com/item/1005010752788842.html,https://ae-pic-a1.aliexpress-media.com/kf/Sa051abcb1632459fb5a595e431f03812A.jpg_350x350.jpg,https://ae01.alicdn.com/kf/Sb6a0486896c44dd8b19b117646c39e36J/116x64.png|https://ae01.alicdn.com/kf/Sa051abcb1632459fb5a595e431f03812A.jpg|https://ae01.alicdn.com/kf/S6f27c598b7094c7e8a7dfd8440390958o.jpg|https://ae01.alicdn.com/kf/Sd6391a88074645bbafa99fc99a3bc3ceG.jpg|https://ae01.alicdn.com/kf/Seefe87f4ad4e412c816c1921912f5494M.jpg|https://ae01.alicdn.com/kf/Seef17c9a1bdb48c2a9a50664eff466ebm.jpg|https://ae01.alicdn.com/kf/Se57b7c0f33c1425686e5917ddbf092fdX.jpg,,,,,31 sold,,,31 sold,Free,,,https://www.aliexpress.com/store/1104741319/pages/all-items.html?spm=a2g0o.store_pc_home.pcShopHead_2012107242900.99&sortType=orders_desc&shop_sortType=orders_desc&SortType=total_tranpro_desc,,
1005010425595144,1/10 Scale Die-Cast Resin Bust Model Kit The Jazz Musician Statue Unassembled and Unpainted,$13.32,,,https://www.aliexpress.com/item/1005010425595144.html,https://ae-pic-a1.aliexpress-media.com/kf/S5e9818dd9fff4400891d6e3695f15ebfZ.jpg_350x350.jpg,https://ae01.alicdn.com/kf/Sb6a0486896c44dd8b19b117646c39e36J/116x64.png|https://ae01.alicdn.com/kf/S5e9818dd9fff4400891d6e3695f15ebfZ.jpg|https://ae01.alicdn.com/kf/S3233e18eafee4721a8d0a15d86a8d9e4e.jpg|https://ae01.alicdn.com/kf/S66a5f1cd088348e78d5741f681dcf522E.jpg|https://ae01.alicdn.com/kf/S67335d1dc6b54c6ca3c92078e24c511ez.jpg|https://ae01.alicdn.com/kf/Sb29ebd6951c443fc94dcfef60c055b68D.jpg,,,,,31 sold,,,31 sold,Free,,,https://www.aliexpress.com/store/1104741319/pages/all-items.html?spm=a2g0o.store_pc_home.pcShopHead_2012107242900.99&sortType=orders_desc&shop_sortType=orders_desc&SortType=total_tranpro_desc,,
1005010156190354,1/35 Scale Die-Cast Resin Model Assembled Kit Cromwell Tank Accessories Set (No Tank) Unassembled and Unpainted,$11.03,,,https://www.aliexpress.com/item/1005010156190354.html,https://ae-pic-a1.aliexpress-media.com/kf/S59221c23006741a49a4afbf0ac78010c8.jpg_350x350.jpg,https://ae01.alicdn.com/kf/Sb6a0486896c44dd8b19b117646c39e36J/116x64.png|https://ae01.alicdn.com/kf/S59221c23006741a49a4afbf0ac78010c8.jpg|https://ae01.alicdn.com/kf/S26b48a621a844e19b991cb6e7d574a411.jpg,,,,,31 sold,,,31 sold,Free,,,https://www.aliexpress.com/store/1104741319/pages/all-items.html?spm=a2g0o.store_pc_home.pcShopHead_2012107242900.99&sortType=orders_desc&shop_sortType=orders_desc&SortType=total_tranpro_desc,,
1005010028523316,1/35 Scale Die-Cast Resin Model Assembled Kit Scud B with MAZ-543 Sagged Wheel Set Unassembled and Unpainted,$20.99,,,https://www.aliexpress.com/item/1005010028523316.html,https://ae-pic-a1.aliexpress-media.com/kf/Se7b68a8b429a44aa937e99efd780c5d7n.jpg_350x350.jpg,https://ae01.alicdn.com/kf/Se7b68a8b429a44aa937e99efd780c5d7n.jpg|https://ae01.alicdn.com/kf/S2424d2fe8c134ef49e33ebe0471ab126h.jpg|https://ae01.alicdn.com/kf/Sfa8ae2a67a0842838a406a09c06f2311n.jpg,,,,,31 sold,,,31 sold,Free,,,https://www.aliexpress.com/store/1104741319/pages/all-items.html?spm=a2g0o.store_pc_home.pcShopHead_2012107242900.99&sortType=orders_desc&shop_sortType=orders_desc&SortType=total_tranpro_desc,,
1005009927207800,1/72 Scale Die-Cast Resin Model Assembled Kit Pz.Kpfw IV Accessories Set (No Tank) Unassembled and Unpainted,$7.61,,,https://www.aliexpress.com/item/1005009927207800.html,https://ae-pic-a1.aliexpress-media.com/kf/Sdfd3b2c1e0894f93a118e5c5c2f97389q.jpg_350x350.jpg,https://ae01.alicdn.com/kf/Sb6a0486896c44dd8b19b117646c39e36J/116x64.png|https://ae01.alicdn.com/kf/Sdfd3b2c1e0894f93a118e5c5c2f97389q.jpg|https://ae01.alicdn.com/kf/Sbfa31d1976534191832897582e548743J.jpg|https://ae01.alicdn.com/kf/S53245d7ab6374a828be7fa9e09b15f32C.jpg,,,,,31 sold,,,31 sold,Free,,,https://www.aliexpress.com/store/1104741319/pages/all-items.html?spm=a2g0o.store_pc_home.pcShopHead_2012107242900.99&sortType=orders_desc&shop_sortType=orders_desc&SortType=total_tranpro_desc,,
1005009909158193,1/72 Scale Die-Cast Resin Model Assembled Kit M35 Gun Truck Conversion Set (No Car) Unassembled and Unpainted,$8.99,,,https://www.aliexpress.com/item/1005009909158193.html,https://ae-pic-a1.aliexpress-media.com/kf/S3081183cb1d84725a6e8a8961603be3bS.jpg_350x350.jpg,https://ae01.alicdn.com/kf/Sb6a0486896c44dd8b19b117646c39e36J/116x64.png|https://ae01.alicdn.com/kf/S3081183cb1d84725a6e8a8961603be3bS.jpg|https://ae01.alicdn.com/kf/S6717670eecac4139929a41c1340ab7f7N.jpg|https://ae01.alicdn.com/kf/S9b56ec2761804612ae2d2176e1cedf27n.jpg,,,,,31 sold,,,31 sold,Free,,,https://www.aliexpress.com/store/1104741319/pages/all-items.html?spm=a2g0o.store_pc_home.pcShopHead_2012107242900.99&sortType=orders_desc&shop_sortType=orders_desc&SortType=total_tranpro_desc,,
1005009161325228,1/24 Scale Die-Cast Resin Figure Model Kit Horror Movie Character Killer Jason Miniature Toys Unassembled Unpainted DIY Diorama,$10.99,,,https://www.aliexpress.com/item/1005009161325228.html,https://ae-pic-a1.aliexpress-media.com/kf/Sba1d694ffb894e928123a18970ffe9131.jpg_350x350.jpg,https://ae01.alicdn.com/kf/Sb6a0486896c44dd8b19b117646c39e36J/116x64.png|https://ae01.alicdn.com/kf/Sba1d694ffb894e928123a18970ffe9131.jpg|https://ae01.alicdn.com/kf/Sb38c04c31f8d4014ad5e91d53e506f9bI.jpg,,,,,31 sold,,,31 sold,Free,,,https://www.aliexpress.com/store/1104741319/pages/all-items.html?spm=a2g0o.store_pc_home.pcShopHead_2012107242900.99&sortType=orders_desc&shop_sortType=orders_desc&SortType=total_tranpro_desc,,
1005009567009374,1/32 Scale 54mm DieCast Resin Figure Model Kit French Cavalry Elite Troops Hobby Miniature Toy Unassembled Unpainted DIY Diorama,$13.74,,,https://www.aliexpress.com/item/1005009567009374.html,https://ae-pic-a1.aliexpress-media.com/kf/S337cf62108244f4783a6feb99eb159bd6.jpg_350x350.jpg,https://ae01.alicdn.com/kf/S1887a285b60743859ac7bdbfca5e0896Z/154x64.png|https://ae01.alicdn.com/kf/Sb6a0486896c44dd8b19b117646c39e36J/116x64.png|https://ae01.alicdn.com/kf/S337cf62108244f4783a6feb99eb159bd6.jpg|https://ae01.alicdn.com/kf/S37b27091d49a482a9220d7c7857cd4c1E.jpg|https://ae01.alicdn.com/kf/Sb77675ce11c743d1a20089d4a7353e473.jpg|https://ae01.alicdn.com/kf/Sb1969a1e680f4d328c59a96fc0b0e621s.jpg,,,,,30 sold,,,30 sold,Free,,,https://www.aliexpress.com/store/1104741319/pages/all-items.html?spm=a2g0o.store_pc_home.pcShopHead_2012107242900.99&sortType=orders_desc&shop_sortType=orders_desc&SortType=total_tranpro_desc,,
1005009381532691,1/24 Scale Die-Cast Resin Figure Model Kit Ancient Greek God of Art Apolo Hobby Miniature Toys Unassembled Unpainted DIY Diorama,$10.27,,,https://www.aliexpress.com/item/1005009381532691.html,https://ae-pic-a1.aliexpress-media.com/kf/Sa7b0afb5184f41f998d727377a28c9e42.jpg_350x350.jpg,https://ae01.alicdn.com/kf/Sa7b0afb5184f41f998d727377a28c9e42.jpg|https://ae01.alicdn.com/kf/S40ffa0a3cd134801bf7c70a031d3125cM.jpg|https://ae01.alicdn.com/kf/S9aa25056efc040ba8cb18ee810833603d.jpg|https://ae01.alicdn.com/kf/Sf5103b26e9a34a5b849d266951b48c28e.jpg,,,,,30 sold,,,30 sold,Free,,,https://www.aliexpress.com/store/1104741319/pages/all-items.html?spm=a2g0o.store_pc_home.pcShopHead_2012107242900.99&sortType=orders_desc&shop_sortType=orders_desc&SortType=total_tranpro_desc,,
1005009352700829,1/35 Scale Die-Cast Resin Animal Model Kit Dead Horses Lying 2 Pieces Unassembled and Unpainted DIY Scene Toys,$11.62,,,https://www.aliexpress.com/item/1005009352700829.html,https://ae-pic-a1.aliexpress-media.com/kf/S704909c2701642e09e75edfbc814ae21M.jpg_350x350.jpg,https://ae01.alicdn.com/kf/Sb6a0486896c44dd8b19b117646c39e36J/116x64.png|https://ae01.alicdn.com/kf/S1887a285b60743859ac7bdbfca5e0896Z/154x64.png|https://ae01.alicdn.com/kf/S704909c2701642e09e75edfbc814ae21M.jpg|https://ae01.alicdn.com/kf/Sb0f67c3c0a434e6ab3e40daf1a78e417s.jpg,,,,,30 sold,,,30 sold,Free,,,https://www.aliexpress.com/store/1104741319/pages/all-items.html?spm=a2g0o.store_pc_home.pcShopHead_2012107242900.99&sortType=orders_desc&shop_sortType=orders_desc&SortType=total_tranpro_desc,,
1005009318314006,1/35 Scale Die-Cast Resin Model Assembled Kit Panzer III Tank Engine & Transmission Scene Model Unassembled and Unpainted,$10.27,,,https://www.aliexpress.com/item/1005009318314006.html,https://ae-pic-a1.aliexpress-media.com/kf/Sad137ba21a85434cb8750391c9ca597cA.jpg_350x350.jpg,https://ae01.alicdn.com/kf/Sb6a0486896c44dd8b19b117646c39e36J/116x64.png|https://ae01.alicdn.com/kf/Sad137ba21a85434cb8750391c9ca597cA.jpg|https://ae01.alicdn.com/kf/S2e10b19657514b34a5c357cbcf9aa5ca2.jpg,,,,,30 sold,,,30 sold,Free,,,https://www.aliexpress.com/store/1104741319/pages/all-items.html?spm=a2g0o.store_pc_home.pcShopHead_2012107242900.99&sortType=orders_desc&shop_sortType=orders_desc&SortType=total_tranpro_desc,,
1005010753754599,1/24 Scale Die-Cast Resin Figure Model Kit Ancient Infantry Officer Hobby Miniature Toys Unassembled Unpainted DIY Diorama,$10.64,,,https://www.aliexpress.com/item/1005010753754599.html,https://ae-pic-a1.aliexpress-media.com/kf/S2311da22224b4844a368bc030050a916O.jpg_350x350.jpg,https://ae01.alicdn.com/kf/Sb6a0486896c44dd8b19b117646c39e36J/116x64.png|https://ae01.alicdn.com/kf/S1887a285b60743859ac7bdbfca5e0896Z/154x64.png|https://ae01.alicdn.com/kf/S2311da22224b4844a368bc030050a916O.jpg|https://ae01.alicdn.com/kf/S0874a97795ff4622b1ad1fe246fbaa96X.jpg|https://ae01.alicdn.com/kf/S5ba88e48dbce4ba5b6a5fb7c343a99f7s.jpg|https://ae01.alicdn.com/kf/S7ed91ee2629d47a192b8c3efb1d965b1b.jpg,,,,,29 sold,,,29 sold,Free,,,https://www.aliexpress.com/store/1104741319/pages/all-items.html?spm=a2g0o.store_pc_home.pcShopHead_2012107242900.99&sortType=orders_desc&shop_sortType=orders_desc&SortType=total_tranpro_desc,,
1005009603012675,1/48 Scale Die-Cast Resin Aircraft Parts Model Assembled Kit F-18 C Engine Model Unassembled and Unpainted,$9.92,,,https://www.aliexpress.com/item/1005009603012675.html,https://ae-pic-a1.aliexpress-media.com/kf/Sa59be6d71dbe4ab7ba9666aff0bff58bG.jpg_350x350.jpg,https://ae01.alicdn.com/kf/Sa59be6d71dbe4ab7ba9666aff0bff58bG.jpg|https://ae01.alicdn.com/kf/S601c586438444393b1d033bb32eebf2bo.jpg|https://ae01.alicdn.com/kf/S938c53ce40c24168b711787292be6dedR.jpg,,,,,29 sold,,,29 sold,Free,,,https://www.aliexpress.com/store/1104741319/pages/all-items.html?spm=a2g0o.store_pc_home.pcShopHead_2012107242900.99&sortType=orders_desc&shop_sortType=orders_desc&SortType=total_tranpro_desc,,
1005009347558580,1/35 Scale Die-Cast Resin Model Assembled Kit WWII Field Laundry Scene Model Unassembled and Unpainted No Base,$14.15,,,https://www.aliexpress.com/item/1005009347558580.html,https://ae-pic-a1.aliexpress-media.com/kf/S7f6debe3e56b43bc8e7fca8a6ebbf628k.jpg_350x350.jpg,https://ae01.alicdn.com/kf/Sb6a0486896c44dd8b19b117646c39e36J/116x64.png|https://ae01.alicdn.com/kf/S7f6debe3e56b43bc8e7fca8a6ebbf628k.jpg|https://ae01.alicdn.com/kf/S989c4db510824cb2aae5e45c64e59b1ce.jpg,,,,,29 sold,,,29 sold,Free,,,https://www.aliexpress.com/store/1104741319/pages/all-items.html?spm=a2g0o.store_pc_home.pcShopHead_2012107242900.99&sortType=orders_desc&shop_sortType=orders_desc&SortType=total_tranpro_desc,,
1005010130443408,1/35 Scale Die-Cast Resin Model Assembled Kit M3A1 Stuart Tank Accessories Set (No Tank) Unassembled and Unpainted,$9.30,,,https://www.aliexpress.com/item/1005010130443408.html,https://ae-pic-a1.aliexpress-media.com/kf/Sfbae6c1f46174595bdfca1cb6155b39dB.jpg_350x350.jpg,https://ae01.alicdn.com/kf/Sfbae6c1f46174595bdfca1cb6155b39dB.jpg|https://ae01.alicdn.com/kf/Sc5de287f732845e1b458aa0516423396l.jpg|https://ae01.alicdn.com/kf/S50f1293b5b574dd3a365c7d54c55b2d4A.jpg,,,,,28 sold,,,28 sold,Free,,,https://www.aliexpress.com/store/1104741319/pages/all-items.html?spm=a2g0o.store_pc_home.pcShopHead_2012107242900.99&sortType=orders_desc&shop_sortType=orders_desc&SortType=total_tranpro_desc,,
1005009917147806,1/72 Scale Die-Cast Resin Model Assembled Kit Bren Carrier Accessories Set (No Tank) Unassembled and Unpainted,$8.27,,,https://www.aliexpress.com/item/1005009917147806.html,https://ae-pic-a1.aliexpress-media.com/kf/S63ab4624a0504f12a6903ae1b8fadc89F.jpg_350x350.jpg,https://ae01.alicdn.com/kf/S63ab4624a0504f12a6903ae1b8fadc89F.jpg|https://ae01.alicdn.com/kf/S9fdd59e46ea24097bc21d9b1a5eaf531P.jpg|https://ae01.alicdn.com/kf/S73a74c2868d141b8a2c19e0a0a01aa9f4.jpg,,,,,28 sold,,,28 sold,Free,,,https://www.aliexpress.com/store/1104741319/pages/all-items.html?spm=a2g0o.store_pc_home.pcShopHead_2012107242900.99&sortType=orders_desc&shop_sortType=orders_desc&SortType=total_tranpro_desc,,
1005009740417294,1/24 Scale Die-Cast Resin Figure Model Kit WWII Soviet Marine Soldier Hobby Miniature Toys Unassembled and Unpainted DIY Diorama,$13.88,,,https://www.aliexpress.com/item/1005009740417294.html,https://ae-pic-a1.aliexpress-media.com/kf/Sca339a7d25fc45438708adaf254900836.jpg_350x350.jpg,https://ae01.alicdn.com/kf/Sb6a0486896c44dd8b19b117646c39e36J/116x64.png|https://ae01.alicdn.com/kf/Sca339a7d25fc45438708adaf254900836.jpg|https://ae01.alicdn.com/kf/Sb708174e19f446db9833aebbbaaa6cfca.jpg|https://ae01.alicdn.com/kf/S7eec8c8782324522abfac20a34f96ca24.jpg|https://ae01.alicdn.com/kf/Sb3635af762494b659d1d449b6b3d3cf1V.jpg|https://ae01.alicdn.com/kf/S2f68307ae0ce401f8e28c5d296bb5461o.jpg,,,,,28 sold,,,28 sold,Free,,,https://www.aliexpress.com/store/1104741319/pages/all-items.html?spm=a2g0o.store_pc_home.pcShopHead_2012107242900.99&sortType=orders_desc&shop_sortType=orders_desc&SortType=total_tranpro_desc,,
1005010502240487,1/24 Scale Die-Cast Resin Figure Model Kit Wild Dwarf Warrior Hobby Miniature Toy Unassembled Unpainted DIY Diorama,$18.32,,,https://www.aliexpress.com/item/1005010502240487.html,https://ae-pic-a1.aliexpress-media.com/kf/S9794653187754eed8eb76095e7aaf079s.jpg_350x350.jpg,https://ae01.alicdn.com/kf/Sb6a0486896c44dd8b19b117646c39e36J/116x64.png|https://ae01.alicdn.com/kf/S9794653187754eed8eb76095e7aaf079s.jpg|https://ae01.alicdn.com/kf/S5447df71ac404ed5881bc2f6c31014fcj.jpg|https://ae01.alicdn.com/kf/S34288e8208a9437d8df23b2c11588af0e.jpg|https://ae01.alicdn.com/kf/Sab8f15c20f194039a7c86102e673ba47W.jpg|https://ae01.alicdn.com/kf/S27915118488f4657a714b39187c30bd6P.jpg|https://ae01.alicdn.com/kf/S4c06c21a9e2e4832b9019cacf3a70b35E.jpg,,,,,27 sold,,,27 sold,Free,,,https://www.aliexpress.com/store/1104741319/pages/all-items.html?spm=a2g0o.store_pc_home.pcShopHead_2012107242900.99&sortType=orders_desc&shop_sortType=orders_desc&SortType=total_tranpro_desc,,
1005010069454161,1/24 Scale 75mm Die-Cast Resin Figure Model Kit Orcs on Mounts Miniature Toys Unassembled Unpainted Diorama,$25.54,,,https://www.aliexpress.com/item/1005010069454161.html,https://ae-pic-a1.aliexpress-media.com/kf/S2fbbb4d3111840faa976823d49233a58V.jpg_350x350.jpg,https://ae01.alicdn.com/kf/S2fbbb4d3111840faa976823d49233a58V.jpg|https://ae01.alicdn.com/kf/S6271c83974f3472ab33f7c1563391ffag.jpg|https://ae01.alicdn.com/kf/S090e31e4825647d885ddccf059898bd5i.jpg|https://ae01.alicdn.com/kf/Sf0da1cebf7924dd7a509ad50ce89799fQ.jpg|https://ae01.alicdn.com/kf/S61e2f94333d743ac841b4803126078f0a.jpg,,,,,27 sold,,,27 sold,Free,,,https://www.aliexpress.com/store/1104741319/pages/all-items.html?spm=a2g0o.store_pc_home.pcShopHead_2012107242900.99&sortType=orders_desc&shop_sortType=orders_desc&SortType=total_tranpro_desc,,
1005010038033140,1/10 Scale Die-Cast Resin Bust Model Kit The Fighter Boxer Statue Unassembled and Unpainted,$12.40,,,https://www.aliexpress.com/item/1005010038033140.html,https://ae-pic-a1.aliexpress-media.com/kf/Sa7504eceddcf473aae87c6acb04bef50Z.jpg_350x350.jpg,https://ae01.alicdn.com/kf/Sa7504eceddcf473aae87c6acb04bef50Z.jpg|https://ae01.alicdn.com/kf/S4ba1f5b188a7409da7eb3d4b7a5197d2E.jpg|https://ae01.alicdn.com/kf/S97b6d3bee8d24496805fab0d3bc7880bJ.jpg|https://ae01.alicdn.com/kf/Sfdebe641cbb04bac912635b6e4d37d07z.jpg|https://ae01.alicdn.com/kf/Sf10b7d93631e45b2a65a5a1e3f7e647bJ.jpg,,,,,27 sold,,,27 sold,Free,,,https://www.aliexpress.com/store/1104741319/pages/all-items.html?spm=a2g0o.store_pc_home.pcShopHead_2012107242900.99&sortType=orders_desc&shop_sortType=orders_desc&SortType=total_tranpro_desc,,
1005009906006838,1/10 Scale Die-Cast Resin Bust Model Kit Ancient Spanish Warrior Statue Unassembled and Unpainted,$21.38,,,https://www.aliexpress.com/item/1005009906006838.html,https://ae-pic-a1.aliexpress-media.com/kf/Sb0c19514d3e74e1ca8d058a5155658643.jpg_350x350.jpg,https://ae01.alicdn.com/kf/Sb0c19514d3e74e1ca8d058a5155658643.jpg|https://ae01.alicdn.com/kf/Sdf2081d43e854d938d3590815f5177466.jpg|https://ae01.alicdn.com/kf/S5138ef36a0cd422ea41458f72ff4c8a2b.jpg|https://ae01.alicdn.com/kf/S31d833091cf84211b2659456db78f0f1I.jpg|https://ae01.alicdn.com/kf/S2f113d0140dc40a5a059d59c64a20860p.jpg,,,,,27 sold,,,27 sold,Free,,,https://www.aliexpress.com/store/1104741319/pages/all-items.html?spm=a2g0o.store_pc_home.pcShopHead_2012107242900.99&sortType=orders_desc&shop_sortType=orders_desc&SortType=total_tranpro_desc,,
1005009645259223,1/16 Scale Die-Cast Resin Figure Model Kit WWII German Field Artillery Commander (No Artillery) Unassembled and Unpainted,$15.11,,,https://www.aliexpress.com/item/1005009645259223.html,https://ae-pic-a1.aliexpress-media.com/kf/Sf6bc51fc6db048748b42340b4682afaaT.jpg_350x350.jpg,https://ae01.alicdn.com/kf/Sb6a0486896c44dd8b19b117646c39e36J/116x64.png|https://ae01.alicdn.com/kf/Sf6bc51fc6db048748b42340b4682afaaT.jpg|https://ae01.alicdn.com/kf/Se29c69ee0f5543d6bc4bed583e93aa6e2.jpg|https://ae01.alicdn.com/kf/S10c7e4c381234429b8cf0378b3293648m.jpg|https://ae01.alicdn.com/kf/S704b80edb71c4097b7b9191c29c95e5aV.jpg,,,,,27 sold,,,27 sold,Free,,,https://www.aliexpress.com/store/1104741319/pages/all-items.html?spm=a2g0o.store_pc_home.pcShopHead_2012107242900.99&sortType=orders_desc&shop_sortType=orders_desc&SortType=total_tranpro_desc,,
1005009587405476,1/32 Scale 54mm DieCast Resin Figure Model Kit Guards Regiment Trumpeter Hobby Miniature Toys Unassembled Unpainted DIY Diorama,$17.84,,,https://www.aliexpress.com/item/1005009587405476.html,https://ae-pic-a1.aliexpress-media.com/kf/Sfd5bb39d9993414da1227dd7c79b9555P.jpg_350x350.jpg,https://ae01.alicdn.com/kf/S1887a285b60743859ac7bdbfca5e0896Z/154x64.png|https://ae01.alicdn.com/kf/Sb6a0486896c44dd8b19b117646c39e36J/116x64.png|https://ae01.alicdn.com/kf/Sfd5bb39d9993414da1227dd7c79b9555P.jpg|https://ae01.alicdn.com/kf/S9d899382e6a44039b98d7b34cd5f0a9f3.jpg|https://ae01.alicdn.com/kf/S98a6a1f8f62449259ff916fe2fa0356eS.jpg|https://ae01.alicdn.com/kf/S2ce9979b4d694c899fa4e89ad1b1ceb59.jpg|https://ae01.alicdn.com/kf/S0d7a7c808ba440f5b26c77c88b0eb3bfZ.jpg,,,,,27 sold,,,27 sold,Free,,,https://www.aliexpress.com/store/1104741319/pages/all-items.html?spm=a2g0o.store_pc_home.pcShopHead_2012107242900.99&sortType=orders_desc&shop_sortType=orders_desc&SortType=total_tranpro_desc,,
1005009239843735,1/35 Scale Die-Cast Resin Figure Model Kit The German Officer Unassembled and Unpainted,$6.84,,,https://www.aliexpress.com/item/1005009239843735.html,https://ae-pic-a1.aliexpress-media.com/kf/Sbf3f834b83bc4aa79fc94bd440dd6d0ey.jpg_350x350.jpg,https://ae01.alicdn.com/kf/Sb6a0486896c44dd8b19b117646c39e36J/116x64.png|https://ae01.alicdn.com/kf/Sbf3f834b83bc4aa79fc94bd440dd6d0ey.jpg|https://ae01.alicdn.com/kf/S3a1b723daaf540bf82d7abeb875c4b95n.jpg,,,,,27 sold,,,27 sold,Free,,,https://www.aliexpress.com/store/1104741319/pages/all-items.html?spm=a2g0o.store_pc_home.pcShopHead_2012107242900.99&sortType=orders_desc&shop_sortType=orders_desc&SortType=total_tranpro_desc,,
1005009154478318,1/35 Scale Die-Cast Resin Model Assembled Kit WWII US Sherman Stowage Set (No Tank) Unassembled and Unpainted,$18.42,,,https://www.aliexpress.com/item/1005009154478318.html,https://ae-pic-a1.aliexpress-media.com/kf/Sf91a0281ea7f4f959fe5a312240b394bo.jpg_350x350.jpg,https://ae01.alicdn.com/kf/Sb6a0486896c44dd8b19b117646c39e36J/116x64.png|https://ae01.alicdn.com/kf/Sad7d675113e44b239887e09ea0a302d5L/60x60.png|https://ae01.alicdn.com/kf/Sf91a0281ea7f4f959fe5a312240b394bo.jpg|https://ae01.alicdn.com/kf/Sb48e41125de743278f3a0ca4c620e51bd.jpg|https://ae01.alicdn.com/kf/S8408213855c04a81ad9e0217767c3452C.jpg|https://ae01.alicdn.com/kf/Sfcc2c832ba7a47f5a0f2eecee5be2d34Z.jpg,,,,,27 sold,,,27 sold,Free,,,https://www.aliexpress.com/store/1104741319/pages/all-items.html?spm=a2g0o.store_pc_home.pcShopHead_2012107242900.99&sortType=orders_desc&shop_sortType=orders_desc&SortType=total_tranpro_desc,,
1005009075179411,1/16 Scale Die-Cast Resin Figure Model Kit US Army 2AD Pilot Soldier Single Person Unassembled and Unpainted,$10.96,,,https://www.aliexpress.com/item/1005009075179411.html,https://ae-pic-a1.aliexpress-media.com/kf/S79c3021889d84e549cdbd843bf566d74H.jpg_350x350.jpg,https://ae01.alicdn.com/kf/S79c3021889d84e549cdbd843bf566d74H.jpg|https://ae01.alicdn.com/kf/Se47c3786087d499184381026991145366.jpg|https://ae01.alicdn.com/kf/S3f5dc515cd144f2aacc7b92deee0d42aS.jpg|https://ae01.alicdn.com/kf/S9a9d892988bd44d8bde126d67788b6c7H.jpg|https://ae01.alicdn.com/kf/Sf824ba075eee4b749befe3d2fe22af08A.jpg,,,,,27 sold,,,27 sold,Free,,,https://www.aliexpress.com/store/1104741319/pages/all-items.html?spm=a2g0o.store_pc_home.pcShopHead_2012107242900.99&sortType=orders_desc&shop_sortType=orders_desc&SortType=total_tranpro_desc,,
1005010754550007,1/12 Scale Die-Cast Resin Bust Model Kit Ancient Conqueror Statue Unassembled and Unpainted,$13.24,,,https://www.aliexpress.com/item/1005010754550007.html,https://ae-pic-a1.aliexpress-media.com/kf/S1316846fe306450ca74f01cf05c78273g.jpg_350x350.jpg,https://ae01.alicdn.com/kf/S1316846fe306450ca74f01cf05c78273g.jpg|https://ae01.alicdn.com/kf/S1b9ad2f6b5214009be30fa1228885ffdj.jpg|https://ae01.alicdn.com/kf/Sa449657b70b849979aeaaab04502f3157.jpg|https://ae01.alicdn.com/kf/Se0770f2659614ebc895623d873e80d5ab.jpg|https://ae01.alicdn.com/kf/S71d7cb9ebb7f499a91dd61cf9ea2be0eu.jpg,,,,,26 sold,,,26 sold,Free,,,https://www.aliexpress.com/store/1104741319/pages/all-items.html?spm=a2g0o.store_pc_home.pcShopHead_2012107242900.99&sortType=orders_desc&shop_sortType=orders_desc&SortType=total_tranpro_desc,,
1005010744978107,1/24 Scale 75mm Die-Cast Resin Figure Model Kit Ancient Marauder Hobby Miniature Toys Unassembled Unpainted Diorama,$13.61,,,https://www.aliexpress.com/item/1005010744978107.html,https://ae-pic-a1.aliexpress-media.com/kf/Sa91f7284d6ca4a24acfc8d0b71838f5eR.jpg_350x350.jpg,https://ae01.alicdn.com/kf/Sa91f7284d6ca4a24acfc8d0b71838f5eR.jpg|https://ae01.alicdn.com/kf/Sc25ffc7f75fa43cab89d6547049d8480V.jpg|https://ae01.alicdn.com/kf/Sf1f3b561c3e94533aa9e6c7e997ecb90a.jpg|https://ae01.alicdn.com/kf/Sbba564eb20f94531aaa9cc04a252ace8b.jpg,,,,,26 sold,,,26 sold,Free,,,https://www.aliexpress.com/store/1104741319/pages/all-items.html?spm=a2g0o.store_pc_home.pcShopHead_2012107242900.99&sortType=orders_desc&shop_sortType=orders_desc&SortType=total_tranpro_desc,,
1005010682608460,1/24 Scale Die-Cast Resin Figure Model Kit Starship Female Warrior NSFW Hobby Miniature Toys Unassembled Unpainted DIY Diorama,$11.49,,,https://www.aliexpress.com/item/1005010682608460.html,https://ae-pic-a1.aliexpress-media.com/kf/Sf20e821d86e842e7b1e73644d0ce99f37.jpg_350x350.jpg,https://ae01.alicdn.com/kf/Sf20e821d86e842e7b1e73644d0ce99f37.jpg|https://ae01.alicdn.com/kf/S8fb4519b4d454d9896d7487d3f241cc8I.jpg|https://ae01.alicdn.com/kf/S7c3ef6d7d8be4373be53980294a9763eT.jpg|https://ae01.alicdn.com/kf/Sa5274f0fac164ff8b309721bb6e138bbT.jpg|https://ae01.alicdn.com/kf/S7c5028edfd1d4f2c83ee531f9a725bf4U.jpg|https://ae01.alicdn.com/kf/S90c8ab71db4740dab1285d123728c81da.jpg,,,,,26 sold,,,26 sold,Free,,,https://www.aliexpress.com/store/1104741319/pages/all-items.html?spm=a2g0o.store_pc_home.pcShopHead_2012107242900.99&sortType=orders_desc&shop_sortType=orders_desc&SortType=total_tranpro_desc,,
1005010035397300,1/10 Scale Die-Cast Resin Bust Model Kit The Joyful Girl Statue Unassembled and Unpainted,$12.40,,,https://www.aliexpress.com/item/1005010035397300.html,https://ae-pic-a1.aliexpress-media.com/kf/Se3bede9086de46ad9d050aa5adc8d685m.jpg_350x350.jpg,https://ae01.alicdn.com/kf/Se3bede9086de46ad9d050aa5adc8d685m.jpg|https://ae01.alicdn.com/kf/S98d9d4c433874183a1a498f5307c1be1h.jpg|https://ae01.alicdn.com/kf/Sfd7a75262c3d45f4978b43c05758b105g.jpg|https://ae01.alicdn.com/kf/S4b4e94886c2143909aa5af4949d1b1bar.jpg|https://ae01.alicdn.com/kf/S1a6570ad13f54ff38e9f26bac250adf1L.jpg,,,,,26 sold,,,26 sold,Free,,,https://www.aliexpress.com/store/1104741319/pages/all-items.html?spm=a2g0o.store_pc_home.pcShopHead_2012107242900.99&sortType=orders_desc&shop_sortType=orders_desc&SortType=total_tranpro_desc,,
1005010032420293,1/12 Scale 65mm Die-Cast Resin Bust Model Kit Orc Beastmen Statue Unassembled and Unpainted,$11.30,,,https://www.aliexpress.com/item/1005010032420293.html,https://ae-pic-a1.aliexpress-media.com/kf/Sca43faf6c2574b049f34df655177f581L.jpg_350x350.jpg,https://ae01.alicdn.com/kf/Sca43faf6c2574b049f34df655177f581L.jpg|https://ae01.alicdn.com/kf/Sb0755320488449e1adbde22b58fcceafZ.jpg|https://ae01.alicdn.com/kf/Sd7c9000e6003451b9d619a588a89e40b3.jpg|https://ae01.alicdn.com/kf/S45e7fb53605d40ca99924a300477654cc.jpg|https://ae01.alicdn.com/kf/Se054e8c2a4e04b53ab33ab9ac3e9978a6.jpg|https://ae01.alicdn.com/kf/S1fb60122363d4e328f05417ca34f5a6cm.jpg,,,,,26 sold,,,26 sold,Free,,,https://www.aliexpress.com/store/1104741319/pages/all-items.html?spm=a2g0o.store_pc_home.pcShopHead_2012107242900.99&sortType=orders_desc&shop_sortType=orders_desc&SortType=total_tranpro_desc,,
1005009568542044,1/48 Scale Die-Cast Resin Aircraft Parts Model Assembled Kit F4J Phantom Spine Electronics Model Unassembled and Unpainted,$10.26,,,https://www.aliexpress.com/item/1005009568542044.html,https://ae-pic-a1.aliexpress-media.com/kf/S09a7b1dd80314247bfb4dbd46f1c6a252.jpg_350x350.jpg,https://ae01.alicdn.com/kf/S09a7b1dd80314247bfb4dbd46f1c6a252.jpg|https://ae01.alicdn.com/kf/S56d914430ffa42eb8b768afc746688e11.jpg|https://ae01.alicdn.com/kf/S3ebb1c2018644369b9a7dab362aa803cD.jpg|https://ae01.alicdn.com/kf/S340b6bc95f3b4b86982cf6b2d6eedbd1L.jpg,,,,,26 sold,,,26 sold,Free,,,https://www.aliexpress.com/store/1104741319/pages/all-items.html?spm=a2g0o.store_pc_home.pcShopHead_2012107242900.99&sortType=orders_desc&shop_sortType=orders_desc&SortType=total_tranpro_desc,,
1005009567303328,1/32 Scale 54mm Die-Cast Resin Figure Model Kit French Cavalry Drummer (2 heads) Miniature Toy Unassembled Unpainted DIY Diorama,$13.70,,,https://www.aliexpress.com/item/1005009567303328.html,https://ae-pic-a1.aliexpress-media.com/kf/S1ca3a6f989b44910835ea01917df5897b.jpg_350x350.jpg,https://ae01.alicdn.com/kf/S1ca3a6f989b44910835ea01917df5897b.jpg|https://ae01.alicdn.com/kf/S0812873b82f949c89a8528b89c3768a55.jpg|https://ae01.alicdn.com/kf/Saaa6e7a90d4348bd9d2a498d8b23cc75S.jpg|https://ae01.alicdn.com/kf/S64cebd5b8264450998db80c063d6a5f3W.jpg|https://ae01.alicdn.com/kf/S8fa601b901424054a0ee99294605d18ei.jpg,,,,,26 sold,,,26 sold,Free,,,https://www.aliexpress.com/store/1104741319/pages/all-items.html?spm=a2g0o.store_pc_home.pcShopHead_2012107242900.99&sortType=orders_desc&shop_sortType=orders_desc&SortType=total_tranpro_desc,,
1005009388917483,1/24 Scale 80mm Die-Cast Resin Figure Model Kit The Goddess of Victory Hobby Miniature Toys Unassembled Unpainted DIY Diorama,$11.65,,,https://www.aliexpress.com/item/1005009388917483.html,https://ae-pic-a1.aliexpress-media.com/kf/Sce0edcc31bf74183801558887d403616D.jpg_350x350.jpg,https://ae01.alicdn.com/kf/Sb6a0486896c44dd8b19b117646c39e36J/116x64.png|https://ae01.alicdn.com/kf/Sce0edcc31bf74183801558887d403616D.jpg|https://ae01.alicdn.com/kf/S9fe98b5c0b0941eeb86c8a1e0ffc7221S.jpg|https://ae01.alicdn.com/kf/S82c8ead55cbb407ab0da0a6f84515419P.jpg,,,,,26 sold,,,26 sold,Free,,,https://www.aliexpress.com/store/1104741319/pages/all-items.html?spm=a2g0o.store_pc_home.pcShopHead_2012107242900.99&sortType=orders_desc&shop_sortType=orders_desc&SortType=total_tranpro_desc,,
1005009349215469,1/12 Scale Die-Cast Resin Bust Model Kit King of The Mysterious Land Statue Unassembled and Unpainted,$17.21,,,https://www.aliexpress.com/item/1005009349215469.html,https://ae-pic-a1.aliexpress-media.com/kf/S4d0844e345b44433aa0a386c849cf380R.jpg_350x350.jpg,https://ae01.alicdn.com/kf/Sb6a0486896c44dd8b19b117646c39e36J/116x64.png|https://ae01.alicdn.com/kf/S4d0844e345b44433aa0a386c849cf380R.jpg|https://ae01.alicdn.com/kf/Sff72c2d83aef47f0be199434f4ea3c2cL.jpg|https://ae01.alicdn.com/kf/S30041144451549daaa7de6c4deafcad2m.jpg|https://ae01.alicdn.com/kf/Sd75e2dfa89a749608a4517646557eca6g.jpg,,,,,26 sold,,,26 sold,Free,,,https://www.aliexpress.com/store/1104741319/pages/all-items.html?spm=a2g0o.store_pc_home.pcShopHead_2012107242900.99&sortType=orders_desc&shop_sortType=orders_desc&SortType=total_tranpro_desc,,
1005010783630320,1/10 Scale Die-Cast Resin Bust Model Kit Greek Hoplite with Shield Statue Unassembled and Unpainted,$16.61,,,https://www.aliexpress.com/item/1005010783630320.html,https://ae-pic-a1.aliexpress-media.com/kf/Se63a1d723bd34438ae294a98d4e1fbc15.jpg_350x350.jpg,https://ae01.alicdn.com/kf/Se63a1d723bd34438ae294a98d4e1fbc15.jpg|https://ae01.alicdn.com/kf/Sa29dec9604dd424fa338cd479e7c9ba24.jpg|https://ae01.alicdn.com/kf/Sc69401e51e87465ab7860867d9f954d6M.jpg|https://ae01.alicdn.com/kf/S633aad0c327c4846a381f70106dccfc15.jpg|https://ae01.alicdn.com/kf/Sc4a73f0e948444d2be23b2478d267625G.jpg,,,,,25 sold,,,25 sold,Free,,,https://www.aliexpress.com/store/1104741319/pages/all-items.html?spm=a2g0o.store_pc_home.pcShopHead_2012107242900.99&sortType=orders_desc&shop_sortType=orders_desc&SortType=total_tranpro_desc,,
1005010077322539,1/35 Scale Die-Cast Resin Model Assembled Kit German Pz.Kpfw.III Tank Stowage Set (No Tank) Unassembled and Unpainted,$12.90,,,https://www.aliexpress.com/item/1005010077322539.html,https://ae-pic-a1.aliexpress-media.com/kf/S5918952560e247369ce5061ce2aa6ecdO.jpg_350x350.jpg,https://ae01.alicdn.com/kf/Sb6a0486896c44dd8b19b117646c39e36J/116x64.png|https://ae01.alicdn.com/kf/S5918952560e247369ce5061ce2aa6ecdO.jpg|https://ae01.alicdn.com/kf/S094cba991e99495889b00d35db9c24ad0.jpg|https://ae01.alicdn.com/kf/S00e44d3fa8274bdebf20461a03a57b31P.jpg,,,,,25 sold,,,25 sold,Free,,,https://www.aliexpress.com/store/1104741319/pages/all-items.html?spm=a2g0o.store_pc_home.pcShopHead_2012107242900.99&sortType=orders_desc&shop_sortType=orders_desc&SortType=total_tranpro_desc,,
1005009981798358,1/20 Scale 90mm Die-Cast Resin Figure Model Kit Ancient Roman General Hobby Miniature Toys Unassembled Unpainted DIY Diorama,$13.86,,,https://www.aliexpress.com/item/1005009981798358.html,https://ae-pic-a1.aliexpress-media.com/kf/S04b34ecb3ef54a86a9e8efd683640cc64.jpg_350x350.jpg,https://ae01.alicdn.com/kf/Sb6a0486896c44dd8b19b117646c39e36J/116x64.png|https://ae01.alicdn.com/kf/S04b34ecb3ef54a86a9e8efd683640cc64.jpg|https://ae01.alicdn.com/kf/S554a37906c13482a84ad47f5062dc7498.jpg,,,,,25 sold,,,25 sold,Free,,,https://www.aliexpress.com/store/1104741319/pages/all-items.html?spm=a2g0o.store_pc_home.pcShopHead_2012107242900.99&sortType=orders_desc&shop_sortType=orders_desc&SortType=total_tranpro_desc,,
1005009903123198,1/10 Scale Die-Cast Resin Bust Model Kit WWII Soviet Pilot Fighter Statue Unassembled and Unpainted,$14.99,,,https://www.aliexpress.com/item/1005009903123198.html,https://ae-pic-a1.aliexpress-media.com/kf/Sa68d7d6c46de4afe8c187a465d2a537bE.jpg_350x350.jpg,https://ae01.alicdn.com/kf/Sa68d7d6c46de4afe8c187a465d2a537bE.jpg|https://ae01.alicdn.com/kf/S91899d2ce80d4da396aab9c024d595d5o.jpg|https://ae01.alicdn.com/kf/Sc6c1f537549044f7bcda3d766f8748e11.jpg|https://ae01.alicdn.com/kf/Sf859c65539204f629782b7ca6a62c370X.jpg|https://ae01.alicdn.com/kf/S6251cfe1e2fe46d0a5342aee55ade8930.jpg,,,,,25 sold,,,25 sold,Free,,,https://www.aliexpress.com/store/1104741319/pages/all-items.html?spm=a2g0o.store_pc_home.pcShopHead_2012107242900.99&sortType=orders_desc&shop_sortType=orders_desc&SortType=total_tranpro_desc,,
1005008882571718,1/35 Scale Die-Cast Resin Figure Model Kit North Africa DAK Soldiers At Rest 4 Figures Unassembled and Unpainted,$12.99,,,https://www.aliexpress.com/item/1005008882571718.html,https://ae-pic-a1.aliexpress-media.com/kf/S1e4f42587ac94fd59291486934c733cc9.jpg_350x350.jpg,https://ae01.alicdn.com/kf/Sb6a0486896c44dd8b19b117646c39e36J/116x64.png|https://ae01.alicdn.com/kf/S1e4f42587ac94fd59291486934c733cc9.jpg|https://ae01.alicdn.com/kf/S1df450d946494d37887182609910d735b.jpg,,,,,25 sold,,,25 sold,Free,,,https://www.aliexpress.com/store/1104741319/pages/all-items.html?spm=a2g0o.store_pc_home.pcShopHead_2012107242900.99&sortType=orders_desc&shop_sortType=orders_desc&SortType=total_tranpro_desc,,
1005010690387524,1/35 Scale DieCast Resin Model Assembled Kit Battlefield Scene Bases (50x50mm) Scene Model Unassembled Unpainted,$8.49,,,https://www.aliexpress.com/item/1005010690387524.html,https://ae-pic-a1.aliexpress-media.com/kf/S8ab818a97d3342ef9f7a8a493f38f4e1K.jpg_350x350.jpg,https://ae01.alicdn.com/kf/S8ab818a97d3342ef9f7a8a493f38f4e1K.jpg|https://ae01.alicdn.com/kf/S6c92d70818b041a0b3ed437b2c1da598u.jpg|https://ae01.alicdn.com/kf/Sb5563bf85b4a42fcacd1006bae0fe6a1D.jpg,,,,,24 sold,,,24 sold,Free,,,https://www.aliexpress.com/store/1104741319/pages/all-items.html?spm=a2g0o.store_pc_home.pcShopHead_2012107242900.99&sortType=orders_desc&shop_sortType=orders_desc&SortType=total_tranpro_desc,,
1005010657420608,1/35 Scale Die-Cast Resin Figure Model Kit Rhodesian Light Infantry Soldiers 2 Figures Unassembled and Unpainted,$9.99,,,https://www.aliexpress.com/item/1005010657420608.html,https://ae-pic-a1.aliexpress-media.com/kf/Sc6b40a5d19e54cc6935212a2da50dc063.jpg_350x350.jpg,https://ae01.alicdn.com/kf/Sb6a0486896c44dd8b19b117646c39e36J/116x64.png|https://ae01.alicdn.com/kf/Sc6b40a5d19e54cc6935212a2da50dc063.jpg|https://ae01.alicdn.com/kf/S019e0bd177ce4352b69f8cdaff1f10c0L.jpg,,,,,24 sold,,,24 sold,Free,,,https://www.aliexpress.com/store/1104741319/pages/all-items.html?spm=a2g0o.store_pc_home.pcShopHead_2012107242900.99&sortType=orders_desc&shop_sortType=orders_desc&SortType=total_tranpro_desc,,
1005009618238692,1/35 Scale Die-Cast Resin Model Assembled Kit Soviet Heavy Tank Accessories Set (No Tank) Unassembled and Unpainted,$11.10,,,https://www.aliexpress.com/item/1005009618238692.html,https://ae-pic-a1.aliexpress-media.com/kf/S9d2156424ba847beab5ea4f827941288R.jpg_350x350.jpg,https://ae01.alicdn.com/kf/Sad7d675113e44b239887e09ea0a302d5L/60x60.png|https://ae01.alicdn.com/kf/S9d2156424ba847beab5ea4f827941288R.jpg|https://ae01.alicdn.com/kf/S9d285040f8a74ed3aa1df1763764c0f4p.jpg|https://ae01.alicdn.com/kf/Sf174db29f58d4d0486a107deed53b497m.jpg,,,,,24 sold,,,24 sold,Free,,,https://www.aliexpress.com/store/1104741319/pages/all-items.html?spm=a2g0o.store_pc_home.pcShopHead_2012107242900.99&sortType=orders_desc&shop_sortType=orders_desc&SortType=total_tranpro_desc,,
1005009602955905,1/48 Scale Die-Cast Resin Aircraft Parts Model Assembled Kit F-18 C Electronic Model Unassembled and Unpainted,$10.19,,,https://www.aliexpress.com/item/1005009602955905.html,https://ae-pic-a1.aliexpress-media.com/kf/S70a2a7c9c1db406e9d48b96a8ea91e46H.jpg_350x350.jpg,https://ae01.alicdn.com/kf/S70a2a7c9c1db406e9d48b96a8ea91e46H.jpg|https://ae01.alicdn.com/kf/S300b0b83375f4bb68e90972e9eeb45207.jpg|https://ae01.alicdn.com/kf/Se3080ea9118c412f859891629e9a9a21x.jpg|https://ae01.alicdn.com/kf/S5079fb13564e44099abcce54827f7548l.jpg,,,,,24 sold,,,24 sold,Free,,,https://www.aliexpress.com/store/1104741319/pages/all-items.html?spm=a2g0o.store_pc_home.pcShopHead_2012107242900.99&sortType=orders_desc&shop_sortType=orders_desc&SortType=total_tranpro_desc,,
1005009399702606,1/35 Scale Die-Cast Resin Figure Model Kit WWII US Medical Soldier Unassembled and Unpainted,$6.82,,,https://www.aliexpress.com/item/1005009399702606.html,https://ae-pic-a1.aliexpress-media.com/kf/S34de389e2a054ef4bff8b7bb600ab25fq.jpg_350x350.jpg,https://ae01.alicdn.com/kf/Sb6a0486896c44dd8b19b117646c39e36J/116x64.png|https://ae01.alicdn.com/kf/S34de389e2a054ef4bff8b7bb600ab25fq.jpg|https://ae01.alicdn.com/kf/S91f8b46bb2f8486392fa015a2fa02739Z.jpg,,,,,24 sold,,,24 sold,Free,,,https://www.aliexpress.com/store/1104741319/pages/all-items.html?spm=a2g0o.store_pc_home.pcShopHead_2012107242900.99&sortType=orders_desc&shop_sortType=orders_desc&SortType=total_tranpro_desc,,
1005009156431672,1/35 Scale Die-Cast Resin Model Assembled Kit US Army Sherman M4A3E8 1945 Update Set (No Tank) Unassembled and Unpainted,$17.13,,,https://www.aliexpress.com/item/1005009156431672.html,https://ae-pic-a1.aliexpress-media.com/kf/S90119674cc6f413d9f80eb5955b7cac77.jpg_350x350.jpg,https://ae01.alicdn.com/kf/Sb6a0486896c44dd8b19b117646c39e36J/116x64.png|https://ae01.alicdn.com/kf/S90119674cc6f413d9f80eb5955b7cac77.jpg|https://ae01.alicdn.com/kf/S811a24469b7a49ef9bc01e1d9cda3a83E.jpg|https://ae01.alicdn.com/kf/S2ad5145f11734cdda4c8aa8582f7b9d9h.jpg|https://ae01.alicdn.com/kf/Sb6d2dfc5b77a439692a017255d882f674.jpg|https://ae01.alicdn.com/kf/S5e94d1688c9b4570a391ceb8d9128721b.jpg,,,,,24 sold,,,24 sold,Free,,,https://www.aliexpress.com/store/1104741319/pages/all-items.html?spm=a2g0o.store_pc_home.pcShopHead_2012107242900.99&sortType=orders_desc&shop_sortType=orders_desc&SortType=total_tranpro_desc,,
1005009084790510,1/10 Scale Die-Cast Resin Bust Model Kit WWI British Soldier Reading Letter Statue Unassembled and Unpainted,$13.70,,,https://www.aliexpress.com/item/1005009084790510.html,https://ae-pic-a1.aliexpress-media.com/kf/S1b42b7cf735b4f498706acbc0925cf58w.jpg_350x350.jpg,https://ae01.alicdn.com/kf/S1b42b7cf735b4f498706acbc0925cf58w.jpg|https://ae01.alicdn.com/kf/S7b9421aa3eeb4f48b3af620c2a6287aeK.jpg|https://ae01.alicdn.com/kf/Sa642e2e9947b460b91b2e1abb6f897deI.jpg|https://ae01.alicdn.com/kf/S9a3f06bcd30440b68a1744c99366d112O.jpg|https://ae01.alicdn.com/kf/S7a56e8c110e34e6088918682580ef5747.jpg|https://ae01.alicdn.com/kf/S8835281fb5684b0e9630f3f5759317e61.jpg,,,,,24 sold,,,24 sold,Free,,,https://www.aliexpress.com/store/1104741319/pages/all-items.html?spm=a2g0o.store_pc_home.pcShopHead_2012107242900.99&sortType=orders_desc&shop_sortType=orders_desc&SortType=total_tranpro_desc,,
1005010691299381,1/16 Scale Die-Cast Resin Figure Model Kit Russian Internal Troops Soldier Shooting (No Truck) Unassembled and Unpainted,$15.82,,,https://www.aliexpress.com/item/1005010691299381.html,https://ae-pic-a1.aliexpress-media.com/kf/Se8a89b4637d649adb069dbbf0d51fe9bO.jpg_350x350.jpg,https://ae01.alicdn.com/kf/Se8a89b4637d649adb069dbbf0d51fe9bO.jpg|https://ae01.alicdn.com/kf/Sc74549d368dd440992bb12d12955af7fU.jpg|https://ae01.alicdn.com/kf/S9228a189c5c3475fb77e0a99572e473fw.jpg|https://ae01.alicdn.com/kf/S3da45b2370c542b79d4029d56824319dk.jpg,,,,,23 sold,,,23 sold,Free,,,https://www.aliexpress.com/store/1104741319/pages/all-items.html?spm=a2g0o.store_pc_home.pcShopHead_2012107242900.99&sortType=orders_desc&shop_sortType=orders_desc&SortType=total_tranpro_desc,,
1005010440860701,1/10 Scale Die-Cast Resin Bust Model Kit Military Strategist Field Marshal Statue Unassembled and Unpainted,$12.76,,,https://www.aliexpress.com/item/1005010440860701.html,https://ae-pic-a1.aliexpress-media.com/kf/Sade7f15ee01247bb868d51e060601580B.jpg_350x350.jpg,https://ae01.alicdn.com/kf/Sb6a0486896c44dd8b19b117646c39e36J/116x64.png|https://ae01.alicdn.com/kf/Sade7f15ee01247bb868d51e060601580B.jpg|https://ae01.alicdn.com/kf/Sc6aa2e8c1fb64d18a2779345b9880d53t.jpg,,,,,23 sold,,,23 sold,Free,,,https://www.aliexpress.com/store/1104741319/pages/all-items.html?spm=a2g0o.store_pc_home.pcShopHead_2012107242900.99&sortType=orders_desc&shop_sortType=orders_desc&SortType=total_tranpro_desc,,
1005010130415473,1/35 Scale Die-Cast Resin Model Assembled Kit Stug III C/D Accessories Set (No Tank) Unassembled and Unpainted,$10.82,,,https://www.aliexpress.com/item/1005010130415473.html,https://ae-pic-a1.aliexpress-media.com/kf/Scd64d6cc1cdb45f3af9e69784129afb3Z.jpg_350x350.jpg,https://ae01.alicdn.com/kf/Scd64d6cc1cdb45f3af9e69784129afb3Z.jpg|https://ae01.alicdn.com/kf/Sef45941800674bc7b9bb90743a6f5646H.jpg|https://ae01.alicdn.com/kf/S4d587d2151a14fd9a1f7ebf8f78669e6M.jpg,,,,,23 sold,,,23 sold,Free,,,https://www.aliexpress.com/store/1104741319/pages/all-items.html?spm=a2g0o.store_pc_home.pcShopHead_2012107242900.99&sortType=orders_desc&shop_sortType=orders_desc&SortType=total_tranpro_desc,,
1005010105853533,1/35 Scale Die-Cast Resin Model Assembled Kit German Special Vehicle Type 82 Accessories Set (No Car) Unassembled and Unpainted,$10.47,,,https://www.aliexpress.com/item/1005010105853533.html,https://ae-pic-a1.aliexpress-media.com/kf/S328f7da79e394a4c969ed34f1ebca3db2.jpg_350x350.jpg,https://ae01.alicdn.com/kf/Sb6a0486896c44dd8b19b117646c39e36J/116x64.png|https://ae01.alicdn.com/kf/S328f7da79e394a4c969ed34f1ebca3db2.jpg|https://ae01.alicdn.com/kf/Sabec80a25fa74f15a253f0eebae2c27a0.jpg|https://ae01.alicdn.com/kf/S80205d2e9b144f8a95933739af494847Z.jpg,,,,,23 sold,,,23 sold,Free,,,https://www.aliexpress.com/store/1104741319/pages/all-items.html?spm=a2g0o.store_pc_home.pcShopHead_2012107242900.99&sortType=orders_desc&shop_sortType=orders_desc&SortType=total_tranpro_desc,,
1005010105490167,1/32 Scale 54mm Die-Cast Resin Figure Model Kit Napoleonic Era Cavalry General Miniature Toys Unassembled Unpainted Diorama,$17.70,,,https://www.aliexpress.com/item/1005010105490167.html,https://ae-pic-a1.aliexpress-media.com/kf/Sc0ac6d30b6fe4fd69207d7cd98a302e8P.jpg_350x350.jpg,https://ae01.alicdn.com/kf/Sb6a0486896c44dd8b19b117646c39e36J/116x64.png|https://ae01.alicdn.com/kf/Sc0ac6d30b6fe4fd69207d7cd98a302e8P.jpg|https://ae01.alicdn.com/kf/S3aff3120ac4c4e9b934cc5da2b4a1aa4T.jpg|https://ae01.alicdn.com/kf/S9948c83b76c44a59b9013e1cc32add90C.jpg|https://ae01.alicdn.com/kf/S3aa32cb392db4da484dd84c9b9bdc536r.jpg|https://ae01.alicdn.com/kf/Sa6336c1908f24e84b6fd6ad7359971bc7.jpg,,,,,23 sold,,,23 sold,Free,,,https://www.aliexpress.com/store/1104741319/pages/all-items.html?spm=a2g0o.store_pc_home.pcShopHead_2012107242900.99&sortType=orders_desc&shop_sortType=orders_desc&SortType=total_tranpro_desc,,
1005010054977442,1/35 Scale Die-Cast Resin Model Assembled Kit US Military Truck Accessories Set (No Car) Unassembled and Unpainted,$11.10,,,https://www.aliexpress.com/item/1005010054977442.html,https://ae-pic-a1.aliexpress-media.com/kf/S6b98f19700374f698c3d610aa39b33248.jpg_350x350.jpg,https://ae01.alicdn.com/kf/Sb6a0486896c44dd8b19b117646c39e36J/116x64.png|https://ae01.alicdn.com/kf/S6b98f19700374f698c3d610aa39b33248.jpg|https://ae01.alicdn.com/kf/S7280c3fb5d564440b52666434bb5896d9.jpg|https://ae01.alicdn.com/kf/Sa84e6b05eb4b433c83325e2cfb7cab84M.jpg,,,,,23 sold,,,23 sold,Free,,,https://www.aliexpress.com/store/1104741319/pages/all-items.html?spm=a2g0o.store_pc_home.pcShopHead_2012107242900.99&sortType=orders_desc&shop_sortType=orders_desc&SortType=total_tranpro_desc,,
1005009961023783,1/24 Scale 75mm DieCast Resin Figure Model Kit Vampire Countess (3 Heads) Hobby Miniature Toys Unassembled Unpainted DIY Diorama,$13.60,,,https://www.aliexpress.com/item/1005009961023783.html,https://ae-pic-a1.aliexpress-media.com/kf/Sf136c0cb7560445da3762072454dffa9L.jpg_350x350.jpg,https://ae01.alicdn.com/kf/Sb6a0486896c44dd8b19b117646c39e36J/116x64.png|https://ae01.alicdn.com/kf/Sf136c0cb7560445da3762072454dffa9L.jpg|https://ae01.alicdn.com/kf/S52f4e73947a84e929f8f5f9d956abf32i.jpg|https://ae01.alicdn.com/kf/Scb967e90a9e44c9daa07832df1c3916eb.jpg|https://ae01.alicdn.com/kf/S9b228157fa7d496eb7218ba6becb25ba2.jpg|https://ae01.alicdn.com/kf/Sdc06863d5eb74c44a8dd7a39f53a4556X.jpg,,,,,23 sold,,,23 sold,Free,,,https://www.aliexpress.com/store/1104741319/pages/all-items.html?spm=a2g0o.store_pc_home.pcShopHead_2012107242900.99&sortType=orders_desc&shop_sortType=orders_desc&SortType=total_tranpro_desc,,
1005009841020916,1/72 Scale Die-Cast Resin Model Assembled Kit Vietnam War M48 Tank Accessories Set (No Tank) Unassembled and Unpainted,$9.71,,,https://www.aliexpress.com/item/1005009841020916.html,https://ae-pic-a1.aliexpress-media.com/kf/S80561e0f852f48939418dfc22113bc32I.jpg_350x350.jpg,https://ae01.alicdn.com/kf/Sb6a0486896c44dd8b19b117646c39e36J/116x64.png|https://ae01.alicdn.com/kf/S80561e0f852f48939418dfc22113bc32I.jpg|https://ae01.alicdn.com/kf/S0b7e314d58e54225bc6d770818530f20g.jpg|https://ae01.alicdn.com/kf/S4f8488571eed46a5b4074d5eeae6ffe1h.jpg,,,,,23 sold,,,23 sold,Free,,,https://www.aliexpress.com/store/1104741319/pages/all-items.html?spm=a2g0o.store_pc_home.pcShopHead_2012107242900.99&sortType=orders_desc&shop_sortType=orders_desc&SortType=total_tranpro_desc,,
1005009775709836,1/24 Scale Die-Cast Resin Figure Model Kit Handsome Prince Charlie Hobby Miniature Toys Unassembled and Unpainted DIY Diorama,$12.76,,,https://www.aliexpress.com/item/1005009775709836.html,https://ae-pic-a1.aliexpress-media.com/kf/S1f07176285c8478fa3f5aea2a699ad837.jpg_350x350.jpg,https://ae01.alicdn.com/kf/Sb6a0486896c44dd8b19b117646c39e36J/116x64.png|https://ae01.alicdn.com/kf/S1f07176285c8478fa3f5aea2a699ad837.jpg|https://ae01.alicdn.com/kf/Sbba9b412084345139523fed79c162914j.jpg|https://ae01.alicdn.com/kf/S2bf9c0a66b504036aed96015fe7cc05fT.jpg|https://ae01.alicdn.com/kf/Sef554ea8cbe444e4bf1c0ef679780dc06.jpg|https://ae01.alicdn.com/kf/S6b7a88149b77464282a834f4d4b52c7eb.jpg,,,,,23 sold,,,23 sold,Free,,,https://www.aliexpress.com/store/1104741319/pages/all-items.html?spm=a2g0o.store_pc_home.pcShopHead_2012107242900.99&sortType=orders_desc&shop_sortType=orders_desc&SortType=total_tranpro_desc,,
1005009382350053,1/24 Scale Die-Cast Resin Figure Model Kit Woman Robocop Hobby Miniature Toys Unassembled Unpainted DIY Diorama,$10.99,,,https://www.aliexpress.com/item/1005009382350053.html,https://ae-pic-a1.aliexpress-media.com/kf/S181209fdff6941ef98269022f4ba2286H.jpg_350x350.jpg,https://ae01.alicdn.com/kf/S181209fdff6941ef98269022f4ba2286H.jpg|https://ae01.alicdn.com/kf/S15cc2b3b993342beb16fce2dff99596dE.jpg|https://ae01.alicdn.com/kf/S22f28b33f2da47c3907a23a3e52e4b03I.jpg|https://ae01.alicdn.com/kf/S835253a38020421c8e92d890ac8de341g.jpg,,,,,23 sold,,,23 sold,,,,https://www.aliexpress.com/store/1104741319/pages/all-items.html?spm=a2g0o.store_pc_home.pcShopHead_2012107242900.99&sortType=orders_desc&shop_sortType=orders_desc&SortType=total_tranpro_desc,,
1005009318615301,120mm Scale Die-Cast Resin Model Assembled Kit Field Accessories Scene Model Unassembled and Unpainted No Etched Sheet,$12.99,,,https://www.aliexpress.com/item/1005009318615301.html,https://ae-pic-a1.aliexpress-media.com/kf/S539c41b1b49e45cda7f36a3ed56a777eI.jpg_350x350.jpg,https://ae01.alicdn.com/kf/Sb6a0486896c44dd8b19b117646c39e36J/116x64.png|https://ae01.alicdn.com/kf/S539c41b1b49e45cda7f36a3ed56a777eI.jpg|https://ae01.alicdn.com/kf/S272d4ce8ef0f42bfbaec83a0f500ca64i.jpg,,,,,23 sold,,,23 sold,Free,,,https://www.aliexpress.com/store/1104741319/pages/all-items.html?spm=a2g0o.store_pc_home.pcShopHead_2012107242900.99&sortType=orders_desc&shop_sortType=orders_desc&SortType=total_tranpro_desc,,
1005008957672902,1/16 Scale Die-Cast Resin Figure Model Kit Hitman John Wick Hobby Miniature Toys Unassembled and Unpainted DIY Diorama,$11.62,,,https://www.aliexpress.com/item/1005008957672902.html,https://ae-pic-a1.aliexpress-media.com/kf/S77dd0373c8e54ac08bcb0f7f86646131s.jpg_350x350.jpg,https://ae01.alicdn.com/kf/Sb6a0486896c44dd8b19b117646c39e36J/116x64.png|https://ae01.alicdn.com/kf/S77dd0373c8e54ac08bcb0f7f86646131s.jpg|https://ae01.alicdn.com/kf/Sd6a1edd5b4c7419e8551c94f15e8af6fe.jpg|https://ae01.alicdn.com/kf/S46775fdb592e4ccb85b496093327a3d44.jpg|https://ae01.alicdn.com/kf/Sbef405f6445c4a08b02ac3da67ec3193O.jpg,,,,,23 sold,,,23 sold,Free,,,https://www.aliexpress.com/store/1104741319/pages/all-items.html?spm=a2g0o.store_pc_home.pcShopHead_2012107242900.99&sortType=orders_desc&shop_sortType=orders_desc&SortType=total_tranpro_desc,,
1005010736656945,1/10 Scale Resin DieCast Figure Model Kit Poteau Ambush Battle Smoking Panzergrenadier Unassembled and Unpainted,$25.26,,,https://www.aliexpress.com/item/1005010736656945.html,https://ae-pic-a1.aliexpress-media.com/kf/Sf7325ef0ce6f4bdd836c209e5013ba9b0.jpg_350x350.jpg,https://ae01.alicdn.com/kf/Sb6a0486896c44dd8b19b117646c39e36J/116x64.png|https://ae01.alicdn.com/kf/S1887a285b60743859ac7bdbfca5e0896Z/154x64.png|https://ae01.alicdn.com/kf/Sf7325ef0ce6f4bdd836c209e5013ba9b0.jpg|https://ae01.alicdn.com/kf/S92869f3e78b54525a790c3d3bf100c76j.jpg|https://ae01.alicdn.com/kf/Saf36df4ef2794e2daac11d63d4c4fdf6H.jpg|https://ae01.alicdn.com/kf/Sc0ec891533b94c3b87af268940e112f8P.jpg|https://ae01.alicdn.com/kf/Saf63ae1410af4c39a630c3cddda911c9l.jpg,,,,,22 sold,,,22 sold,Free,,,https://www.aliexpress.com/store/1104741319/pages/all-items.html?spm=a2g0o.store_pc_home.pcShopHead_2012107242900.99&sortType=orders_desc&shop_sortType=orders_desc&SortType=total_tranpro_desc,,
1005010674470402,1/24 Scale Die-Cast Resin Figure Model Kit Doomsday Girl (2 Heads) NSFW Hobby Miniature Toys Unassembled Unpainted DIY Diorama,$10.96,,,https://www.aliexpress.com/item/1005010674470402.html,https://ae-pic-a1.aliexpress-media.com/kf/S27b62de156344fdb8ee0e4496836db41W.jpg_350x350.jpg,https://ae01.alicdn.com/kf/Sb6a0486896c44dd8b19b117646c39e36J/116x64.png|https://ae01.alicdn.com/kf/S27b62de156344fdb8ee0e4496836db41W.jpg|https://ae01.alicdn.com/kf/Se429bcca45e344dc943aadb64ddc780d9.jpg|https://ae01.alicdn.com/kf/Seefe0850557746a8b22be8d291a5a76fX.jpg|https://ae01.alicdn.com/kf/S2fc84c83c46f4184ae3a64a13157bb9aJ.jpg|https://ae01.alicdn.com/kf/S48dc81b7441a469e8e07e0b880e73790J.jpg|https://ae01.alicdn.com/kf/S2948ffb11e7a4924b66b23a8971d9b22P.jpg,,,,,22 sold,,,22 sold,Free,,,https://www.aliexpress.com/store/1104741319/pages/all-items.html?spm=a2g0o.store_pc_home.pcShopHead_2012107242900.99&sortType=orders_desc&shop_sortType=orders_desc&SortType=total_tranpro_desc,,
1005010648844422,1/10 Scale Die-Cast Resin Bust Model Kit Gold Rush Man Statue Unassembled and Unpainted,$15.24,,,https://www.aliexpress.com/item/1005010648844422.html,https://ae-pic-a1.aliexpress-media.com/kf/Sffea60bf952541ca8ae022e67459f956n.jpg_350x350.jpg,https://ae01.alicdn.com/kf/Sffea60bf952541ca8ae022e67459f956n.jpg|https://ae01.alicdn.com/kf/Sdc802b7724cf4849a8cb5b3d273d7b6dk.jpg|https://ae01.alicdn.com/kf/S89e4f0d91b654ce0a86a1112c411cb558.jpg|https://ae01.alicdn.com/kf/Scf8f4a9172eb47a9ae7873bba1277052w.jpg|https://ae01.alicdn.com/kf/Se87dfd42f2124286a54a487f5ad38e60K.jpg,,,,,22 sold,,,22 sold,Free,,,https://www.aliexpress.com/store/1104741319/pages/all-items.html?spm=a2g0o.store_pc_home.pcShopHead_2012107242900.99&sortType=orders_desc&shop_sortType=orders_desc&SortType=total_tranpro_desc,,
1005010078020450,1/35 Scale Die-Cast Resin Model Assembled Kit M60A1 Main Battle Tank Stowage Set (No Tank) Unassembled and Unpainted,$18.74,,,https://www.aliexpress.com/item/1005010078020450.html,https://ae-pic-a1.aliexpress-media.com/kf/S19f116c26753411498b51488a0987c74g.jpg_350x350.jpg,https://ae01.alicdn.com/kf/Sb6a0486896c44dd8b19b117646c39e36J/116x64.png|https://ae01.alicdn.com/kf/S19f116c26753411498b51488a0987c74g.jpg|https://ae01.alicdn.com/kf/S5647b967d46040d3a68fbeed3377dd2fp.jpg|https://ae01.alicdn.com/kf/Sbdc56149aa12480498b88175d081f83ce.jpg,,,,,22 sold,,,22 sold,Free,,,https://www.aliexpress.com/store/1104741319/pages/all-items.html?spm=a2g0o.store_pc_home.pcShopHead_2012107242900.99&sortType=orders_desc&shop_sortType=orders_desc&SortType=total_tranpro_desc,,
1005009917942739,1/72 Scale Die-Cast Resin Model Assembled Kit M3 Grant Accessories Set (No Tank) Unassembled and Unpainted,$8.04,,,https://www.aliexpress.com/item/1005009917942739.html,https://ae-pic-a1.aliexpress-media.com/kf/S6807596a95ce4d788f20780e299c234dK.jpg_350x350.jpg,https://ae01.alicdn.com/kf/Sb6a0486896c44dd8b19b117646c39e36J/116x64.png|https://ae01.alicdn.com/kf/S6807596a95ce4d788f20780e299c234dK.jpg|https://ae01.alicdn.com/kf/S29610b8fd4e74f4f956820111b0a48a5U.jpg|https://ae01.alicdn.com/kf/S7114dda0c16e45cfb41b48dfb5c64eadk.jpg,,,,,22 sold,,,22 sold,Free,,,https://www.aliexpress.com/store/1104741319/pages/all-items.html?spm=a2g0o.store_pc_home.pcShopHead_2012107242900.99&sortType=orders_desc&shop_sortType=orders_desc&SortType=total_tranpro_desc,,
1005009900886191,1/35 Scale Die-Cast Resin Model Assembled Kit Full Bedroom Furniture Diorama Scene Model Unassembled and Unpainted,$15.26,,,https://www.aliexpress.com/item/1005009900886191.html,https://ae-pic-a1.aliexpress-media.com/kf/S0b692893f48943cba9797372a39b5898F.jpg_350x350.jpg,https://ae01.alicdn.com/kf/Sb6a0486896c44dd8b19b117646c39e36J/116x64.png|https://ae01.alicdn.com/kf/S0b692893f48943cba9797372a39b5898F.jpg|https://ae01.alicdn.com/kf/S7f4f5c821ad241878f4851d5ca1d9b00p.jpg,,,,,22 sold,,,22 sold,Free,,,https://www.aliexpress.com/store/1104741319/pages/all-items.html?spm=a2g0o.store_pc_home.pcShopHead_2012107242900.99&sortType=orders_desc&shop_sortType=orders_desc&SortType=total_tranpro_desc,,
1005009619214237,1/35 Scale Die-Cast Resin Model Assembled Kit Russian Field Car Accessories Set (No Car) Unassembled and Unpainted,$10.68,,,https://www.aliexpress.com/item/1005009619214237.html,https://ae-pic-a1.aliexpress-media.com/kf/S6590872f66a447848e8d6760eb2f5ec2y.jpg_350x350.jpg,https://ae01.alicdn.com/kf/S6590872f66a447848e8d6760eb2f5ec2y.jpg|https://ae01.alicdn.com/kf/Sfe8d7100c7b042e8bcb0c4910c98e32bQ.jpg|https://ae01.alicdn.com/kf/Sae76242ef75f4b0d8a813995ff8110c86.jpg,,,,,22 sold,,,22 sold,Free,,,https://www.aliexpress.com/store/1104741319/pages/all-items.html?spm=a2g0o.store_pc_home.pcShopHead_2012107242900.99&sortType=orders_desc&shop_sortType=orders_desc&SortType=total_tranpro_desc,,
1005009002489879,1/35 Scale Die-Cast Resin Figure Model Kit WWII German Army Grenadiers 2 Figures Unassembled and Unpainted,$8.27,,,https://www.aliexpress.com/item/1005009002489879.html,https://ae-pic-a1.aliexpress-media.com/kf/S88a9e50cd9db45cfb02cdc5f7428aa7cX.jpg_350x350.jpg,https://ae01.alicdn.com/kf/S88a9e50cd9db45cfb02cdc5f7428aa7cX.jpg|https://ae01.alicdn.com/kf/S0c705177369f4e41bb643ddd433acfd98.jpg|https://ae01.alicdn.com/kf/S09db4e78d9774e2c9aaca81eb6c3e367e.jpg,,,,,22 sold,,,22 sold,Free,,,https://www.aliexpress.com/store/1104741319/pages/all-items.html?spm=a2g0o.store_pc_home.pcShopHead_2012107242900.99&sortType=orders_desc&shop_sortType=orders_desc&SortType=total_tranpro_desc,,
1005011546963822,1/35 Scale Die-Cast Resin Model Assembled Kit Mk III Scot Car Accessories Set (No Car) Unassembled and Unpainted,$9.86,,,https://www.aliexpress.com/item/1005011546963822.html,https://ae-pic-a1.aliexpress-media.com/kf/Sd3477eb3664c4e04b993bd9416fa8a60t.jpg_350x350.jpg,https://ae01.alicdn.com/kf/Sb6a0486896c44dd8b19b117646c39e36J/116x64.png|https://ae01.alicdn.com/kf/Sd3477eb3664c4e04b993bd9416fa8a60t.jpg|https://ae01.alicdn.com/kf/Se62a49559cda46eca1fbb20a84c253923.jpg|https://ae01.alicdn.com/kf/Sa98bbd1e13334cfe8e2c8128d90c7756z.jpg,,,,,21 sold,,,21 sold,Free,,,https://www.aliexpress.com/store/1104741319/pages/all-items.html?spm=a2g0o.store_pc_home.pcShopHead_2012107242900.99&sortType=orders_desc&shop_sortType=orders_desc&SortType=total_tranpro_desc,,
1005010071082250,1/35 Scale Die-Cast Resin Model Assembled Kit Merkava IID Tank Detailing Set  (No Tank) Unassembled and Unpainted,$12.40,,,https://www.aliexpress.com/item/1005010071082250.html,https://ae-pic-a1.aliexpress-media.com/kf/S4a5cbfc9c8364de9b646473ed955d6396.jpg_350x350.jpg,https://ae01.alicdn.com/kf/Sb6a0486896c44dd8b19b117646c39e36J/116x64.png|https://ae01.alicdn.com/kf/S4a5cbfc9c8364de9b646473ed955d6396.jpg|https://ae01.alicdn.com/kf/S1b9622c473a644a985bdbe50fd9aae05D.jpg|https://ae01.alicdn.com/kf/S69d4d3af59e44da79c0c24c0eee54305g.jpg,,,,,21 sold,,,21 sold,Free,,,https://www.aliexpress.com/store/1104741319/pages/all-items.html?spm=a2g0o.store_pc_home.pcShopHead_2012107242900.99&sortType=orders_desc&shop_sortType=orders_desc&SortType=total_tranpro_desc,,
1005010016231160,1/35 Scale Die-Cast Resin Model Assembled Kit Sherman M4A3 Sandbag Armor Set (No Tank) Unassembled and Unpainted,$12.13,,,https://www.aliexpress.com/item/1005010016231160.html,https://ae-pic-a1.aliexpress-media.com/kf/Sfc4a72433c8f4de1b6661fdeb0a72474E.jpg_350x350.jpg,https://ae01.alicdn.com/kf/Sb6a0486896c44dd8b19b117646c39e36J/116x64.png|https://ae01.alicdn.com/kf/Sfc4a72433c8f4de1b6661fdeb0a72474E.jpg|https://ae01.alicdn.com/kf/S0d801784b1d24097a9bf57dfc31f3ecdG.jpg,,,,,21 sold,,,21 sold,Free,,,https://www.aliexpress.com/store/1104741319/pages/all-items.html?spm=a2g0o.store_pc_home.pcShopHead_2012107242900.99&sortType=orders_desc&shop_sortType=orders_desc&SortType=total_tranpro_desc,,
1005009961738702,1/20 Scale 90mm Die-Cast Resin Figure Model Kit Ancient Templar Sergeant Hobby Miniature Toys Unassembled Unpainted DIY Diorama,$12.76,,,https://www.aliexpress.com/item/1005009961738702.html,https://ae-pic-a1.aliexpress-media.com/kf/S0949609e439440f6aac54c5028e40d9aE.jpg_350x350.jpg,https://ae01.alicdn.com/kf/Sb6a0486896c44dd8b19b117646c39e36J/116x64.png|https://ae01.alicdn.com/kf/S0949609e439440f6aac54c5028e40d9aE.jpg|https://ae01.alicdn.com/kf/S46aed0db492d416e9b061ca944b92c82b.jpg,,,,,21 sold,,,21 sold,Free,,,https://www.aliexpress.com/store/1104741319/pages/all-items.html?spm=a2g0o.store_pc_home.pcShopHead_2012107242900.99&sortType=orders_desc&shop_sortType=orders_desc&SortType=total_tranpro_desc,,
1005009602247907,1/48 Scale Die-Cast Resin Aircraft Parts Model Assembled Kit F-18 C Radar & Canon Model Unassembled and Unpainted,$9.92,,,https://www.aliexpress.com/item/1005009602247907.html,https://ae-pic-a1.aliexpress-media.com/kf/S9e5993d37033416185b0fbdcc3c06f516.jpg_350x350.jpg,https://ae01.alicdn.com/kf/S9e5993d37033416185b0fbdcc3c06f516.jpg|https://ae01.alicdn.com/kf/S87e109d740094b2182bc305bd125c31ct.jpg|https://ae01.alicdn.com/kf/S07f094af7a03452a8fcb2bce4dbc8548Y.jpg,,,,,21 sold,,,21 sold,Free,,,https://www.aliexpress.com/store/1104741319/pages/all-items.html?spm=a2g0o.store_pc_home.pcShopHead_2012107242900.99&sortType=orders_desc&shop_sortType=orders_desc&SortType=total_tranpro_desc,,
1005009574611358,1/48 Scale Die-Cast Resin Aircraft Parts Model Assembled Kit F-14 D Accessories Model Big Set Unassembled and Unpainted,$27.63,,,https://www.aliexpress.com/item/1005009574611358.html,https://ae-pic-a1.aliexpress-media.com/kf/S5c3dd6b0b2f3401999e8c2ea440a5932z.jpg_350x350.jpg,https://ae01.alicdn.com/kf/Sb6a0486896c44dd8b19b117646c39e36J/116x64.png|https://ae01.alicdn.com/kf/S5c3dd6b0b2f3401999e8c2ea440a5932z.jpg|https://ae01.alicdn.com/kf/S2381e01812cd4b51ac9821636232b891I.jpg|https://ae01.alicdn.com/kf/S222e526047fb43a8b70d1be3ff127536s.jpg|https://ae01.alicdn.com/kf/Sbb6249c5699640869cc9230f5e5b1641A.jpg|https://ae01.alicdn.com/kf/Sbe3524556ccd44ab81af9d95af69b70dU.jpg|https://ae01.alicdn.com/kf/Sef6e9d20f35d4a989bb62f8ed27f0354v.jpg,,,,,21 sold,,,21 sold,Free,,,https://www.aliexpress.com/store/1104741319/pages/all-items.html?spm=a2g0o.store_pc_home.pcShopHead_2012107242900.99&sortType=orders_desc&shop_sortType=orders_desc&SortType=total_tranpro_desc,,
1005009283604584,1/35 Scale Die-Cast Resin Model Assembled Kit Wooden and Stone Feed-troughs Scene Model Unassembled and Unpainted,$10.99,,,https://www.aliexpress.com/item/1005009283604584.html,https://ae-pic-a1.aliexpress-media.com/kf/S29ff8b6e1efc479a92a98a464a9c69b9C.jpg_350x350.jpg,https://ae01.alicdn.com/kf/Sb6a0486896c44dd8b19b117646c39e36J/116x64.png|https://ae01.alicdn.com/kf/S29ff8b6e1efc479a92a98a464a9c69b9C.jpg|https://ae01.alicdn.com/kf/Sfcaead0c367b4b9191c2976ccaaa7431z.jpg|https://ae01.alicdn.com/kf/S2c424191c9e744eab420a4a96c983993f.jpg,,,,,21 sold,,,21 sold,Free,,,https://www.aliexpress.com/store/1104741319/pages/all-items.html?spm=a2g0o.store_pc_home.pcShopHead_2012107242900.99&sortType=orders_desc&shop_sortType=orders_desc&SortType=total_tranpro_desc,,
1005009193740695,1/24 Scale Die-Cast Resin Figure Model Kit Sci-fi Horror Movie Marine Corporal Miniature Toys Unassembled Unpainted DIY Diorama,$11.41,,,https://www.aliexpress.com/item/1005009193740695.html,https://ae-pic-a1.aliexpress-media.com/kf/S4cf4c594cd7e4a948c324a5eac1900f9j.jpg_350x350.jpg,https://ae01.alicdn.com/kf/Sb6a0486896c44dd8b19b117646c39e36J/116x64.png|https://ae01.alicdn.com/kf/S4cf4c594cd7e4a948c324a5eac1900f9j.jpg|https://ae01.alicdn.com/kf/S8857a358b32844e592761c6b5101a949Q.jpg|https://ae01.alicdn.com/kf/Sd170ccf1e0be46ed9c2a377c03002f64Z.jpg|https://ae01.alicdn.com/kf/Sd5fbe25138614d04974fa8c3b97daeaaP.jpg|https://ae01.alicdn.com/kf/Se540b04ca96045dba84fffe5dea636542.jpg,,,,,21 sold,,,21 sold,Free,,,https://www.aliexpress.com/store/1104741319/pages/all-items.html?spm=a2g0o.store_pc_home.pcShopHead_2012107242900.99&sortType=orders_desc&shop_sortType=orders_desc&SortType=total_tranpro_desc,,
1005009141175258,1/35 Scale Die-Cast Resin Figure Model Kit German Army Motorized Infantry 8 Figures (No Tank) Unassembled and Unpainted,$20.54,,,https://www.aliexpress.com/item/1005009141175258.html,https://ae-pic-a1.aliexpress-media.com/kf/S297134053cf64916bf0da546b0302376d.jpg_350x350.jpg,https://ae01.alicdn.com/kf/Sb6a0486896c44dd8b19b117646c39e36J/116x64.png|https://ae01.alicdn.com/kf/S297134053cf64916bf0da546b0302376d.jpg|https://ae01.alicdn.com/kf/S38d9eda5097a4859ba540f805a0bc2dff.jpg,,,,,21 sold,,,21 sold,Free,,,https://www.aliexpress.com/store/1104741319/pages/all-items.html?spm=a2g0o.store_pc_home.pcShopHead_2012107242900.99&sortType=orders_desc&shop_sortType=orders_desc&SortType=total_tranpro_desc,,
1005008884031503,1/35 Scale Die-Cast Resin Figure Model Kit FJ43 Pickup Crew Listen To Music and Take A Break 2 Figures Unassembled and Unpainted,$8.27,,,https://www.aliexpress.com/item/1005008884031503.html,https://ae-pic-a1.aliexpress-media.com/kf/S23745cea626e4988a187b72a63b0550dD.jpg_350x350.jpg,https://ae01.alicdn.com/kf/Sb6a0486896c44dd8b19b117646c39e36J/116x64.png|https://ae01.alicdn.com/kf/S23745cea626e4988a187b72a63b0550dD.jpg|https://ae01.alicdn.com/kf/Seb67d55e059b4a06a4908953c85bde28N.jpg,,,,,21 sold,,,21 sold,Free,,,https://www.aliexpress.com/store/1104741319/pages/all-items.html?spm=a2g0o.store_pc_home.pcShopHead_2012107242900.99&sortType=orders_desc&shop_sortType=orders_desc&SortType=total_tranpro_desc,,
1005010692399326,1/16 Scale Die-Cast Resin Figure Model Kit Russian Internal Troops Preparing (No Truck) Unassembled and Unpainted,$15.82,,,https://www.aliexpress.com/item/1005010692399326.html,https://ae-pic-a1.aliexpress-media.com/kf/Sc4c349afc2a642b68bb45053e626bd7e5.jpg_350x350.jpg,https://ae01.alicdn.com/kf/Sb6a0486896c44dd8b19b117646c39e36J/116x64.png|https://ae01.alicdn.com/kf/Sc4c349afc2a642b68bb45053e626bd7e5.jpg|https://ae01.alicdn.com/kf/Sa5a2c1de21594fe799dacd84a3164d035.jpg|https://ae01.alicdn.com/kf/S0cfc586805f046faaf22941edb1bf2c2K.jpg|https://ae01.alicdn.com/kf/S4b149445ca7f44448c0bf3072ffd59b0o.jpg,,,,,20 sold,,,20 sold,Free,,,https://www.aliexpress.com/store/1104741319/pages/all-items.html?spm=a2g0o.store_pc_home.pcShopHead_2012107242900.99&sortType=orders_desc&shop_sortType=orders_desc&SortType=total_tranpro_desc,,
1005010449220986,1/24 Scale 75mm Die-Cast Resin Figure Model Kit Ancient Crusade Knight (2 Heads) Miniature Toys Unassembled Unpainted Diorama,$13.18,,,https://www.aliexpress.com/item/1005010449220986.html,https://ae-pic-a1.aliexpress-media.com/kf/S0058ca6fafa943b492301aade6c1210bB.jpg_350x350.jpg,https://ae01.alicdn.com/kf/S0058ca6fafa943b492301aade6c1210bB.jpg|https://ae01.alicdn.com/kf/Sc74a4ee429dd40fba97198730dd40586L.jpg|https://ae01.alicdn.com/kf/S07281089c3e943d887c59a337658b31fY.jpg|https://ae01.alicdn.com/kf/S418a7809209a49379739a2e7edbf7e73w.jpg|https://ae01.alicdn.com/kf/S2817f758a4e44159ba5d45b0dc0fe6b3l.jpg|https://ae01.alicdn.com/kf/Sa4ec392a7bce44f9a9192d435f84c6edF.jpg,,,,,20 sold,,,20 sold,Free,,,https://www.aliexpress.com/store/1104741319/pages/all-items.html?spm=a2g0o.store_pc_home.pcShopHead_2012107242900.99&sortType=orders_desc&shop_sortType=orders_desc&SortType=total_tranpro_desc,,
1005010099298356,1/35 Scale Die-Cast Resin Model Kit Soviet Army Tank Crew in Afghanistan 7 Figures (No Tank) Unassembled Unpainted,$18.60,,,https://www.aliexpress.com/item/1005010099298356.html,https://ae-pic-a1.aliexpress-media.com/kf/S4ea7269c73554a539e52296e403507e8K.jpg_350x350.jpg,https://ae01.alicdn.com/kf/Sb6a0486896c44dd8b19b117646c39e36J/116x64.png|https://ae01.alicdn.com/kf/Sad7d675113e44b239887e09ea0a302d5L/60x60.png|https://ae01.alicdn.com/kf/S4ea7269c73554a539e52296e403507e8K.jpg|https://ae01.alicdn.com/kf/S246a599b3e8d4a66ba7d4e5c74a4c56aH.jpg|https://ae01.alicdn.com/kf/Sbb7591b81e524a6b86f0e7eb77866141T.jpg|https://ae01.alicdn.com/kf/S861dd8da9b30457ab6fa998d4d8015f9C.jpg|https://ae01.alicdn.com/kf/S6d68891b05d24718921f69f072645172k.jpg,,,,,20 sold,,,20 sold,Free,,,https://www.aliexpress.com/store/1104741319/pages/all-items.html?spm=a2g0o.store_pc_home.pcShopHead_2012107242900.99&sortType=orders_desc&shop_sortType=orders_desc&SortType=total_tranpro_desc,,
1005008886837386,1/10 Scale Die-Cast Resin Bust Model Kit WWII Wehrmacht MG34 Gunner Statue Unassembled and Unpainted,$13.56,,,https://www.aliexpress.com/item/1005008886837386.html,https://ae-pic-a1.aliexpress-media.com/kf/Sbe7a1a11dd744952a334a566c91c5df7J.jpg_350x350.jpg,https://ae01.alicdn.com/kf/Sb6a0486896c44dd8b19b117646c39e36J/116x64.png|https://ae01.alicdn.com/kf/Sad7d675113e44b239887e09ea0a302d5L/60x60.png|https://ae01.alicdn.com/kf/Sbe7a1a11dd744952a334a566c91c5df7J.jpg|https://ae01.alicdn.com/kf/Se903a2ad21444c7dae3a0c522244d6f73.jpg|https://ae01.alicdn.com/kf/S1d0498a5d20c4171a009ae07928bc2f5n.jpg,,,,,20 sold,,,20 sold,Free,,,https://www.aliexpress.com/store/1104741319/pages/all-items.html?spm=a2g0o.store_pc_home.pcShopHead_2012107242900.99&sortType=orders_desc&shop_sortType=orders_desc&SortType=total_tranpro_desc,,
1005008858623775,1/35 Scale Die-Cast Resin Model Assembled Kit WWII US Military Jeep WC-56/57 Stowage Set (No Car) Unassembled and Unpainted,$13.70,,,https://www.aliexpress.com/item/1005008858623775.html,https://ae-pic-a1.aliexpress-media.com/kf/S4c559783cfda4ea7aeb708d0ae7d553f7.jpg_350x350.jpg,https://ae01.alicdn.com/kf/Sb6a0486896c44dd8b19b117646c39e36J/116x64.png|https://ae01.alicdn.com/kf/S4c559783cfda4ea7aeb708d0ae7d553f7.jpg|https://ae01.alicdn.com/kf/S25017194475049d99b733ddbb4f9d48fd.jpg|https://ae01.alicdn.com/kf/S1b1663a2c5b3477b83b50806d59d9904J.jpg|https://ae01.alicdn.com/kf/S14d8fc9b018349969fe3b1c00c1e87eeX.jpg|https://ae01.alicdn.com/kf/S251c3e29bcfc492595aa6a86cb6e3980y.jpg,,,,,20 sold,,,20 sold,Free,,,https://www.aliexpress.com/store/1104741319/pages/all-items.html?spm=a2g0o.store_pc_home.pcShopHead_2012107242900.99&sortType=orders_desc&shop_sortType=orders_desc&SortType=total_tranpro_desc,,
1005010567871677,1/35 Scale Die-Cast Resin Figure Model Kit British Marines Soldiers Set 4 Figures Unassembled and Unpainted,$13.18,,,https://www.aliexpress.com/item/1005010567871677.html,https://ae-pic-a1.aliexpress-media.com/kf/S7283c72ceafb4947a31fcce989f4f7e5b.jpg_350x350.jpg,https://ae01.alicdn.com/kf/Sb6a0486896c44dd8b19b117646c39e36J/116x64.png|https://ae01.alicdn.com/kf/S7283c72ceafb4947a31fcce989f4f7e5b.jpg|https://ae01.alicdn.com/kf/S759695cd56464078a4f52e4fab0ad8efB.jpg,,,,,19 sold,,,19 sold,Free,,,https://www.aliexpress.com/store/1104741319/pages/all-items.html?spm=a2g0o.store_pc_home.pcShopHead_2012107242900.99&sortType=orders_desc&shop_sortType=orders_desc&SortType=total_tranpro_desc,,
1005010048075764,1/35 Scale Die-Cast Resin Model Assembled Kit M561 GAMA Goat Stowage Set (No Car) Unassembled and Unpainted,$11.10,,,https://www.aliexpress.com/item/1005010048075764.html,https://ae-pic-a1.aliexpress-media.com/kf/S0ca1235738e54daeb2c8528be86669964.jpg_350x350.jpg,https://ae01.alicdn.com/kf/Sb6a0486896c44dd8b19b117646c39e36J/116x64.png|https://ae01.alicdn.com/kf/S0ca1235738e54daeb2c8528be86669964.jpg|https://ae01.alicdn.com/kf/S8a026f693ba04b19ae6e89aebaf83051D.jpg|https://ae01.alicdn.com/kf/S7465cce8ba104c4f81972503ac4d59eda.jpg|https://ae01.alicdn.com/kf/S10b409f9a92b40b3a011d791089c07665.jpg,,,,,19 sold,,,19 sold,Free,,,https://www.aliexpress.com/store/1104741319/pages/all-items.html?spm=a2g0o.store_pc_home.pcShopHead_2012107242900.99&sortType=orders_desc&shop_sortType=orders_desc&SortType=total_tranpro_desc,,
1005010047774433,1/35 Scale Die-Cast Resin Model Assembled Kit IDF M113 Sandbag Armor Set (No Tank) Unassembled and Unpainted,$11.71,,,https://www.aliexpress.com/item/1005010047774433.html,https://ae-pic-a1.aliexpress-media.com/kf/S734989f7bad14cfe90104a0b594307faq.jpg_350x350.jpg,https://ae01.alicdn.com/kf/Sb6a0486896c44dd8b19b117646c39e36J/116x64.png|https://ae01.alicdn.com/kf/S734989f7bad14cfe90104a0b594307faq.jpg|https://ae01.alicdn.com/kf/S2b0312ca5b8343c384b19d1c9f47f160p.jpg,,,,,19 sold,,,19 sold,Free,,,https://www.aliexpress.com/store/1104741319/pages/all-items.html?spm=a2g0o.store_pc_home.pcShopHead_2012107242900.99&sortType=orders_desc&shop_sortType=orders_desc&SortType=total_tranpro_desc,,
1005010031600732,1/10 Scale Die-Cast Resin Bust Model Kit European Gentleman Statue Unassembled and Unpainted,$12.13,,,https://www.aliexpress.com/item/1005010031600732.html,https://ae-pic-a1.aliexpress-media.com/kf/S829c97aba9b441539220ba4fff9316973.jpg_350x350.jpg,https://ae01.alicdn.com/kf/Sb6a0486896c44dd8b19b117646c39e36J/116x64.png|https://ae01.alicdn.com/kf/S829c97aba9b441539220ba4fff9316973.jpg|https://ae01.alicdn.com/kf/S7028a71e73034b8baf83f5b0ec67c371X.jpg|https://ae01.alicdn.com/kf/S4b204d98a2824f1aaf299613942d9be52.jpg|https://ae01.alicdn.com/kf/S2216947f76004547bb50cdd2cebb2108o.jpg|https://ae01.alicdn.com/kf/Sc461500ea155483e91a86f35e519d92dF.jpg,,,,,19 sold,,,19 sold,Free,,,https://www.aliexpress.com/store/1104741319/pages/all-items.html?spm=a2g0o.store_pc_home.pcShopHead_2012107242900.99&sortType=orders_desc&shop_sortType=orders_desc&SortType=total_tranpro_desc,,
1005009980643373,1/24 Scale 75mm Die-Cast Resin Figure Model Kit Goddess of Justice Athena Hobby Miniature Toys Unassembled Unpainted DIY Diorama,$12.76,,,https://www.aliexpress.com/item/1005009980643373.html,https://ae-pic-a1.aliexpress-media.com/kf/S20aaaf0fe419431084435ce59732a16cm.jpg_350x350.jpg,https://ae01.alicdn.com/kf/Sb6a0486896c44dd8b19b117646c39e36J/116x64.png|https://ae01.alicdn.com/kf/S20aaaf0fe419431084435ce59732a16cm.jpg|https://ae01.alicdn.com/kf/S7f4b8026a30a48c782e43b58391115ddT.jpg|https://ae01.alicdn.com/kf/S95a466c666194e11bfe5cad8cfc13e4e3.jpg|https://ae01.alicdn.com/kf/S638597380b434ec9986ae886f6d5ad5d9.jpg|https://ae01.alicdn.com/kf/S405b3903ed9240ca817eb2f1ac6403d3I.jpg,,,,,19 sold,,,19 sold,Free,,,https://www.aliexpress.com/store/1104741319/pages/all-items.html?spm=a2g0o.store_pc_home.pcShopHead_2012107242900.99&sortType=orders_desc&shop_sortType=orders_desc&SortType=total_tranpro_desc,,
1005009840428006,1/35 Scale Die-Cast Resin Model Assembled Kit German Tank Elefant Accessories Set (No Tank) Unassembled and Unpainted,$10.82,,,https://www.aliexpress.com/item/1005009840428006.html,https://ae-pic-a1.aliexpress-media.com/kf/S8bc0f4364d174c8eb207741d537038a84.jpg_350x350.jpg,https://ae01.alicdn.com/kf/Sb6a0486896c44dd8b19b117646c39e36J/116x64.png|https://ae01.alicdn.com/kf/Sad7d675113e44b239887e09ea0a302d5L/60x60.png|https://ae01.alicdn.com/kf/S8bc0f4364d174c8eb207741d537038a84.jpg|https://ae01.alicdn.com/kf/Scb7c1ab90bb44dfead609c082ed6896fz.jpg|https://ae01.alicdn.com/kf/S4cfa584a18ec4d16bd5506baaa5561702.jpg,,,,,19 sold,,,19 sold,Free,,,https://www.aliexpress.com/store/1104741319/pages/all-items.html?spm=a2g0o.store_pc_home.pcShopHead_2012107242900.99&sortType=orders_desc&shop_sortType=orders_desc&SortType=total_tranpro_desc,,
1005009636644018,1/9 Scale 250mm Die-Cast Resin Bust Model Kit Napoleonic Wars French Military Commander Statue Unassembled and Unpainted,$20.27,,,https://www.aliexpress.com/item/1005009636644018.html,https://ae-pic-a1.aliexpress-media.com/kf/S4fdf741ae87c4ec5ac316d2cdf8e7586P.jpg_350x350.jpg,https://ae01.alicdn.com/kf/S4fdf741ae87c4ec5ac316d2cdf8e7586P.jpg|https://ae01.alicdn.com/kf/S15be1757d03c4bc3a131c8959945dbbbH.jpg|https://ae01.alicdn.com/kf/S5837a984010a4df7856c09049a96c3786.jpg,,,,,19 sold,,,19 sold,Free,,,https://www.aliexpress.com/store/1104741319/pages/all-items.html?spm=a2g0o.store_pc_home.pcShopHead_2012107242900.99&sortType=orders_desc&shop_sortType=orders_desc&SortType=total_tranpro_desc,,
1005009567404859,1/16 Scale Die-Cast Resin Figure Model Kit US M8 Armored Vehicle Crew Unassembled and Unpainted,$12.36,,,https://www.aliexpress.com/item/1005009567404859.html,https://ae-pic-a1.aliexpress-media.com/kf/Sb9d58187e1784754ab7150ea8417e1f0h.jpg_350x350.jpg,https://ae01.alicdn.com/kf/Sb6a0486896c44dd8b19b117646c39e36J/116x64.png|https://ae01.alicdn.com/kf/Sb9d58187e1784754ab7150ea8417e1f0h.jpg|https://ae01.alicdn.com/kf/Sd4b536feda3046568777dd769f4d022c7.jpg|https://ae01.alicdn.com/kf/S2db41a7df60d4079a99f5992b9364a29E.jpg|https://ae01.alicdn.com/kf/Se339f4caa47b4f21b7cf081b3f8a66f7R.jpg|https://ae01.alicdn.com/kf/S9a95044a22d3436d9cf71c0062e760e2P.jpg,,,,,19 sold,,,19 sold,Free,,,https://www.aliexpress.com/store/1104741319/pages/all-items.html?spm=a2g0o.store_pc_home.pcShopHead_2012107242900.99&sortType=orders_desc&shop_sortType=orders_desc&SortType=total_tranpro_desc,,
1005009566697383,1/24 Scale 70mm DieCast Resin Figure Model Kit Dwarf Blacksmith (2 heads) Hobby Miniature Toys Unassembled Unpainted DIY Diorama,$12.01,,,https://www.aliexpress.com/item/1005009566697383.html,https://ae-pic-a1.aliexpress-media.com/kf/S09b40a73accb4ce586f0f38875908a31q.jpg_350x350.jpg,https://ae01.alicdn.com/kf/Sb6a0486896c44dd8b19b117646c39e36J/116x64.png|https://ae01.alicdn.com/kf/S09b40a73accb4ce586f0f38875908a31q.jpg|https://ae01.alicdn.com/kf/S72a4d88115c047c1b2e3d40f53fdf65aj.jpg|https://ae01.alicdn.com/kf/S35ee66a9f05743ba9a6e511178e2e9c4L.jpg|https://ae01.alicdn.com/kf/Sd507cff38c364a80b03c2b44316cda504.jpg|https://ae01.alicdn.com/kf/S349686b2c9cb486482d6ff025f1e223bR.jpg|https://ae01.alicdn.com/kf/S044b277343d5474a9b18b08e25aaf444P.jpg,,,,,19 sold,,,19 sold,Free,,,https://www.aliexpress.com/store/1104741319/pages/all-items.html?spm=a2g0o.store_pc_home.pcShopHead_2012107242900.99&sortType=orders_desc&shop_sortType=orders_desc&SortType=total_tranpro_desc,,
1005009408505367,1/35 Scale Die-Cast Resin Figure Model Kit WWII US Soldier and Children Returning Home 2 Figures Unassembled and Unpainted,$7.37,,,https://www.aliexpress.com/item/1005009408505367.html,https://ae-pic-a1.aliexpress-media.com/kf/S226e6d01357a42458266d374a8821c54W.jpg_350x350.jpg,https://ae01.alicdn.com/kf/S226e6d01357a42458266d374a8821c54W.jpg|https://ae01.alicdn.com/kf/Sa82e0b2f7044471e98418e9f4968a4dbD.jpg,,,,,19 sold,,,19 sold,,,,https://www.aliexpress.com/store/1104741319/pages/all-items.html?spm=a2g0o.store_pc_home.pcShopHead_2012107242900.99&sortType=orders_desc&shop_sortType=orders_desc&SortType=total_tranpro_desc,,
1005009344643365,1/35 Scale Die-Cast Resin Figure Model Kit Arab Street Anger Civilian 2 Figures (No Tank) Unassembled and Unpainted,$7.99,,,https://www.aliexpress.com/item/1005009344643365.html,https://ae-pic-a1.aliexpress-media.com/kf/Sdcd43c77775948dca9d71308bce488d2W.jpg_350x350.jpg,https://ae01.alicdn.com/kf/Sb6a0486896c44dd8b19b117646c39e36J/116x64.png|https://ae01.alicdn.com/kf/Sdcd43c77775948dca9d71308bce488d2W.jpg|https://ae01.alicdn.com/kf/Sdf9ddbb25edf451db4381d5ddaae8c4dL.jpg,,,,,19 sold,,,19 sold,Free,,,https://www.aliexpress.com/store/1104741319/pages/all-items.html?spm=a2g0o.store_pc_home.pcShopHead_2012107242900.99&sortType=orders_desc&shop_sortType=orders_desc&SortType=total_tranpro_desc,,
1005009335997018,1/10 Scale Die-Cast Resin Bust Model Kit WWII German Army Mountain Hunter Statue Unassembled and Unpainted,$13.99,,,https://www.aliexpress.com/item/1005009335997018.html,https://ae-pic-a1.aliexpress-media.com/kf/Sa0174c481fc74d27ac8b9e33fdd7d518j.jpg_350x350.jpg,https://ae01.alicdn.com/kf/Sb6a0486896c44dd8b19b117646c39e36J/116x64.png|https://ae01.alicdn.com/kf/Sad7d675113e44b239887e09ea0a302d5L/60x60.png|https://ae01.alicdn.com/kf/Sa0174c481fc74d27ac8b9e33fdd7d518j.jpg|https://ae01.alicdn.com/kf/S9a3813e7abd84e8dbc69f87dc0f4fee0K.jpg|https://ae01.alicdn.com/kf/Sd89224dbddc74bc9831a6c4797e2f0d5d.jpg|https://ae01.alicdn.com/kf/S9c892ad2eaea4636bdfb1bf32540863f2.jpg,,,,,19 sold,,,19 sold,Free,,,https://www.aliexpress.com/store/1104741319/pages/all-items.html?spm=a2g0o.store_pc_home.pcShopHead_2012107242900.99&sortType=orders_desc&shop_sortType=orders_desc&SortType=total_tranpro_desc,,
1005009310595424,1/35 Scale Die-Cast Resin Figure Model Kit WWII US Marine Tank Crew 4 Figures Half-body Unassembled and Unpainted,$9.84,,,https://www.aliexpress.com/item/1005009310595424.html,https://ae-pic-a1.aliexpress-media.com/kf/Sbbe6395c2175423bb326e8544fb21d3cw.jpg_350x350.jpg,https://ae01.alicdn.com/kf/Sad7d675113e44b239887e09ea0a302d5L/60x60.png|https://ae01.alicdn.com/kf/Sb6a0486896c44dd8b19b117646c39e36J/116x64.png|https://ae01.alicdn.com/kf/Sbbe6395c2175423bb326e8544fb21d3cw.jpg|https://ae01.alicdn.com/kf/Sbc794ac8710c4900adb934a364d90d6cI.jpg,,,,,19 sold,,,19 sold,Free,,,https://www.aliexpress.com/store/1104741319/pages/all-items.html?spm=a2g0o.store_pc_home.pcShopHead_2012107242900.99&sortType=orders_desc&shop_sortType=orders_desc&SortType=total_tranpro_desc,,
1005008901298532,1/24 Scale DieCast Resin Figure Model Kit Beauty Princess on The Sofa Hobby Miniature Toys Unassembled and Unpainted DIY Diorama,$12.03,,,https://www.aliexpress.com/item/1005008901298532.html,https://ae-pic-a1.aliexpress-media.com/kf/Sd9ad5c2e9f5c4b94bc5d112cb1cab560k.jpg_350x350.jpg,https://ae01.alicdn.com/kf/Sb6a0486896c44dd8b19b117646c39e36J/116x64.png|https://ae01.alicdn.com/kf/Sd9ad5c2e9f5c4b94bc5d112cb1cab560k.jpg|https://ae01.alicdn.com/kf/Sea67d744a7514033ba30ce19fce5765ed.jpg,,,,,19 sold,,,19 sold,Free,,,https://www.aliexpress.com/store/1104741319/pages/all-items.html?spm=a2g0o.store_pc_home.pcShopHead_2012107242900.99&sortType=orders_desc&shop_sortType=orders_desc&SortType=total_tranpro_desc,,
1005010667171578,1/24 Scale Die-Cast Resin Figure Model Kit Viking Female Warrior Hobby Miniature Toys Unassembled Unpainted DIY Diorama,$10.34,,,https://www.aliexpress.com/item/1005010667171578.html,https://ae-pic-a1.aliexpress-media.com/kf/S3d1dcd5749ce40e0a61d4a8221ca679f3.jpg_350x350.jpg,https://ae01.alicdn.com/kf/Sb6a0486896c44dd8b19b117646c39e36J/116x64.png|https://ae01.alicdn.com/kf/S3d1dcd5749ce40e0a61d4a8221ca679f3.jpg|https://ae01.alicdn.com/kf/S722e7233a56f4294b89dd7b893b8025dJ.jpg|https://ae01.alicdn.com/kf/S26f6762269da491f8ecb307ec329db916.jpg|https://ae01.alicdn.com/kf/Sdc3987f913804c3cba87c0f53ca320a1i.jpg|https://ae01.alicdn.com/kf/Se694aec0424a45e1aa322977214e392fW.jpg,,,,,18 sold,,,18 sold,Free,,,https://www.aliexpress.com/store/1104741319/pages/all-items.html?spm=a2g0o.store_pc_home.pcShopHead_2012107242900.99&sortType=orders_desc&shop_sortType=orders_desc&SortType=total_tranpro_desc,,
1005010625267065,1/16 Scale Die-Cast Resin Figure Model Kit Poteau Ambush Battle Series 4 Figures Unassembled Unpainted No Base,$53.49,,,https://www.aliexpress.com/item/1005010625267065.html,https://ae-pic-a1.aliexpress-media.com/kf/Sae37c4a9fffb48b8b5fa2a645ccf5b3aU.jpg_350x350.jpg,https://ae01.alicdn.com/kf/Sb6a0486896c44dd8b19b117646c39e36J/116x64.png|https://ae01.alicdn.com/kf/Sae37c4a9fffb48b8b5fa2a645ccf5b3aU.jpg|https://ae01.alicdn.com/kf/Sc9780f2d53804c2585a09085b678aac9k.jpg|https://ae01.alicdn.com/kf/S8d860472ad1a4a478d0f6e17071699ff3.jpg,,,,,18 sold,,,18 sold,Free,,,https://www.aliexpress.com/store/1104741319/pages/all-items.html?spm=a2g0o.store_pc_home.pcShopHead_2012107242900.99&sortType=orders_desc&shop_sortType=orders_desc&SortType=total_tranpro_desc,,
1005010211492401,1/24 Scale 75mm DieCast Resin Figure Model Kit Ancient German Knight Hobby Miniature Toys Unassembled Unpainted DIY Diorama,$21.84,,,https://www.aliexpress.com/item/1005010211492401.html,https://ae-pic-a1.aliexpress-media.com/kf/Sddb4f347ef68490ab4facb979a7b99e9e.jpg_350x350.jpg,https://ae01.alicdn.com/kf/Sddb4f347ef68490ab4facb979a7b99e9e.jpg|https://ae01.alicdn.com/kf/S2fcb4d1c4f744d79a7cf2221df609687X.jpg|https://ae01.alicdn.com/kf/S4386f2c272df483f8b5114e21c39c043U.jpg|https://ae01.alicdn.com/kf/S8518de692f054ac2a47b6f8f3c7a6079Y.jpg|https://ae01.alicdn.com/kf/S10eecb72efe14f9da8caaf8f447cc177c.jpg,,,,,18 sold,,,18 sold,Free,,,https://www.aliexpress.com/store/1104741319/pages/all-items.html?spm=a2g0o.store_pc_home.pcShopHead_2012107242900.99&sortType=orders_desc&shop_sortType=orders_desc&SortType=total_tranpro_desc,,
1005010009241411,1/72 Scale Die-Cast Resin Model Assembled Kit British Warrior Accessories Set (No Tank) Unassembled and Unpainted,$8.04,,,https://www.aliexpress.com/item/1005010009241411.html,https://ae-pic-a1.aliexpress-media.com/kf/Sbb31e3d751914dfeaeb6360d54b2f617U.jpg_350x350.jpg,https://ae01.alicdn.com/kf/Sb6a0486896c44dd8b19b117646c39e36J/116x64.png|https://ae01.alicdn.com/kf/Sbb31e3d751914dfeaeb6360d54b2f617U.jpg|https://ae01.alicdn.com/kf/S30bc2a5c41dd4d13b00d0ffb49edf3ebN.jpg|https://ae01.alicdn.com/kf/S1071916d68074dd5b2e19fe362f7a372F.jpg,,,,,18 sold,,,18 sold,Free,,,https://www.aliexpress.com/store/1104741319/pages/all-items.html?spm=a2g0o.store_pc_home.pcShopHead_2012107242900.99&sortType=orders_desc&shop_sortType=orders_desc&SortType=total_tranpro_desc,,
1005009952506555,1/24 Scale 75mm Die-Cast Resin Figure Model Kit Barbarian Female Warrior Hobby Miniature Toys Unassembled Unpainted DIY Diorama,$13.27,,,https://www.aliexpress.com/item/1005009952506555.html,https://ae-pic-a1.aliexpress-media.com/kf/Sf33ff04b20c44ba18fffc8c819160561I.jpg_350x350.jpg,https://ae01.alicdn.com/kf/Sb6a0486896c44dd8b19b117646c39e36J/116x64.png|https://ae01.alicdn.com/kf/Sf33ff04b20c44ba18fffc8c819160561I.jpg|https://ae01.alicdn.com/kf/S501e94a6ac3341ff9f0ba6b8c380a2c0Z.jpg|https://ae01.alicdn.com/kf/S47277dcafa274f21889a0e0f8a9ab9e99.jpg|https://ae01.alicdn.com/kf/S02e37af947224967a1cb069ba13fa024p.jpg|https://ae01.alicdn.com/kf/S318d897c6fc9445485038809e62cea0c8.jpg,,,,,18 sold,,,18 sold,Free,,,https://www.aliexpress.com/store/1104741319/pages/all-items.html?spm=a2g0o.store_pc_home.pcShopHead_2012107242900.99&sortType=orders_desc&shop_sortType=orders_desc&SortType=total_tranpro_desc,,
1005009635658791,1/35 Scale Die-Cast Resin Figure Model Kit WWII Infantry Soldiers 5 Figures (No Vehicle) Unassembled and Unpainted,$14.36,,,https://www.aliexpress.com/item/1005009635658791.html,https://ae-pic-a1.aliexpress-media.com/kf/S25bd5b5fb18d4141bb41e86230405f93p.jpg_350x350.jpg,https://ae01.alicdn.com/kf/Sb6a0486896c44dd8b19b117646c39e36J/116x64.png|https://ae01.alicdn.com/kf/S25bd5b5fb18d4141bb41e86230405f93p.jpg|https://ae01.alicdn.com/kf/S77a752a2f6d3478ebe15b2eb0803bf0aR.jpg,,,,,18 sold,,,18 sold,Free,,,https://www.aliexpress.com/store/1104741319/pages/all-items.html?spm=a2g0o.store_pc_home.pcShopHead_2012107242900.99&sortType=orders_desc&shop_sortType=orders_desc&SortType=total_tranpro_desc,,
1005009610548449,1/10 Scale Die-Cast Resin Bust Model Kit Roman Legionarius Statue Unassembled and Unpainted,$13.88,,,https://www.aliexpress.com/item/1005009610548449.html,https://ae-pic-a1.aliexpress-media.com/kf/S5c4a4cc5c3544538858fd7e1b563e380R.jpg_350x350.jpg,https://ae01.alicdn.com/kf/S5c4a4cc5c3544538858fd7e1b563e380R.jpg|https://ae01.alicdn.com/kf/S89f12a7e3107499692fd9f9f40c765c5n.jpg|https://ae01.alicdn.com/kf/S2a39809c91794cbca5349346bbf3694aT.jpg|https://ae01.alicdn.com/kf/S167fd380926345c5ac3f8b89405bc585I.jpg|https://ae01.alicdn.com/kf/Se33e573437cd4c94829db528bc08ac56L.jpg,,,,,18 sold,,,18 sold,Free,,,https://www.aliexpress.com/store/1104741319/pages/all-items.html?spm=a2g0o.store_pc_home.pcShopHead_2012107242900.99&sortType=orders_desc&shop_sortType=orders_desc&SortType=total_tranpro_desc,,
1005009567511757,1/16 Scale Die-Cast Resin Figure Model Kit US M8 Armored Vehicle Crew Unassembled and Unpainted,$12.36,,,https://www.aliexpress.com/item/1005009567511757.html,https://ae-pic-a1.aliexpress-media.com/kf/S1f80918d0b6a419bb4dedc27d0e5a3312.jpg_350x350.jpg,https://ae01.alicdn.com/kf/Sb6a0486896c44dd8b19b117646c39e36J/116x64.png|https://ae01.alicdn.com/kf/S1f80918d0b6a419bb4dedc27d0e5a3312.jpg|https://ae01.alicdn.com/kf/S4c780cfacfb0499b93dbeba200dae7ef2.jpg|https://ae01.alicdn.com/kf/Se4b308efc4c641dbab9a9262fd9e2de3x.jpg|https://ae01.alicdn.com/kf/S9ecd962917254be28bfff65792e7bfd5s.jpg|https://ae01.alicdn.com/kf/Se65f9ca5a3434414b01e1dab2d9b8b251.jpg,,,,,18 sold,,,18 sold,Free,,,https://www.aliexpress.com/store/1104741319/pages/all-items.html?spm=a2g0o.store_pc_home.pcShopHead_2012107242900.99&sortType=orders_desc&shop_sortType=orders_desc&SortType=total_tranpro_desc,,
1005009344248784,1/35 Scale Die-Cast Resin Model Assembled Kit WWII German Workshop Equipment Scene Model Unassembled Unpainted No Etched Sheet,$15.82,,,https://www.aliexpress.com/item/1005009344248784.html,https://ae-pic-a1.aliexpress-media.com/kf/S094f4f45a5044b01a8deb8bc42fda40ds.jpg_350x350.jpg,https://ae01.alicdn.com/kf/S094f4f45a5044b01a8deb8bc42fda40ds.jpg|https://ae01.alicdn.com/kf/S59765579e9dc4281afc2a8f500bfd5cad.jpg,,,,,18 sold,,,18 sold,Free,,,https://www.aliexpress.com/store/1104741319/pages/all-items.html?spm=a2g0o.store_pc_home.pcShopHead_2012107242900.99&sortType=orders_desc&shop_sortType=orders_desc&SortType=total_tranpro_desc,,
1005009135321262,1/35 Scale Die-Cast Resin Figure Model Kit Scuba Diver & Woman Diver with Snorkel 2 Figures Unassembled and Unpainted,$9.85,,,https://www.aliexpress.com/item/1005009135321262.html,https://ae-pic-a1.aliexpress-media.com/kf/S604610cb09c04fa388e01be056061bd4u.jpg_350x350.jpg,https://ae01.alicdn.com/kf/S604610cb09c04fa388e01be056061bd4u.jpg|https://ae01.alicdn.com/kf/Sa83e0f07608847bf9027b47c17b9dc72S.jpg|https://ae01.alicdn.com/kf/Sdd7e227e6b62434ca1e3d75487b691fdA.jpg|https://ae01.alicdn.com/kf/S54ee21e074124707842fa155156f0098B.jpg,,,,,18 sold,,,18 sold,Free,,,https://www.aliexpress.com/store/1104741319/pages/all-items.html?spm=a2g0o.store_pc_home.pcShopHead_2012107242900.99&sortType=orders_desc&shop_sortType=orders_desc&SortType=total_tranpro_desc,,
1005008883682426,1/35 Scale Die-Cast Resin Figure Model Kit Somalia US Military Operation Gothic Serpent 3 Figures Unassembled and Unpainted,$10.41,,,https://www.aliexpress.com/item/1005008883682426.html,https://ae-pic-a1.aliexpress-media.com/kf/S0b97c1fd7c4b4835adf5c109a7624f33l.jpg_350x350.jpg,https://ae01.alicdn.com/kf/S1887a285b60743859ac7bdbfca5e0896Z/154x64.png|https://ae01.alicdn.com/kf/Sb6a0486896c44dd8b19b117646c39e36J/116x64.png|https://ae01.alicdn.com/kf/S0b97c1fd7c4b4835adf5c109a7624f33l.jpg|https://ae01.alicdn.com/kf/S8e924a78093745378d3cd9431d9ee4fbk.jpg,,,,,18 sold,,,18 sold,Free,,,https://www.aliexpress.com/store/1104741319/pages/all-items.html?spm=a2g0o.store_pc_home.pcShopHead_2012107242900.99&sortType=orders_desc&shop_sortType=orders_desc&SortType=total_tranpro_desc,,
1005010784500760,1/12 Scale Die-Cast Resin Bust Model Kit Ancient Conquer England Statue 2 Busts Unassembled and Unpainted,$25.36,,,https://www.aliexpress.com/item/1005010784500760.html,https://ae-pic-a1.aliexpress-media.com/kf/S63864a99914f4d248fae460be6364691r.jpg_350x350.jpg,https://ae01.alicdn.com/kf/Sb6a0486896c44dd8b19b117646c39e36J/116x64.png|https://ae01.alicdn.com/kf/S63864a99914f4d248fae460be6364691r.jpg|https://ae01.alicdn.com/kf/S6215257f594a4e9ab7b113f34bd9ef05r.jpg,,,,,17 sold,,,17 sold,Free,,,https://www.aliexpress.com/store/1104741319/pages/all-items.html?spm=a2g0o.store_pc_home.pcShopHead_2012107242900.99&sortType=orders_desc&shop_sortType=orders_desc&SortType=total_tranpro_desc,,
1005010204860799,1/35 Scale Die-Cast Resin Model Assembled Kit Bathroom Furniture (No Walls) Scene Model Unassembled and Unpainted,$12.13,,,https://www.aliexpress.com/item/1005010204860799.html,https://ae-pic-a1.aliexpress-media.com/kf/S2f90a20d4bff480eb7b4a3706cdabecaO.jpg_350x350.jpg,https://ae01.alicdn.com/kf/Sb6a0486896c44dd8b19b117646c39e36J/116x64.png|https://ae01.alicdn.com/kf/S2f90a20d4bff480eb7b4a3706cdabecaO.jpg|https://ae01.alicdn.com/kf/S8c1bde0a589e4386b984754abb3ad18ck.jpg,,,,,17 sold,,,17 sold,Free,,,https://www.aliexpress.com/store/1104741319/pages/all-items.html?spm=a2g0o.store_pc_home.pcShopHead_2012107242900.99&sortType=orders_desc&shop_sortType=orders_desc&SortType=total_tranpro_desc,,
1005009939127886,1/72 Scale Die-Cast Resin Model Assembled Kit Staghound Accessories Set (No Tank) Unassembled and Unpainted,$8.04,,,https://www.aliexpress.com/item/1005009939127886.html,https://ae-pic-a1.aliexpress-media.com/kf/Sff4534b2f6d042ccb42137cc21272c5fE.jpg_350x350.jpg,https://ae01.alicdn.com/kf/Sb6a0486896c44dd8b19b117646c39e36J/116x64.png|https://ae01.alicdn.com/kf/Sff4534b2f6d042ccb42137cc21272c5fE.jpg|https://ae01.alicdn.com/kf/Se64ac183e2a14dc2ba7db5889f846483z.jpg|https://ae01.alicdn.com/kf/S4881389fec574c8bb339941566075daa8.jpg,,,,,17 sold,,,17 sold,Free,,,https://www.aliexpress.com/store/1104741319/pages/all-items.html?spm=a2g0o.store_pc_home.pcShopHead_2012107242900.99&sortType=orders_desc&shop_sortType=orders_desc&SortType=total_tranpro_desc,,
1005009832776105,1/12 Scale 76mm Die-Cast Resin Bust Model Kit Wizard with Owl Statue Unassembled and Unpainted,$11.30,,,https://www.aliexpress.com/item/1005009832776105.html,https://ae-pic-a1.aliexpress-media.com/kf/Sabc5700658af4555a85ddc83c0ef928bi.jpg_350x350.jpg,https://ae01.alicdn.com/kf/Sb6a0486896c44dd8b19b117646c39e36J/116x64.png|https://ae01.alicdn.com/kf/Sabc5700658af4555a85ddc83c0ef928bi.jpg|https://ae01.alicdn.com/kf/Sb6d56c508b3d430384e0383a6fc396fds.jpg|https://ae01.alicdn.com/kf/S523010bcf00843b494d386dec330f65bn.jpg|https://ae01.alicdn.com/kf/Sba120409e1464e1ca3d688c5c6c2ecdbB.jpg,,,,,17 sold,,,17 sold,Free,,,https://www.aliexpress.com/store/1104741319/pages/all-items.html?spm=a2g0o.store_pc_home.pcShopHead_2012107242900.99&sortType=orders_desc&shop_sortType=orders_desc&SortType=total_tranpro_desc,,
1005009741425005,1/24 Scale Die-Cast Resin Figure Model Kit The Rich Man and The Falcon Hobby Miniature Toys Unassembled Unpainted DIY Diorama,$13.84,,,https://www.aliexpress.com/item/1005009741425005.html,https://ae-pic-a1.aliexpress-media.com/kf/S01a3b96b7be541c7a4112a7fdf71d4bcr.jpg_350x350.jpg,https://ae01.alicdn.com/kf/Sb6a0486896c44dd8b19b117646c39e36J/116x64.png|https://ae01.alicdn.com/kf/S01a3b96b7be541c7a4112a7fdf71d4bcr.jpg|https://ae01.alicdn.com/kf/S19827fd700c143e08074ad430665f868p.jpg|https://ae01.alicdn.com/kf/S00393bfea49240e29caebbc6875acd6bn.jpg|https://ae01.alicdn.com/kf/S197f5e77084a45b3af85cd4d32d5ba36w.jpg|https://ae01.alicdn.com/kf/Sd75a7024cffe47c692b3f3f633f61c52x.jpg,,,,,17 sold,,,17 sold,Free,,,https://www.aliexpress.com/store/1104741319/pages/all-items.html?spm=a2g0o.store_pc_home.pcShopHead_2012107242900.99&sortType=orders_desc&shop_sortType=orders_desc&SortType=total_tranpro_desc,,
1005009562334669,1/48 Scale Die-Cast Resin Aircraft Parts Model Assembled Kit F4J Phantom Engine Model Unassembled and Unpainted,$10.68,,,https://www.aliexpress.com/item/1005009562334669.html,https://ae-pic-a1.aliexpress-media.com/kf/S340b6bc95f3b4b86982cf6b2d6eedbd1L.jpg_350x350.jpg,https://ae01.alicdn.com/kf/Sb6a0486896c44dd8b19b117646c39e36J/116x64.png|https://ae01.alicdn.com/kf/S340b6bc95f3b4b86982cf6b2d6eedbd1L.jpg|https://ae01.alicdn.com/kf/S673847c440524470acc7ba5bee591ec8s.jpg|https://ae01.alicdn.com/kf/Sd9b9e269e9fe4b9b953a3a732e8995aeV.jpg,,,,,17 sold,,,17 sold,Free,,,https://www.aliexpress.com/store/1104741319/pages/all-items.html?spm=a2g0o.store_pc_home.pcShopHead_2012107242900.99&sortType=orders_desc&shop_sortType=orders_desc&SortType=total_tranpro_desc,,
1005009344644014,1/35 Scale Die-Cast Resin Model Assembled Kit WWII German Navy Human Torpedo Scene Model Unassembled and Unpainted,$16.13,,,https://www.aliexpress.com/item/1005009344644014.html,https://ae-pic-a1.aliexpress-media.com/kf/S1edf00ce8aca4fedab884f8387467310Q.jpg_350x350.jpg,https://ae01.alicdn.com/kf/Sb6a0486896c44dd8b19b117646c39e36J/116x64.png|https://ae01.alicdn.com/kf/S1edf00ce8aca4fedab884f8387467310Q.jpg|https://ae01.alicdn.com/kf/S53531e71f19b46fb88f64000352742c9m.jpg,,,,,17 sold,,,17 sold,Free,,,https://www.aliexpress.com/store/1104741319/pages/all-items.html?spm=a2g0o.store_pc_home.pcShopHead_2012107242900.99&sortType=orders_desc&shop_sortType=orders_desc&SortType=total_tranpro_desc,,
1005010692215316,1/16 Scale Die-Cast Resin Figure Model Kit Russian Internal Troops Soldier with Machine Gun (No Truck) Unassembled and Unpainted,$15.82,,,https://www.aliexpress.com/item/1005010692215316.html,https://ae-pic-a1.aliexpress-media.com/kf/S35d59e6be191482896f339c05e6154f4r.jpg_350x350.jpg,https://ae01.alicdn.com/kf/Sb6a0486896c44dd8b19b117646c39e36J/116x64.png|https://ae01.alicdn.com/kf/S35d59e6be191482896f339c05e6154f4r.jpg|https://ae01.alicdn.com/kf/Sd7172906ef1042c487660952173e614d6.jpg|https://ae01.alicdn.com/kf/S82f80cc379ab471ba808c8fdd0412ec9g.jpg|https://ae01.alicdn.com/kf/S44d4563dbf8c4920bfea016bea6ff8a4B.jpg|https://ae01.alicdn.com/kf/S5bb5356c8a6140a695526783a36cf67ae.jpg,,,,,16 sold,,,16 sold,Free,,,https://www.aliexpress.com/store/1104741319/pages/all-items.html?spm=a2g0o.store_pc_home.pcShopHead_2012107242900.99&sortType=orders_desc&shop_sortType=orders_desc&SortType=total_tranpro_desc,,
1005010665621583,1/35 Scale Die-Cast Resin Model Assembled Kit Pattern 1920/Sand Tyres Accessories Set (No Car) Unassembled and Unpainted,$11.38,,,https://www.aliexpress.com/item/1005010665621583.html,https://ae-pic-a1.aliexpress-media.com/kf/S1e4395d39a314238a71d19e7759becb00.jpg_350x350.jpg,https://ae01.alicdn.com/kf/Sb6a0486896c44dd8b19b117646c39e36J/116x64.png|https://ae01.alicdn.com/kf/S1e4395d39a314238a71d19e7759becb00.jpg|https://ae01.alicdn.com/kf/S73a02acf516f46abb357961b66257650S.jpg|https://ae01.alicdn.com/kf/Se30133c29e5841b89d333a0a354ffc76L.jpg,,,,,16 sold,,,16 sold,Free,,,https://www.aliexpress.com/store/1104741319/pages/all-items.html?spm=a2g0o.store_pc_home.pcShopHead_2012107242900.99&sortType=orders_desc&shop_sortType=orders_desc&SortType=total_tranpro_desc,,
1005010634393680,1/24 Scale 75mm Die-Cast Resin Figure Model Kit Ancient Knight Templar & Saracen Warrior Miniature Toys Unassembled Unpainted,$18.46,,,https://www.aliexpress.com/item/1005010634393680.html,https://ae-pic-a1.aliexpress-media.com/kf/Sae1c34c0c7f449c08016b0751178f729S.jpg_350x350.jpg,https://ae01.alicdn.com/kf/Sb6a0486896c44dd8b19b117646c39e36J/116x64.png|https://ae01.alicdn.com/kf/Sae1c34c0c7f449c08016b0751178f729S.jpg|https://ae01.alicdn.com/kf/S5be3a5e6668541e097d4320fabe434e7s.jpg|https://ae01.alicdn.com/kf/S6248ff2837e74526bfa2ff8423f6a636G.jpg|https://ae01.alicdn.com/kf/S902403d2df8647f6899506bfb394b058o.jpg|https://ae01.alicdn.com/kf/Sb881fdde65954b4ca3c6007fdf9013dbP.jpg,,,,,16 sold,,,16 sold,Free,,,https://www.aliexpress.com/store/1104741319/pages/all-items.html?spm=a2g0o.store_pc_home.pcShopHead_2012107242900.99&sortType=orders_desc&shop_sortType=orders_desc&SortType=total_tranpro_desc,,
1005010441718423,1/24 Scale 75mm DieCast Resin Figure Model Kit Infantry Regiment Bugler and Dog Miniature Toys Unassembled Unpainted DIY Diorama,$17.35,,,https://www.aliexpress.com/item/1005010441718423.html,https://ae-pic-a1.aliexpress-media.com/kf/S21ccce9b32004404b4d0c101172c84b7k.jpg_350x350.jpg,https://ae01.alicdn.com/kf/Sb6a0486896c44dd8b19b117646c39e36J/116x64.png|https://ae01.alicdn.com/kf/S21ccce9b32004404b4d0c101172c84b7k.jpg|https://ae01.alicdn.com/kf/S085b92f3ab0f4d59948fbeb96075633b6.jpg,,,,,16 sold,,,16 sold,Free,,,https://www.aliexpress.com/store/1104741319/pages/all-items.html?spm=a2g0o.store_pc_home.pcShopHead_2012107242900.99&sortType=orders_desc&shop_sortType=orders_desc&SortType=total_tranpro_desc,,
1005010009427342,1/35 Scale Die-Cast Resin Model Assembled Kit Magach 7C Tank Turret Basket (No Tank) Unassembled and Unpainted,$7.49,,,https://www.aliexpress.com/item/1005010009427342.html,https://ae-pic-a1.aliexpress-media.com/kf/S17f7866cb2b6421cb7650ed4e4bca363b.jpg_350x350.jpg,https://ae01.alicdn.com/kf/Sb6a0486896c44dd8b19b117646c39e36J/116x64.png|https://ae01.alicdn.com/kf/S17f7866cb2b6421cb7650ed4e4bca363b.jpg|https://ae01.alicdn.com/kf/S1f6e26bec9fd4585947ba5f183b37d2fu.jpg|https://ae01.alicdn.com/kf/S772c657b164e470e9cea7f7f3c623878j.jpg|https://ae01.alicdn.com/kf/S82a09d6e05d54666b23ae917124dfcc0z.jpg,,,,,16 sold,,,16 sold,Free,,,https://www.aliexpress.com/store/1104741319/pages/all-items.html?spm=a2g0o.store_pc_home.pcShopHead_2012107242900.99&sortType=orders_desc&shop_sortType=orders_desc&SortType=total_tranpro_desc,,
1005009917809340,1/35 Scale Die-Cast Resin Model Assembled Kit M4A2 Tarawa Accessories Set (No Tank) Unassembled and Unpainted,$13.18,,,https://www.aliexpress.com/item/1005009917809340.html,https://ae-pic-a1.aliexpress-media.com/kf/S79a0a5d47d5c43eebbbbbe99f39f231em.jpg_350x350.jpg,https://ae01.alicdn.com/kf/Sb6a0486896c44dd8b19b117646c39e36J/116x64.png|https://ae01.alicdn.com/kf/S1887a285b60743859ac7bdbfca5e0896Z/154x64.png|https://ae01.alicdn.com/kf/S79a0a5d47d5c43eebbbbbe99f39f231em.jpg|https://ae01.alicdn.com/kf/Sf1700200fa214545ae196d6ae8751e290.jpg|https://ae01.alicdn.com/kf/S3bafeeacbe7f4121b0b1d0360d334baap.jpg,,,,,16 sold,,,16 sold,Free,,,https://www.aliexpress.com/store/1104741319/pages/all-items.html?spm=a2g0o.store_pc_home.pcShopHead_2012107242900.99&sortType=orders_desc&shop_sortType=orders_desc&SortType=total_tranpro_desc,,
1005009416863828,1/35 Scale Die-Cast Resin Figure Model Kit WWII US Soldier At Lunch Unassembled and Unpainted,$6.84,,,https://www.aliexpress.com/item/1005009416863828.html,https://ae-pic-a1.aliexpress-media.com/kf/S95a6407057bb47acb259d2bbb036b1b6E.jpg_350x350.jpg,https://ae01.alicdn.com/kf/Sb6a0486896c44dd8b19b117646c39e36J/116x64.png|https://ae01.alicdn.com/kf/S95a6407057bb47acb259d2bbb036b1b6E.jpg|https://ae01.alicdn.com/kf/S84f964a469534613ba6c8a7cbcd3d9dab.jpg,,,,,16 sold,,,16 sold,Free,,,https://www.aliexpress.com/store/1104741319/pages/all-items.html?spm=a2g0o.store_pc_home.pcShopHead_2012107242900.99&sortType=orders_desc&shop_sortType=orders_desc&SortType=total_tranpro_desc,,
1005009399464217,1/35 Scale Die-Cast Resin Figure Model Kit WWII US Soldier and Children Saluting 2 Figures Unassembled and Unpainted,$7.37,,,https://www.aliexpress.com/item/1005009399464217.html,https://ae-pic-a1.aliexpress-media.com/kf/Sc988fde0f71e430e95228f873d734069y.jpg_350x350.jpg,https://ae01.alicdn.com/kf/S1887a285b60743859ac7bdbfca5e0896Z/154x64.png|https://ae01.alicdn.com/kf/Sb6a0486896c44dd8b19b117646c39e36J/116x64.png|https://ae01.alicdn.com/kf/Sc988fde0f71e430e95228f873d734069y.jpg|https://ae01.alicdn.com/kf/Sbedffcf7261d4b199c6b3ea85b4be4cb4.jpg,,,,,16 sold,,,16 sold,Free,,,https://www.aliexpress.com/store/1104741319/pages/all-items.html?spm=a2g0o.store_pc_home.pcShopHead_2012107242900.99&sortType=orders_desc&shop_sortType=orders_desc&SortType=total_tranpro_desc,,
1005009344681618,1/35 Scale Die-Cast Resin Figure Model Kit WWII German Tankers Ammo Supply 2 Figures (No Tank) Unassembled and Unpainted,$8.48,,,https://www.aliexpress.com/item/1005009344681618.html,https://ae-pic-a1.aliexpress-media.com/kf/Sa6ae6bf7204f45db99414e410f212296L.jpg_350x350.jpg,https://ae01.alicdn.com/kf/Sb6a0486896c44dd8b19b117646c39e36J/116x64.png|https://ae01.alicdn.com/kf/Sad7d675113e44b239887e09ea0a302d5L/60x60.png|https://ae01.alicdn.com/kf/Sa6ae6bf7204f45db99414e410f212296L.jpg|https://ae01.alicdn.com/kf/S359a7b6be5c444b1840a702c8110b2fec.jpg,,,,,16 sold,,,16 sold,Free,,,https://www.aliexpress.com/store/1104741319/pages/all-items.html?spm=a2g0o.store_pc_home.pcShopHead_2012107242900.99&sortType=orders_desc&shop_sortType=orders_desc&SortType=total_tranpro_desc,,
1005009288898469,1/35 Scale DieCast Resin Model Assembled Kit WWII German Grenades and Mines Scene Model Unassembled Unpainted,$11.62,,,https://www.aliexpress.com/item/1005009288898469.html,https://ae-pic-a1.aliexpress-media.com/kf/S1143b04a75e24cf8817360fe7f625a98e.jpg_350x350.jpg,https://ae01.alicdn.com/kf/Sb6a0486896c44dd8b19b117646c39e36J/116x64.png|https://ae01.alicdn.com/kf/S1143b04a75e24cf8817360fe7f625a98e.jpg|https://ae01.alicdn.com/kf/Sb9fb91374a0844d293500e093db907e8G.jpg|https://ae01.alicdn.com/kf/S8b5b99daed1e48b1b1ebe643702591808.jpg,,,,,16 sold,,,16 sold,Free,,,https://www.aliexpress.com/store/1104741319/pages/all-items.html?spm=a2g0o.store_pc_home.pcShopHead_2012107242900.99&sortType=orders_desc&shop_sortType=orders_desc&SortType=total_tranpro_desc,,
1005008886922605,1/10 Scale Die-Cast Resin Bust Model Kit WWII US Airborne Troop Statue Unassembled and Unpainted,$13.13,,,https://www.aliexpress.com/item/1005008886922605.html,https://ae-pic-a1.aliexpress-media.com/kf/S218cf88324ac498fafe01e74ec607cbf3.jpg_350x350.jpg,https://ae01.alicdn.com/kf/Sb6a0486896c44dd8b19b117646c39e36J/116x64.png|https://ae01.alicdn.com/kf/Sad7d675113e44b239887e09ea0a302d5L/60x60.png|https://ae01.alicdn.com/kf/S218cf88324ac498fafe01e74ec607cbf3.jpg|https://ae01.alicdn.com/kf/S658d5d19c4cb40f8a465e0bfcfdf4109S.jpg|https://ae01.alicdn.com/kf/Sfb4b2490cab341dfa83f428e2375c54f5.jpg,,,,,16 sold,,,16 sold,Free,,,https://www.aliexpress.com/store/1104741319/pages/all-items.html?spm=a2g0o.store_pc_home.pcShopHead_2012107242900.99&sortType=orders_desc&shop_sortType=orders_desc&SortType=total_tranpro_desc,,
1005008877827637,1/35 Scale Die-Cast Resin Figure Model Kit Motorized Attack Forces 2 Figures Unassembled and Unpainted,$8.27,,,https://www.aliexpress.com/item/1005008877827637.html,https://ae-pic-a1.aliexpress-media.com/kf/S13d46f5298a948219d4b1b27b6b96282w.jpg_350x350.jpg,https://ae01.alicdn.com/kf/Sb6a0486896c44dd8b19b117646c39e36J/116x64.png|https://ae01.alicdn.com/kf/Sad7d675113e44b239887e09ea0a302d5L/60x60.png|https://ae01.alicdn.com/kf/S13d46f5298a948219d4b1b27b6b96282w.jpg|https://ae01.alicdn.com/kf/S350122495bb54470af7b8e904b5f135b2.jpg,,,,,16 sold,,,16 sold,Free,,,https://www.aliexpress.com/store/1104741319/pages/all-items.html?spm=a2g0o.store_pc_home.pcShopHead_2012107242900.99&sortType=orders_desc&shop_sortType=orders_desc&SortType=total_tranpro_desc,,
1005010105934814,1/35 Scale Die-Cast Resin Model Assembled Kit AMX 10RCR Separ Accessories Set (No Tank) Unassembled and Unpainted,$10.82,,,https://www.aliexpress.com/item/1005010105934814.html,https://ae-pic-a1.aliexpress-media.com/kf/Sc670bdfe19ec49c0b912351b896938eeq.jpg_350x350.jpg,https://ae01.alicdn.com/kf/Sb6a0486896c44dd8b19b117646c39e36J/116x64.png|https://ae01.alicdn.com/kf/S1887a285b60743859ac7bdbfca5e0896Z/154x64.png|https://ae01.alicdn.com/kf/Sc670bdfe19ec49c0b912351b896938eeq.jpg|https://ae01.alicdn.com/kf/S8b3cb285a770409e8ea44eb6f6665d6am.jpg|https://ae01.alicdn.com/kf/Sc05105723942478383a0df1efd757a7dD.jpg,,,,,15 sold,,,15 sold,Free,,,https://www.aliexpress.com/store/1104741319/pages/all-items.html?spm=a2g0o.store_pc_home.pcShopHead_2012107242900.99&sortType=orders_desc&shop_sortType=orders_desc&SortType=total_tranpro_desc,,
1005010040169936,1/35 Scale Die-Cast Resin Model Kit WWII Russian Tank Crew and Scouts 5 Figures (No Tank) Unassembled Unpainted,$14.61,,,https://www.aliexpress.com/item/1005010040169936.html,https://ae-pic-a1.aliexpress-media.com/kf/S145566527f734111907275764ea203e0G.jpg_350x350.jpg,https://ae01.alicdn.com/kf/Sb6a0486896c44dd8b19b117646c39e36J/116x64.png|https://ae01.alicdn.com/kf/S145566527f734111907275764ea203e0G.jpg|https://ae01.alicdn.com/kf/S46999872fc0049a987a74d31b251ea9fa.jpg|https://ae01.alicdn.com/kf/Sc86ee3fcca414fb3ab2034cebfe8f6b7P.jpg|https://ae01.alicdn.com/kf/S6ce9d5102f324bfead219fc6c8ccc366V.jpg,,,,,15 sold,,,15 sold,Free,,,https://www.aliexpress.com/store/1104741319/pages/all-items.html?spm=a2g0o.store_pc_home.pcShopHead_2012107242900.99&sortType=orders_desc&shop_sortType=orders_desc&SortType=total_tranpro_desc,,
1005009917540107,1/72 Scale Die-Cast Resin Model Assembled Kit SD.Kfz 233 Stummel Accessories Set (No Tank) Unassembled and Unpainted,$8.46,,,https://www.aliexpress.com/item/1005009917540107.html,https://ae-pic-a1.aliexpress-media.com/kf/Seaf206977b3442fe8a678581227c01a03.jpg_350x350.jpg,https://ae01.alicdn.com/kf/Sb6a0486896c44dd8b19b117646c39e36J/116x64.png|https://ae01.alicdn.com/kf/Seaf206977b3442fe8a678581227c01a03.jpg|https://ae01.alicdn.com/kf/S6dee5408793e4dce9ee038acbc51019aR.jpg|https://ae01.alicdn.com/kf/Sb6fc89def29643cc85607cf70b4f14c6u.jpg,,,,,15 sold,,,15 sold,Free,,,https://www.aliexpress.com/store/1104741319/pages/all-items.html?spm=a2g0o.store_pc_home.pcShopHead_2012107242900.99&sortType=orders_desc&shop_sortType=orders_desc&SortType=total_tranpro_desc,,
1005009576037645,1/10 Scale 115mm Die-Cast Resin Bust Model Kit Female Warrior Goddess Statue Unassembled and Unpainted,$14.56,,,https://www.aliexpress.com/item/1005009576037645.html,https://ae-pic-a1.aliexpress-media.com/kf/Sc7f4b292e5374d70ae5be8f21c944bd4j.jpg_350x350.jpg,https://ae01.alicdn.com/kf/Sb6a0486896c44dd8b19b117646c39e36J/116x64.png|https://ae01.alicdn.com/kf/Sc7f4b292e5374d70ae5be8f21c944bd4j.jpg|https://ae01.alicdn.com/kf/S092293a96c3243e9bdea26fb4c263810K.jpg|https://ae01.alicdn.com/kf/S6edf9dc92e7d4d3799bc79c027a02f8ec.jpg|https://ae01.alicdn.com/kf/Scd777be5ebf040e8a04238888832c244Q.jpg|https://ae01.alicdn.com/kf/Sd6c2979adc634e43a97c991c3a53284aN.jpg,,,,,15 sold,,,15 sold,Free,,,https://www.aliexpress.com/store/1104741319/pages/all-items.html?spm=a2g0o.store_pc_home.pcShopHead_2012107242900.99&sortType=orders_desc&shop_sortType=orders_desc&SortType=total_tranpro_desc,,
1005009370500118,Die-Cast Resin Figure Model Kit Return To Nature Gnomes and Troll Head Hobby Miniature Toys Unassembled Unpainted DIY Diorama,$35.56,,,https://www.aliexpress.com/item/1005009370500118.html,https://ae-pic-a1.aliexpress-media.com/kf/S22d7376f609f47b99e12efee892cf016R.jpg_350x350.jpg,https://ae01.alicdn.com/kf/Sb6a0486896c44dd8b19b117646c39e36J/116x64.png|https://ae01.alicdn.com/kf/S22d7376f609f47b99e12efee892cf016R.jpg|https://ae01.alicdn.com/kf/Se21bcfb9f0eb41e9b96ca1d1ba8345d3J.jpg|https://ae01.alicdn.com/kf/S80436fb27a0541d1b58fa2684a9b7b8ep.jpg|https://ae01.alicdn.com/kf/Sd77a11c1a757498cae0ba5fc54c0df4fp.jpg|https://ae01.alicdn.com/kf/S89f5c45c4ae84b7f9eb854e4086ffeedi.jpg,,,,,15 sold,,,15 sold,Free,,,https://www.aliexpress.com/store/1104741319/pages/all-items.html?spm=a2g0o.store_pc_home.pcShopHead_2012107242900.99&sortType=orders_desc&shop_sortType=orders_desc&SortType=total_tranpro_desc,,
1005009335661280,1/35 Scale Die-Cast Resin Figure Model Kit WWII German Howitzer Crew 3 Figures Unassembled and Unpainted,$10.27,,,https://www.aliexpress.com/item/1005009335661280.html,https://ae-pic-a1.aliexpress-media.com/kf/Sb84b4b562a484781a3e77bc4721109f33.jpg_350x350.jpg,https://ae01.alicdn.com/kf/Sb6a0486896c44dd8b19b117646c39e36J/116x64.png|https://ae01.alicdn.com/kf/S1887a285b60743859ac7bdbfca5e0896Z/154x64.png|https://ae01.alicdn.com/kf/Sb84b4b562a484781a3e77bc4721109f33.jpg|https://ae01.alicdn.com/kf/S7030130cae3842b78168520609f1b8fff.jpg,,,,,15 sold,,,15 sold,Free,,,https://www.aliexpress.com/store/1104741319/pages/all-items.html?spm=a2g0o.store_pc_home.pcShopHead_2012107242900.99&sortType=orders_desc&shop_sortType=orders_desc&SortType=total_tranpro_desc,,
1005008882605225,1/35 Scale Die-Cast Resin Figure Model Kit NVA Tank Loading Crews 5 Figures (No Tank) Unassembled and Unpainted,$12.28,,,https://www.aliexpress.com/item/1005008882605225.html,https://ae-pic-a1.aliexpress-media.com/kf/S1be5f214c92b4db3b5729d41f924490cX.jpg_350x350.jpg,https://ae01.alicdn.com/kf/Sb6a0486896c44dd8b19b117646c39e36J/116x64.png|https://ae01.alicdn.com/kf/S1be5f214c92b4db3b5729d41f924490cX.jpg|https://ae01.alicdn.com/kf/S4f31f3bc200b48ff8e151ea017333babt.jpg,,,,,15 sold,,,15 sold,Free,,,https://www.aliexpress.com/store/1104741319/pages/all-items.html?spm=a2g0o.store_pc_home.pcShopHead_2012107242900.99&sortType=orders_desc&shop_sortType=orders_desc&SortType=total_tranpro_desc,,
1005008878324325,1/35 Scale Die-Cast Resin Figure Model Kit Poteau Ambush Battle Soldier Unassembled and Unpainted,$6.56,,,https://www.aliexpress.com/item/1005008878324325.html,https://ae-pic-a1.aliexpress-media.com/kf/S7aafc5fc6eb34e2b8ab90af1dc8e177aP.jpg_350x350.jpg,https://ae01.alicdn.com/kf/S7aafc5fc6eb34e2b8ab90af1dc8e177aP.jpg|https://ae01.alicdn.com/kf/S13f905936a1049e58564e1f91ae897582.jpg|https://ae01.alicdn.com/kf/S21b803073b4646e3b4ca04db494e1fe5l.jpg,,,,,15 sold,,,15 sold,Free,,,https://www.aliexpress.com/store/1104741319/pages/all-items.html?spm=a2g0o.store_pc_home.pcShopHead_2012107242900.99&sortType=orders_desc&shop_sortType=orders_desc&SortType=total_tranpro_desc,,
1005011533583701,1/24 Scale Die-Cast Resin Figure Model Kit Bio-Warrior Hobby Miniature Toys Unassembled and Unpainted DIY Diorama,$10.40,,,https://www.aliexpress.com/item/1005011533583701.html,https://ae-pic-a1.aliexpress-media.com/kf/S49414eef862b40ab9d9158f757c5b0dbX.jpg_350x350.jpg,https://ae01.alicdn.com/kf/Sb6a0486896c44dd8b19b117646c39e36J/116x64.png|https://ae01.alicdn.com/kf/S49414eef862b40ab9d9158f757c5b0dbX.jpg|https://ae01.alicdn.com/kf/Sb6251fffd900444b815293dc4c35d4781.jpg|https://ae01.alicdn.com/kf/S8b9590ab4eb149f198908616c0a598ede.jpg|https://ae01.alicdn.com/kf/Sdd948ed2321d466e8c2ef65c41e89680O.jpg,,,,,14 sold,,,14 sold,Free,,,https://www.aliexpress.com/store/1104741319/pages/all-items.html?spm=a2g0o.store_pc_home.pcShopHead_2012107242900.99&sortType=orders_desc&shop_sortType=orders_desc&SortType=total_tranpro_desc,,
1005010746347325,1/24 Scale 75mm Die-Cast Resin Figure Model Kit Ancient Greek Hoplite and Armour Miniature Toys Unassembled Unpainted Diorama,$13.18,,,https://www.aliexpress.com/item/1005010746347325.html,https://ae-pic-a1.aliexpress-media.com/kf/S1319d8d57583492f96bdc286597e4d3cA.jpg_350x350.jpg,https://ae01.alicdn.com/kf/Sb6a0486896c44dd8b19b117646c39e36J/116x64.png|https://ae01.alicdn.com/kf/S1319d8d57583492f96bdc286597e4d3cA.jpg|https://ae01.alicdn.com/kf/S1301a2126f8948f2b7aeb60334b9e666T.jpg|https://ae01.alicdn.com/kf/Sb6656683a7ae45a09f8eba485987f2e3S.jpg|https://ae01.alicdn.com/kf/S8bad8a29a6414c5db8afe919454c7c27J.jpg|https://ae01.alicdn.com/kf/S23983fb067c44d34bea90b90339512dcL.jpg,,,,,14 sold,,,14 sold,Free,,,https://www.aliexpress.com/store/1104741319/pages/all-items.html?spm=a2g0o.store_pc_home.pcShopHead_2012107242900.99&sortType=orders_desc&shop_sortType=orders_desc&SortType=total_tranpro_desc,,
1005010700740634,1/35 Scale DieCast Resin Model Assembled Kit House Corrner Base (50x50mm) Scene Model Unassembled Unpainted,$8.49,,,https://www.aliexpress.com/item/1005010700740634.html,https://ae-pic-a1.aliexpress-media.com/kf/S3676f65c9f93440a8759b92a6ed9fcfc2.jpg_350x350.jpg,https://ae01.alicdn.com/kf/Sb6a0486896c44dd8b19b117646c39e36J/116x64.png|https://ae01.alicdn.com/kf/S3676f65c9f93440a8759b92a6ed9fcfc2.jpg|https://ae01.alicdn.com/kf/S18e24288cbf3488885b8988b5e96300cM.jpg|https://ae01.alicdn.com/kf/S4a2f9c76d1f64f49b174dcdec873890bv.jpg,,,,,14 sold,,,14 sold,Free,,,https://www.aliexpress.com/store/1104741319/pages/all-items.html?spm=a2g0o.store_pc_home.pcShopHead_2012107242900.99&sortType=orders_desc&shop_sortType=orders_desc&SortType=total_tranpro_desc,,
1005010055358897,1/35 Scale Die-Cast Resin Model Assembled Kit Pick-up US Special Forces Accessories Set (No Car) Unassembled and Unpainted,$8.82,,,https://www.aliexpress.com/item/1005010055358897.html,https://ae-pic-a1.aliexpress-media.com/kf/Sbb309012383a41d4a5298ca318b146c2B.jpg_350x350.jpg,https://ae01.alicdn.com/kf/Sb6a0486896c44dd8b19b117646c39e36J/116x64.png|https://ae01.alicdn.com/kf/S1887a285b60743859ac7bdbfca5e0896Z/154x64.png|https://ae01.alicdn.com/kf/Sbb309012383a41d4a5298ca318b146c2B.jpg|https://ae01.alicdn.com/kf/S1c2c485ab82d47b9822fc849ed0e79e8V.jpg|https://ae01.alicdn.com/kf/S98060c21dd38489fb0e716c13ad0870bK.jpg,,,,,14 sold,,,14 sold,Free,,,https://www.aliexpress.com/store/1104741319/pages/all-items.html?spm=a2g0o.store_pc_home.pcShopHead_2012107242900.99&sortType=orders_desc&shop_sortType=orders_desc&SortType=total_tranpro_desc,,
1005010015687838,1/48 Scale Die-Cast Resin Model Assembled Kit STUG.III Stowage Set (No Tank) Unassembled and Unpainted,$12.40,,,https://www.aliexpress.com/item/1005010015687838.html,https://ae-pic-a1.aliexpress-media.com/kf/Se4e53d5ad5c34fe1bad57257207a901cR.jpg_350x350.jpg,https://ae01.alicdn.com/kf/Sb6a0486896c44dd8b19b117646c39e36J/116x64.png|https://ae01.alicdn.com/kf/Se4e53d5ad5c34fe1bad57257207a901cR.jpg|https://ae01.alicdn.com/kf/S82e4a5d375574ae395678a50578c47f4B.jpg|https://ae01.alicdn.com/kf/S5a72ee82aa7a4576800383e635ee418aZ.jpg|https://ae01.alicdn.com/kf/S9541dc3571e04714bf845e860b28fbedV.jpg,,,,,14 sold,,,14 sold,Free,,,https://www.aliexpress.com/store/1104741319/pages/all-items.html?spm=a2g0o.store_pc_home.pcShopHead_2012107242900.99&sortType=orders_desc&shop_sortType=orders_desc&SortType=total_tranpro_desc,,
1005009905809853,1/6 Scale 150mm High Die-Cast Resin Bust Model Kit Beautiful Asian Girl Realistic Statue with Base Unassembled and Unpainted,$13.56,,,https://www.aliexpress.com/item/1005009905809853.html,https://ae-pic-a1.aliexpress-media.com/kf/S9e1a6e78547b4f7dba7b726eb285e907W.jpg_350x350.jpg,https://ae01.alicdn.com/kf/Sb6a0486896c44dd8b19b117646c39e36J/116x64.png|https://ae01.alicdn.com/kf/S1887a285b60743859ac7bdbfca5e0896Z/154x64.png|https://ae01.alicdn.com/kf/S9e1a6e78547b4f7dba7b726eb285e907W.jpg|https://ae01.alicdn.com/kf/S0b8b11255d4f4c02b681ece4f0771eedQ.jpg|https://ae01.alicdn.com/kf/Sb631c224d9244f16856dd81371831b61w.jpg|https://ae01.alicdn.com/kf/Sbc498e7d132747e7a67363f1a5bcfe7d8.jpg|https://ae01.alicdn.com/kf/Sb87f64aa05a14821a4154510dc2b51ddf.jpg,,,,,14 sold,,,14 sold,Free,,,https://www.aliexpress.com/store/1104741319/pages/all-items.html?spm=a2g0o.store_pc_home.pcShopHead_2012107242900.99&sortType=orders_desc&shop_sortType=orders_desc&SortType=total_tranpro_desc,,
1005009775436846,1/24 Scale Die-Cast Resin Figure Model Kit Noble Sioux Warrior Hobby Miniature Toys Unassembled and Unpainted DIY Diorama,$12.70,,,https://www.aliexpress.com/item/1005009775436846.html,https://ae-pic-a1.aliexpress-media.com/kf/S6ff5e2535f564f5397d67674076af4cdJ.jpg_350x350.jpg,https://ae01.alicdn.com/kf/Sb6a0486896c44dd8b19b117646c39e36J/116x64.png|https://ae01.alicdn.com/kf/S6ff5e2535f564f5397d67674076af4cdJ.jpg|https://ae01.alicdn.com/kf/Sd37e5cfe6169435cb64b85bdb9bb2f14U.jpg|https://ae01.alicdn.com/kf/S95f77985c64e492e9c6f0408a3f13edd3.jpg|https://ae01.alicdn.com/kf/S97399669e52b4bd0b0f3d49f5b794686o.jpg|https://ae01.alicdn.com/kf/Sebd1d8ecc54c499eacdd9e8e483828255.jpg,,,,,14 sold,,,14 sold,Free,,,https://www.aliexpress.com/store/1104741319/pages/all-items.html?spm=a2g0o.store_pc_home.pcShopHead_2012107242900.99&sortType=orders_desc&shop_sortType=orders_desc&SortType=total_tranpro_desc,,
1005009380206862,1/8 Scale Die-Cast Resin Figure Model Kit Anime Character Katsuragi Misato Beauty Theme Warrior GK Model Unassembled Unpainted,$23.56,,,https://www.aliexpress.com/item/1005009380206862.html,https://ae-pic-a1.aliexpress-media.com/kf/S85424e14c819457daf48c4225bfe771eU.jpg_350x350.jpg,https://ae01.alicdn.com/kf/Sb6a0486896c44dd8b19b117646c39e36J/116x64.png|https://ae01.alicdn.com/kf/S85424e14c819457daf48c4225bfe771eU.jpg|https://ae01.alicdn.com/kf/Se9de24332b20405b9f60c21d3d6ba205i.jpg|https://ae01.alicdn.com/kf/Sb7ff51adf89a431bb9f0e00ee0599f67D.jpg|https://ae01.alicdn.com/kf/S1f8555d5c3b74f79ab29574887f2d11ce.jpg,,,,,14 sold,,,14 sold,Free,,,https://www.aliexpress.com/store/1104741319/pages/all-items.html?spm=a2g0o.store_pc_home.pcShopHead_2012107242900.99&sortType=orders_desc&shop_sortType=orders_desc&SortType=total_tranpro_desc,,
1005009352544063,1/24 Scale DieCast Resin Figure Model Kit Sitting Pretty Girl (Seated Size 40mm) Miniature Toy Unassembled Unpainted DIY Diorama,$10.84,,,https://www.aliexpress.com/item/1005009352544063.html,https://ae-pic-a1.aliexpress-media.com/kf/Sb421eddc48d249449550e7278daf45f67.jpg_350x350.jpg,https://ae01.alicdn.com/kf/Sb6a0486896c44dd8b19b117646c39e36J/116x64.png|https://ae01.alicdn.com/kf/Sb421eddc48d249449550e7278daf45f67.jpg|https://ae01.alicdn.com/kf/Sb73b687e26f6416db941fd43a47e1172O.jpg|https://ae01.alicdn.com/kf/S68b3438b09b8438489b8c8908d1d0d5ea.jpg,,,,,14 sold,,,14 sold,Free,,,https://www.aliexpress.com/store/1104741319/pages/all-items.html?spm=a2g0o.store_pc_home.pcShopHead_2012107242900.99&sortType=orders_desc&shop_sortType=orders_desc&SortType=total_tranpro_desc,,
1005009283962111,1/35 Scale Die-Cast Resin Model Assembled Kit WWII Antitank Mines Scene Model Unassembled and Unpainted,$10.70,,,https://www.aliexpress.com/item/1005009283962111.html,https://ae-pic-a1.aliexpress-media.com/kf/Se4388862ff5341d69b4df96ff13d6e98h.jpg_350x350.jpg,https://ae01.alicdn.com/kf/Se4388862ff5341d69b4df96ff13d6e98h.jpg|https://ae01.alicdn.com/kf/S2a4f53d286244ef7a84a35142af5ad8ed.jpg|https://ae01.alicdn.com/kf/Sfa759c3e9e204ef188e7945b72a5ac95t.jpg,,,,,14 sold,,,14 sold,Free,,,https://www.aliexpress.com/store/1104741319/pages/all-items.html?spm=a2g0o.store_pc_home.pcShopHead_2012107242900.99&sortType=orders_desc&shop_sortType=orders_desc&SortType=total_tranpro_desc,,
1005008887235542,1/10 Scale Die-Cast Resin Bust Model Kit Vietnam War US Military 1st Cavalry Division Soldier Statue Unassembled and Unpainted,$13.13,,,https://www.aliexpress.com/item/1005008887235542.html,https://ae-pic-a1.aliexpress-media.com/kf/S71ad41e9158145ab9b99bcee8b7fffc8T.jpg_350x350.jpg,https://ae01.alicdn.com/kf/Sb6a0486896c44dd8b19b117646c39e36J/116x64.png|https://ae01.alicdn.com/kf/S71ad41e9158145ab9b99bcee8b7fffc8T.jpg|https://ae01.alicdn.com/kf/Se211c59c803b42b1bed3113a5a8ab5206.jpg,,,,,14 sold,,,14 sold,Free,,,https://www.aliexpress.com/store/1104741319/pages/all-items.html?spm=a2g0o.store_pc_home.pcShopHead_2012107242900.99&sortType=orders_desc&shop_sortType=orders_desc&SortType=total_tranpro_desc,,
1005011697591343,1/72 Scale Die-Cast Resin Aircraft Parts Model Assembled Kit Sea King AEW 2 Engine Model Unassembled and Unpainted,$7.37,,,https://www.aliexpress.com/item/1005011697591343.html,https://ae-pic-a1.aliexpress-media.com/kf/S1c4abcf4015d4d1cbd57e79057c5a0227.jpg_350x350.jpg,https://ae01.alicdn.com/kf/Sb6a0486896c44dd8b19b117646c39e36J/116x64.png|https://ae01.alicdn.com/kf/S1c4abcf4015d4d1cbd57e79057c5a0227.jpg|https://ae01.alicdn.com/kf/S6129eaa5cbee4c418d4f332263a2efbbx.jpg|https://ae01.alicdn.com/kf/S32bbf2e025684f40933a4979a24b6960b.jpg|https://ae01.alicdn.com/kf/Sd2afdee8eabc44e2991980fff8d98d1dq.jpg,,,,,13 sold,,,13 sold,Free,,,https://www.aliexpress.com/store/1104741319/pages/all-items.html?spm=a2g0o.store_pc_home.pcShopHead_2012107242900.99&sortType=orders_desc&shop_sortType=orders_desc&SortType=total_tranpro_desc,,
1005010664905511,1/35 Scale Die-Cast Resin Model Assembled Kit US Stryker WINT-T A Plus Equipment Set (No Tank) Unassembled and Unpainted,$14.57,,,https://www.aliexpress.com/item/1005010664905511.html,https://ae-pic-a1.aliexpress-media.com/kf/S2c7041e30f4a4a279b5e2eb1272a21f5j.jpg_350x350.jpg,https://ae01.alicdn.com/kf/S2c7041e30f4a4a279b5e2eb1272a21f5j.jpg|https://ae01.alicdn.com/kf/S3f81598de95e482ba99510a001d60f08G.jpg|https://ae01.alicdn.com/kf/S7f71693467a34bccab04af82bfe8ad9cL.jpg,,,,,13 sold,,,13 sold,Free,,,https://www.aliexpress.com/store/1104741319/pages/all-items.html?spm=a2g0o.store_pc_home.pcShopHead_2012107242900.99&sortType=orders_desc&shop_sortType=orders_desc&SortType=total_tranpro_desc,,
1005010469017241,1/24 Scale 75mm DieCast Resin Figure Model Kit Ancient Athenian Hoplites Hobby Miniature Toys Unassembled Unpainted DIY Diorama,$13.56,,,https://www.aliexpress.com/item/1005010469017241.html,https://ae-pic-a1.aliexpress-media.com/kf/Sd36f1a572f5f4fc5b907056e2384499cD.jpg_350x350.jpg,https://ae01.alicdn.com/kf/Sb6a0486896c44dd8b19b117646c39e36J/116x64.png|https://ae01.alicdn.com/kf/Sd36f1a572f5f4fc5b907056e2384499cD.jpg|https://ae01.alicdn.com/kf/S589d90eeafc34fc18860addc7f897aa3S.jpg|https://ae01.alicdn.com/kf/S2387d3c8a5ce4fcfad26f5f726bb1a01o.jpg|https://ae01.alicdn.com/kf/S49448bb69c41449386e63f24204bd7ceH.jpg|https://ae01.alicdn.com/kf/S89df689fe5324e71b088913b2aa542a63.jpg,,,,,13 sold,,,13 sold,Free,,,https://www.aliexpress.com/store/1104741319/pages/all-items.html?spm=a2g0o.store_pc_home.pcShopHead_2012107242900.99&sortType=orders_desc&shop_sortType=orders_desc&SortType=total_tranpro_desc,,
1005010447914933,1/12 Scale 85mm Die-Cast Resin Bust Model Kit Knightly Order Warrior Statue with 2 Heads Unassembled and Unpainted,$12.40,,,https://www.aliexpress.com/item/1005010447914933.html,https://ae-pic-a1.aliexpress-media.com/kf/S2ed8b9afa6dd45caae66839dfa2911a9o.jpg_350x350.jpg,https://ae01.alicdn.com/kf/Sb6a0486896c44dd8b19b117646c39e36J/116x64.png|https://ae01.alicdn.com/kf/S2ed8b9afa6dd45caae66839dfa2911a9o.jpg|https://ae01.alicdn.com/kf/Sd11c1a71036547e7b922bde8008e177eW.jpg|https://ae01.alicdn.com/kf/Sfc02b9c23c2c43ab90cb5db73dfa8f13g.jpg|https://ae01.alicdn.com/kf/S6ef6e73e16fa4ed8a6aa9528e8eb6b60P.jpg|https://ae01.alicdn.com/kf/S2594f832dd5a4bde85e793cf175e45206.jpg|https://ae01.alicdn.com/kf/Sc9c3c36e71c34088842c37680b4d5953x.jpg,,,,,13 sold,,,13 sold,Free,,,https://www.aliexpress.com/store/1104741319/pages/all-items.html?spm=a2g0o.store_pc_home.pcShopHead_2012107242900.99&sortType=orders_desc&shop_sortType=orders_desc&SortType=total_tranpro_desc,,
1005010031946912,1/10 Scale Die-Cast Resin Bust Model Kit German Infantryman Statue Unassembled and Unpainted,$14.57,,,https://www.aliexpress.com/item/1005010031946912.html,https://ae-pic-a1.aliexpress-media.com/kf/Sfa3a7736945649c8a082851d05ac9176y.jpg_350x350.jpg,https://ae01.alicdn.com/kf/Sfa3a7736945649c8a082851d05ac9176y.jpg|https://ae01.alicdn.com/kf/S33b85630c7c6439a876a26073f0ed7fbO.jpg|https://ae01.alicdn.com/kf/Sefae137b989c4fd392ba611de67b578fi.jpg,,,,,13 sold,,,13 sold,Free,,,https://www.aliexpress.com/store/1104741319/pages/all-items.html?spm=a2g0o.store_pc_home.pcShopHead_2012107242900.99&sortType=orders_desc&shop_sortType=orders_desc&SortType=total_tranpro_desc,,
1005009618836406,1/35 Scale Die-Cast Resin Model Assembled Kit Delta Force FAV Accessories Set (No Car) Unassembled and Unpainted,$6.93,,,https://www.aliexpress.com/item/1005009618836406.html,https://ae-pic-a1.aliexpress-media.com/kf/S3f98fdad179341dc86b7f8b7ea74146cx.jpg_350x350.jpg,https://ae01.alicdn.com/kf/S3f98fdad179341dc86b7f8b7ea74146cx.jpg|https://ae01.alicdn.com/kf/Sa9eb8d527c0a4b0ebbf178b0590340c6O.jpg|https://ae01.alicdn.com/kf/S5295518b59b942aa857b6f4c93b8798bA.jpg,,,,,13 sold,,,13 sold,Free,,,https://www.aliexpress.com/store/1104741319/pages/all-items.html?spm=a2g0o.store_pc_home.pcShopHead_2012107242900.99&sortType=orders_desc&shop_sortType=orders_desc&SortType=total_tranpro_desc,,
1005009568712991,1/48 Scale Die-Cast Resin Aircraft Parts Model Assembled Kit F-14 D Spine Electronics Model Unassembled and Unpainted,$10.34,,,https://www.aliexpress.com/item/1005009568712991.html,https://ae-pic-a1.aliexpress-media.com/kf/Sbda0cabf49f74473903c3734c8fe8475m.jpg_350x350.jpg,https://ae01.alicdn.com/kf/Sb6a0486896c44dd8b19b117646c39e36J/116x64.png|https://ae01.alicdn.com/kf/Sbda0cabf49f74473903c3734c8fe8475m.jpg|https://ae01.alicdn.com/kf/Sdb17394b51134f448396d5072644b89dC.jpg|https://ae01.alicdn.com/kf/S3f227074bff142fe960b7a8577044cc2Y.jpg,,,,,13 sold,,,13 sold,Free,,,https://www.aliexpress.com/store/1104741319/pages/all-items.html?spm=a2g0o.store_pc_home.pcShopHead_2012107242900.99&sortType=orders_desc&shop_sortType=orders_desc&SortType=total_tranpro_desc,,
1005009389097669,1/24 Scale 80mm Die-Cast Resin Figure Model Kit The Beauty Holding The Mirror Miniature Toys Unassembled Unpainted DIY Diorama,$10.84,,,https://www.aliexpress.com/item/1005009389097669.html,https://ae-pic-a1.aliexpress-media.com/kf/Sdebe1814903345e39b99681234d47971M.jpg_350x350.jpg,https://ae01.alicdn.com/kf/S1887a285b60743859ac7bdbfca5e0896Z/154x64.png|https://ae01.alicdn.com/kf/Sb6a0486896c44dd8b19b117646c39e36J/116x64.png|https://ae01.alicdn.com/kf/Sdebe1814903345e39b99681234d47971M.jpg|https://ae01.alicdn.com/kf/Sb8e3dd1d08bd4ee19ffb63db49f483d4r.jpg|https://ae01.alicdn.com/kf/Sa64f112117a149d9a5718e5d83710738A.jpg,,,,,13 sold,,,13 sold,Free,,,https://www.aliexpress.com/store/1104741319/pages/all-items.html?spm=a2g0o.store_pc_home.pcShopHead_2012107242900.99&sortType=orders_desc&shop_sortType=orders_desc&SortType=total_tranpro_desc,,
1005011609490794,Resin Figure Assembled Model Kit War Game Chess Sub Sci-Fi Warrior Nomads Hobby Miniature Toys Unassembled Unpainted DIY Diorama,$15.11,,,https://www.aliexpress.com/item/1005011609490794.html,https://ae-pic-a1.aliexpress-media.com/kf/S5d314210b764438cb45ebab1db541b1eP.jpg_350x350.jpg,https://ae01.alicdn.com/kf/Sb6a0486896c44dd8b19b117646c39e36J/116x64.png|https://ae01.alicdn.com/kf/S5d314210b764438cb45ebab1db541b1eP.jpg,,,,,12 sold,,,12 sold,Free,,,https://www.aliexpress.com/store/1104741319/pages/all-items.html?spm=a2g0o.store_pc_home.pcShopHead_2012107242900.99&sortType=orders_desc&shop_sortType=orders_desc&SortType=total_tranpro_desc,,
1005010784393588,1/12 Scale Die-Cast Resin Bust Model Kit Ancient Flag Bearer Statue Unassembled and Unpainted,$13.18,,,https://www.aliexpress.com/item/1005010784393588.html,https://ae-pic-a1.aliexpress-media.com/kf/S71cde1d9018f470a86757c1c08e6b02cm.jpg_350x350.jpg,https://ae01.alicdn.com/kf/Sb6a0486896c44dd8b19b117646c39e36J/116x64.png|https://ae01.alicdn.com/kf/S71cde1d9018f470a86757c1c08e6b02cm.jpg|https://ae01.alicdn.com/kf/S5f772d0a76d54764a553b6e3544b9688q.jpg|https://ae01.alicdn.com/kf/S8e471e0954ad47ec93e766f070257447p.jpg|https://ae01.alicdn.com/kf/Sa59bc8bd3926404db893aa4c8048ede4j.jpg|https://ae01.alicdn.com/kf/Sbe631c82dee94177a4eb8f7cb70c1840h.jpg,,,,,12 sold,,,12 sold,Free,,,https://www.aliexpress.com/store/1104741319/pages/all-items.html?spm=a2g0o.store_pc_home.pcShopHead_2012107242900.99&sortType=orders_desc&shop_sortType=orders_desc&SortType=total_tranpro_desc,,
1005010691179222,1/16 Scale Die-Cast Resin Figure Model Kit Russian Internal Troops Soldier Preparing (No Truck) Unassembled and Unpainted,$15.82,,,https://www.aliexpress.com/item/1005010691179222.html,https://ae-pic-a1.aliexpress-media.com/kf/Sf3ab0b9af17240f193200e4acd1476e3U.jpg_350x350.jpg,https://ae01.alicdn.com/kf/Sb6a0486896c44dd8b19b117646c39e36J/116x64.png|https://ae01.alicdn.com/kf/S1887a285b60743859ac7bdbfca5e0896Z/154x64.png|https://ae01.alicdn.com/kf/Sf3ab0b9af17240f193200e4acd1476e3U.jpg|https://ae01.alicdn.com/kf/Sde41fde93b13415a9b66a9cac3b5c08fq.jpg|https://ae01.alicdn.com/kf/Sd1224fbf3a034a77968ee26d9a349c34B.jpg|https://ae01.alicdn.com/kf/S0f0ca61eb3224b949d0fe30b38639458K.jpg,,,,,12 sold,,,12 sold,Free,,,https://www.aliexpress.com/store/1104741319/pages/all-items.html?spm=a2g0o.store_pc_home.pcShopHead_2012107242900.99&sortType=orders_desc&shop_sortType=orders_desc&SortType=total_tranpro_desc,,
1005010069512503,1/72 Scale Die-Cast Resin Model Assembled Kit Voman Omnibus Accessories Set (No Car) Unassembled and Unpainted,$6.93,,,https://www.aliexpress.com/item/1005010069512503.html,https://ae-pic-a1.aliexpress-media.com/kf/Saafeca14a2d24b4da569fa297419f0e2z.jpg_350x350.jpg,https://ae01.alicdn.com/kf/Sb6a0486896c44dd8b19b117646c39e36J/116x64.png|https://ae01.alicdn.com/kf/S1887a285b60743859ac7bdbfca5e0896Z/154x64.png|https://ae01.alicdn.com/kf/Saafeca14a2d24b4da569fa297419f0e2z.jpg|https://ae01.alicdn.com/kf/Scadf3992ab7f406cb2128f4feaa08578Q.jpg|https://ae01.alicdn.com/kf/Sb88b6607fba146a4a24337b4ca632de4g.jpg,,,,,12 sold,,,12 sold,Free,,,https://www.aliexpress.com/store/1104741319/pages/all-items.html?spm=a2g0o.store_pc_home.pcShopHead_2012107242900.99&sortType=orders_desc&shop_sortType=orders_desc&SortType=total_tranpro_desc,,
1005010023355695,1/35 Scale Die-Cast Resin Model Assembled Kit Leopard 1A5DK UN Ver’ Conversion Set (No Tank) Unassembled and Unpainted,$12.90,,,https://www.aliexpress.com/item/1005010023355695.html,https://ae-pic-a1.aliexpress-media.com/kf/S621f46a9cba046628afa006a7ddc9abau.jpg_350x350.jpg,https://ae01.alicdn.com/kf/S1887a285b60743859ac7bdbfca5e0896Z/154x64.png|https://ae01.alicdn.com/kf/Sb6a0486896c44dd8b19b117646c39e36J/116x64.png|https://ae01.alicdn.com/kf/S621f46a9cba046628afa006a7ddc9abau.jpg|https://ae01.alicdn.com/kf/Sa9841274b2d8450a8d24c1a3f83d024bq.jpg|https://ae01.alicdn.com/kf/Sfe96ab8206cf4bfb8e55cea3ef88533et.jpg,,,,,12 sold,,,12 sold,Free,,,https://www.aliexpress.com/store/1104741319/pages/all-items.html?spm=a2g0o.store_pc_home.pcShopHead_2012107242900.99&sortType=orders_desc&shop_sortType=orders_desc&SortType=total_tranpro_desc,,
1005010020230360,1/35 Scale Die-Cast Resin Model Assembled Kit M113 TUA Conversion Set (No Tank) Unassembled and Unpainted,$22.76,,,https://www.aliexpress.com/item/1005010020230360.html,https://ae-pic-a1.aliexpress-media.com/kf/Sa76bcbde1b4f42588425ed416bc1def5s.jpg_350x350.jpg,https://ae01.alicdn.com/kf/Sb6a0486896c44dd8b19b117646c39e36J/116x64.png|https://ae01.alicdn.com/kf/S1887a285b60743859ac7bdbfca5e0896Z/154x64.png|https://ae01.alicdn.com/kf/Sa76bcbde1b4f42588425ed416bc1def5s.jpg|https://ae01.alicdn.com/kf/S93a159e79344447ba5f364d1d33ab9c21.jpg|https://ae01.alicdn.com/kf/Sa57b04a2672b4187b02199b7d046db316.jpg,,,,,12 sold,,,12 sold,Free,,,https://www.aliexpress.com/store/1104741319/pages/all-items.html?spm=a2g0o.store_pc_home.pcShopHead_2012107242900.99&sortType=orders_desc&shop_sortType=orders_desc&SortType=total_tranpro_desc,,
1005010007123946,1/35 Scale Die-Cast Resin Model Assembled Kit Pz. Kpw. 38(t) Light Tank Stowage Set (No Tank) Unassembled and Unpainted,$12.99,,,https://www.aliexpress.com/item/1005010007123946.html,https://ae-pic-a1.aliexpress-media.com/kf/Se529df56ce4d4bbe938b257d2d4b38378.jpg_350x350.jpg,https://ae01.alicdn.com/kf/Sb6a0486896c44dd8b19b117646c39e36J/116x64.png|https://ae01.alicdn.com/kf/Se529df56ce4d4bbe938b257d2d4b38378.jpg|https://ae01.alicdn.com/kf/S382fc9a567ac41bfa321b51af5a3ca7ev.jpg|https://ae01.alicdn.com/kf/S7fc24c6e74b740859ba7784e52968cb2h.jpg,,,,,12 sold,,,12 sold,Free,,,https://www.aliexpress.com/store/1104741319/pages/all-items.html?spm=a2g0o.store_pc_home.pcShopHead_2012107242900.99&sortType=orders_desc&shop_sortType=orders_desc&SortType=total_tranpro_desc,,
1005009895863068,1/72 Scale Die-Cast Resin Model Assembled Kit Otter Accessories Set (No Tank) Unassembled and Unpainted,$8.64,,,https://www.aliexpress.com/item/1005009895863068.html,https://ae-pic-a1.aliexpress-media.com/kf/S6e034a83dfb949bfad89b5b9e12a3e16U.jpg_350x350.jpg,https://ae01.alicdn.com/kf/Sb6a0486896c44dd8b19b117646c39e36J/116x64.png|https://ae01.alicdn.com/kf/S1887a285b60743859ac7bdbfca5e0896Z/154x64.png|https://ae01.alicdn.com/kf/S6e034a83dfb949bfad89b5b9e12a3e16U.jpg|https://ae01.alicdn.com/kf/S7b3cee7ee7e84bd8bafac6fc9bf0362eR.jpg|https://ae01.alicdn.com/kf/S8b1f7c53f02941869d76082c85e8b1d78.jpg,,,,,12 sold,,,12 sold,Free,,,https://www.aliexpress.com/store/1104741319/pages/all-items.html?spm=a2g0o.store_pc_home.pcShopHead_2012107242900.99&sortType=orders_desc&shop_sortType=orders_desc&SortType=total_tranpro_desc,,
1005009584852286,1/32 Scale 54mm DieCast Resin Figure Model Kit Russian Military Commander (3 Heads) Miniature Toys Unassembled Unpainted Diorama,$17.84,,,https://www.aliexpress.com/item/1005009584852286.html,https://ae-pic-a1.aliexpress-media.com/kf/S87f026a0cb4941abb75daa320763e367a.jpg_350x350.jpg,https://ae01.alicdn.com/kf/Sb6a0486896c44dd8b19b117646c39e36J/116x64.png|https://ae01.alicdn.com/kf/S1887a285b60743859ac7bdbfca5e0896Z/154x64.png|https://ae01.alicdn.com/kf/S87f026a0cb4941abb75daa320763e367a.jpg|https://ae01.alicdn.com/kf/Se7d6a658fcc348c0b2312fe0368f491fx.jpg|https://ae01.alicdn.com/kf/Sdd7079d0fd6949f497920565bbe6f322i.jpg|https://ae01.alicdn.com/kf/Sd5b1a875acc34287aea4a36eb837f853g.jpg|https://ae01.alicdn.com/kf/S40e8fadf118f456e9fd0e36b4fb3b70dK.jpg|https://ae01.alicdn.com/kf/S04686c19c3cf4bd699e2e2b16784782bE.jpg,,,,,12 sold,,,12 sold,Free,,,https://www.aliexpress.com/store/1104741319/pages/all-items.html?spm=a2g0o.store_pc_home.pcShopHead_2012107242900.99&sortType=orders_desc&shop_sortType=orders_desc&SortType=total_tranpro_desc,,
1005009407106675,1/35 Scale Die-Cast Resin Figure Model Kit WWII German Band Flag Unassembled and Unpainted,$6.93,,,https://www.aliexpress.com/item/1005009407106675.html,https://ae-pic-a1.aliexpress-media.com/kf/S1c7a7a0606514277b55a33107b10fae8V.jpg_350x350.jpg,https://ae01.alicdn.com/kf/Sb6a0486896c44dd8b19b117646c39e36J/116x64.png|https://ae01.alicdn.com/kf/S1c7a7a0606514277b55a33107b10fae8V.jpg|https://ae01.alicdn.com/kf/Sd97242a7be8f499fb6e8b599b900d05eN.jpg,,,,,12 sold,,,12 sold,Free,,,https://www.aliexpress.com/store/1104741319/pages/all-items.html?spm=a2g0o.store_pc_home.pcShopHead_2012107242900.99&sortType=orders_desc&shop_sortType=orders_desc&SortType=total_tranpro_desc,,
1005009369831609,1/24 Scale 80mm Die-Cast Resin Figure Model Kit Beauty and The Snake Hobby Miniature Toys Unassembled Unpainted DIY Diorama,$11.27,,,https://www.aliexpress.com/item/1005009369831609.html,https://ae-pic-a1.aliexpress-media.com/kf/S0ffb70cecffc4fc2a77a4b144be6163a3.jpg_350x350.jpg,https://ae01.alicdn.com/kf/Sb6a0486896c44dd8b19b117646c39e36J/116x64.png|https://ae01.alicdn.com/kf/S0ffb70cecffc4fc2a77a4b144be6163a3.jpg|https://ae01.alicdn.com/kf/S1db0a969cb194ec0a641b192490944a3s.jpg|https://ae01.alicdn.com/kf/S1651c24a4d3147b198871555afb9c1c0O.jpg,,,,,12 sold,,,12 sold,Free,,,https://www.aliexpress.com/store/1104741319/pages/all-items.html?spm=a2g0o.store_pc_home.pcShopHead_2012107242900.99&sortType=orders_desc&shop_sortType=orders_desc&SortType=total_tranpro_desc,,
1005009335486293,1/35 Scale Die-Cast Resin Figure Model Kit German Tank Crew 2 Figures Unassembled and Unpainted,$7.93,,,https://www.aliexpress.com/item/1005009335486293.html,https://ae-pic-a1.aliexpress-media.com/kf/S245fe869250d4f66b3f974f2356647b3s.jpg_350x350.jpg,https://ae01.alicdn.com/kf/Sb6a0486896c44dd8b19b117646c39e36J/116x64.png|https://ae01.alicdn.com/kf/S1887a285b60743859ac7bdbfca5e0896Z/154x64.png|https://ae01.alicdn.com/kf/S245fe869250d4f66b3f974f2356647b3s.jpg|https://ae01.alicdn.com/kf/S3e03ec2dc7e64bcaa15f00bb484c1fe8g.jpg,,,,,12 sold,,,12 sold,Free,,,https://www.aliexpress.com/store/1104741319/pages/all-items.html?spm=a2g0o.store_pc_home.pcShopHead_2012107242900.99&sortType=orders_desc&shop_sortType=orders_desc&SortType=total_tranpro_desc,,
1005011656630720,1/35 Scale Die-Cast Resin Model Assembled Kit WWII Stowage Prop Pack Set (No Truck) Unassembled and Unpainted,$10.40,,,https://www.aliexpress.com/item/1005011656630720.html,https://ae-pic-a1.aliexpress-media.com/kf/Sb701fcae49cd47e8ae29dbfc5da578dbG.jpg_350x350.jpg,https://ae01.alicdn.com/kf/Sb6a0486896c44dd8b19b117646c39e36J/116x64.png|https://ae01.alicdn.com/kf/Sb701fcae49cd47e8ae29dbfc5da578dbG.jpg|https://ae01.alicdn.com/kf/S381c6022bed446d98d02c59205ae3eb8A.jpg|https://ae01.alicdn.com/kf/S78a36e6c6e62400d9a70915ecb262b20V.jpg|https://ae01.alicdn.com/kf/S4e6f646ea0864eaa903d2191a6f13e94r.jpg,,,,,11 sold,,,11 sold,Free,,,https://www.aliexpress.com/store/1104741319/pages/all-items.html?spm=a2g0o.store_pc_home.pcShopHead_2012107242900.99&sortType=orders_desc&shop_sortType=orders_desc&SortType=total_tranpro_desc,,
1005010715497845,1/16 Scale Die-Cast Resin Figure Model Kit Russian Internal Troops Shooting (No Truck) Unassembled and Unpainted,$15.82,,,https://www.aliexpress.com/item/1005010715497845.html,https://ae-pic-a1.aliexpress-media.com/kf/Saf359d8335434256a3a6740a08e65a58b.jpg_350x350.jpg,https://ae01.alicdn.com/kf/Sb6a0486896c44dd8b19b117646c39e36J/116x64.png|https://ae01.alicdn.com/kf/Saf359d8335434256a3a6740a08e65a58b.jpg|https://ae01.alicdn.com/kf/S2a958fb6af8d49d09b659e1fcdbcf2502.jpg,,,,,11 sold,,,11 sold,Free,,,https://www.aliexpress.com/store/1104741319/pages/all-items.html?spm=a2g0o.store_pc_home.pcShopHead_2012107242900.99&sortType=orders_desc&shop_sortType=orders_desc&SortType=total_tranpro_desc,,
1005010705340243,"1/35 Scale Die-Cast Resin Model Assembled Kit Workshop Drill Press, Workbench and Lathe Scene Model Unassembled Unpainted",$15.40,,,https://www.aliexpress.com/item/1005010705340243.html,https://ae-pic-a1.aliexpress-media.com/kf/S5608562f7f5f4fcda860924d97e82e14i.jpg_350x350.jpg,https://ae01.alicdn.com/kf/Sb6a0486896c44dd8b19b117646c39e36J/116x64.png|https://ae01.alicdn.com/kf/S5608562f7f5f4fcda860924d97e82e14i.jpg|https://ae01.alicdn.com/kf/Sbd213af11e414f998071ab1c0b926015w.jpg,,,,,11 sold,,,11 sold,Free,,,https://www.aliexpress.com/store/1104741319/pages/all-items.html?spm=a2g0o.store_pc_home.pcShopHead_2012107242900.99&sortType=orders_desc&shop_sortType=orders_desc&SortType=total_tranpro_desc,,
1005010664001791,1/35 Scale Die-Cast Resin Model Assembled Kit British Humber Mk III Accessories Set (No Tank) Unassembled and Unpainted,$10.68,,,https://www.aliexpress.com/item/1005010664001791.html,https://ae-pic-a1.aliexpress-media.com/kf/S6cdefa7924d345efa1ecff86e592e1bdw.jpg_350x350.jpg,https://ae01.alicdn.com/kf/Sb6a0486896c44dd8b19b117646c39e36J/116x64.png|https://ae01.alicdn.com/kf/S6cdefa7924d345efa1ecff86e592e1bdw.jpg|https://ae01.alicdn.com/kf/Sa07ddce7954440e880c3a4e59344ff17K.jpg|https://ae01.alicdn.com/kf/S6f5bdfba24c547a294cbcf362cbb246aI.jpg,,,,,11 sold,,,11 sold,Free,,,https://www.aliexpress.com/store/1104741319/pages/all-items.html?spm=a2g0o.store_pc_home.pcShopHead_2012107242900.99&sortType=orders_desc&shop_sortType=orders_desc&SortType=total_tranpro_desc,,
1005010068831906,1/35 Scale Die-Cast Resin Model Assembled Kit Sdkfz.222 Armored Vehicle Stowage Set (No Car) Unassembled and Unpainted,$11.10,,,https://www.aliexpress.com/item/1005010068831906.html,https://ae-pic-a1.aliexpress-media.com/kf/Sef7221ed85624d1a9e857c689e268d3eU.jpg_350x350.jpg,https://ae01.alicdn.com/kf/S1887a285b60743859ac7bdbfca5e0896Z/154x64.png|https://ae01.alicdn.com/kf/Sb6a0486896c44dd8b19b117646c39e36J/116x64.png|https://ae01.alicdn.com/kf/Sef7221ed85624d1a9e857c689e268d3eU.jpg|https://ae01.alicdn.com/kf/S466bc413e0a148afa19e48746db651cdJ.jpg|https://ae01.alicdn.com/kf/S922bd336942c42b3ac93ede4ea979a2fi.jpg,,,,,11 sold,,,11 sold,Free,,,https://www.aliexpress.com/store/1104741319/pages/all-items.html?spm=a2g0o.store_pc_home.pcShopHead_2012107242900.99&sortType=orders_desc&shop_sortType=orders_desc&SortType=total_tranpro_desc,,
1005009662969103,1/24 Scale DieCast Resin Figure Model Kit Beautiful Waitress Hobby Miniature Toys Unassembled Unpainted DIY Diorama,$11.56,,,https://www.aliexpress.com/item/1005009662969103.html,https://ae-pic-a1.aliexpress-media.com/kf/S8a06931161b54d92a2207ec7694b3f07i.jpg_350x350.jpg,https://ae01.alicdn.com/kf/S8a06931161b54d92a2207ec7694b3f07i.jpg|https://ae01.alicdn.com/kf/Scbfd5dab0c754f6fa651196de6d8be08m.jpg|https://ae01.alicdn.com/kf/S59d28200807245f69e1981578bee443aK.jpg|https://ae01.alicdn.com/kf/S603b99562c2c40fe9790d4ab627603568.jpg,,,,,11 sold,,,11 sold,Free,,,https://www.aliexpress.com/store/1104741319/pages/all-items.html?spm=a2g0o.store_pc_home.pcShopHead_2012107242900.99&sortType=orders_desc&shop_sortType=orders_desc&SortType=total_tranpro_desc,,
1005009569124643,1/48 Scale Die-Cast Resin Aircraft Parts Model Assembled Kit F-14 D Left Electronics & Canon Model Unassembled and Unpainted,$9.71,,,https://www.aliexpress.com/item/1005009569124643.html,https://ae-pic-a1.aliexpress-media.com/kf/Sd2386be1017e4d8194131bb71cfd4e6eI.jpg_350x350.jpg,https://ae01.alicdn.com/kf/Sb6a0486896c44dd8b19b117646c39e36J/116x64.png|https://ae01.alicdn.com/kf/Sd2386be1017e4d8194131bb71cfd4e6eI.jpg|https://ae01.alicdn.com/kf/Sb32d3f13744d4c668e20ec01d03793261.jpg|https://ae01.alicdn.com/kf/Sdda7307e04d04bd7a9a42c7fc484c424T.jpg,,,,,11 sold,,,11 sold,Free,,,https://www.aliexpress.com/store/1104741319/pages/all-items.html?spm=a2g0o.store_pc_home.pcShopHead_2012107242900.99&sortType=orders_desc&shop_sortType=orders_desc&SortType=total_tranpro_desc,,
1005009398488735,1/35 Scale Die-Cast Resin Figure Model Kit WWII German MG Gunner Unassembled and Unpainted,$6.82,,,https://www.aliexpress.com/item/1005009398488735.html,https://ae-pic-a1.aliexpress-media.com/kf/S10961e7dde874a3ba0e5eafe7f89d488j.jpg_350x350.jpg,https://ae01.alicdn.com/kf/S1887a285b60743859ac7bdbfca5e0896Z/154x64.png|https://ae01.alicdn.com/kf/Sb6a0486896c44dd8b19b117646c39e36J/116x64.png|https://ae01.alicdn.com/kf/S10961e7dde874a3ba0e5eafe7f89d488j.jpg|https://ae01.alicdn.com/kf/S0bebff68b346434db9fbc473ddb678e2Y.jpg,,,,,11 sold,,,11 sold,Free,,,https://www.aliexpress.com/store/1104741319/pages/all-items.html?spm=a2g0o.store_pc_home.pcShopHead_2012107242900.99&sortType=orders_desc&shop_sortType=orders_desc&SortType=total_tranpro_desc,,
1005009398229758,1/35 Scale Die-Cast Resin Figure Model Kit WWII German Wounded Soldiers 2 Figures Unassembled and Unpainted,$7.37,,,https://www.aliexpress.com/item/1005009398229758.html,https://ae-pic-a1.aliexpress-media.com/kf/S120fe1dab83d486fb84f21e3d2db19554.jpg_350x350.jpg,https://ae01.alicdn.com/kf/Sb6a0486896c44dd8b19b117646c39e36J/116x64.png|https://ae01.alicdn.com/kf/S120fe1dab83d486fb84f21e3d2db19554.jpg|https://ae01.alicdn.com/kf/S6e7c122989a8469d82c0ad90f53b79dcO.jpg,,,,,11 sold,,,11 sold,Free,,,https://www.aliexpress.com/store/1104741319/pages/all-items.html?spm=a2g0o.store_pc_home.pcShopHead_2012107242900.99&sortType=orders_desc&shop_sortType=orders_desc&SortType=total_tranpro_desc,,
1005009345048088,1/35 Scale Die-Cast Resin Figure Model Kit WWII German Tankers Refueling 2 Figures (No Tank) Unassembled and Unpainted,$8.27,,,https://www.aliexpress.com/item/1005009345048088.html,https://ae-pic-a1.aliexpress-media.com/kf/S6604be4574144a45977e9e7ab1b988d1c.jpg_350x350.jpg,https://ae01.alicdn.com/kf/Sb6a0486896c44dd8b19b117646c39e36J/116x64.png|https://ae01.alicdn.com/kf/S6604be4574144a45977e9e7ab1b988d1c.jpg|https://ae01.alicdn.com/kf/Seaf1b091ee044384adb942690101161av.jpg,,,,,11 sold,,,11 sold,Free,,,https://www.aliexpress.com/store/1104741319/pages/all-items.html?spm=a2g0o.store_pc_home.pcShopHead_2012107242900.99&sortType=orders_desc&shop_sortType=orders_desc&SortType=total_tranpro_desc,,
1005010793800946,1/12 Scale Die-Cast Resin Bust Model Kit Ancient Mythical Demon Statue Unassembled and Unpainted,$48.46,,,https://www.aliexpress.com/item/1005010793800946.html,https://ae-pic-a1.aliexpress-media.com/kf/Sbc6eb8a2a1aa47ec92dc929a6447993cU.jpg_350x350.jpg,https://ae01.alicdn.com/kf/Sbc6eb8a2a1aa47ec92dc929a6447993cU.jpg|https://ae01.alicdn.com/kf/S41b0d7f26a9d4c2f80eeafc993c418afK.jpg|https://ae01.alicdn.com/kf/S4386f6d000c84f5095b37aa0332e8c017.jpg|https://ae01.alicdn.com/kf/S710900f0ffd64aeb9b7d25fd5068bfbcB.jpg,,,,,10 sold,,,10 sold,Free,,,https://www.aliexpress.com/store/1104741319/pages/all-items.html?spm=a2g0o.store_pc_home.pcShopHead_2012107242900.99&sortType=orders_desc&shop_sortType=orders_desc&SortType=total_tranpro_desc,,
1005010070760694,1/35 Scale Die-Cast Resin Model Assembled Kit Leopard 1A5BE Tank Conversion Set (No Tank) Unassembled and Unpainted,$14.15,,,https://www.aliexpress.com/item/1005010070760694.html,https://ae-pic-a1.aliexpress-media.com/kf/S80cf66396fd74a1fa3b0c4f95ea0ae510.jpg_350x350.jpg,https://ae01.alicdn.com/kf/Sb6a0486896c44dd8b19b117646c39e36J/116x64.png|https://ae01.alicdn.com/kf/S1887a285b60743859ac7bdbfca5e0896Z/154x64.png|https://ae01.alicdn.com/kf/S80cf66396fd74a1fa3b0c4f95ea0ae510.jpg|https://ae01.alicdn.com/kf/S3bdf449f953947babd7069a38a5d152fn.jpg|https://ae01.alicdn.com/kf/Sad6f123664104f62bae46747c3eaabd00.jpg|https://ae01.alicdn.com/kf/Scae5055dfde2483ca5a6fb772033fa06K.jpg,,,,,10 sold,,,10 sold,Free,,,https://www.aliexpress.com/store/1104741319/pages/all-items.html?spm=a2g0o.store_pc_home.pcShopHead_2012107242900.99&sortType=orders_desc&shop_sortType=orders_desc&SortType=total_tranpro_desc,,
1005010016209993,1/48 Scale Die-Cast Resin Model Assembled Kit M4A1 Stowage Set (No Tank) Unassembled and Unpainted,$13.18,,,https://www.aliexpress.com/item/1005010016209993.html,https://ae-pic-a1.aliexpress-media.com/kf/Sfe7a0433fd6844e49bb38bcc578567e0q.jpg_350x350.jpg,https://ae01.alicdn.com/kf/Sb6a0486896c44dd8b19b117646c39e36J/116x64.png|https://ae01.alicdn.com/kf/S1887a285b60743859ac7bdbfca5e0896Z/154x64.png|https://ae01.alicdn.com/kf/Sfe7a0433fd6844e49bb38bcc578567e0q.jpg|https://ae01.alicdn.com/kf/S4d848497df5d450bb16ef94a596ce7c5M.jpg|https://ae01.alicdn.com/kf/S3cc6aca35bfc4fb0ae654be91a38f7e05.jpg,,,,,10 sold,,,10 sold,Free,,,https://www.aliexpress.com/store/1104741319/pages/all-items.html?spm=a2g0o.store_pc_home.pcShopHead_2012107242900.99&sortType=orders_desc&shop_sortType=orders_desc&SortType=total_tranpro_desc,,
1005009578754579,1/32 Scale 54mm DieCast Resin Figure Model Kit Infantry and Guard Regiment Soldiers Miniature Toys Unassembled Unpainted Diorama,$14.43,,,https://www.aliexpress.com/item/1005009578754579.html,https://ae-pic-a1.aliexpress-media.com/kf/Sf65465f333f94edbb53fcdcb2f7fbbe38.jpg_350x350.jpg,https://ae01.alicdn.com/kf/Sb6a0486896c44dd8b19b117646c39e36J/116x64.png|https://ae01.alicdn.com/kf/Sf65465f333f94edbb53fcdcb2f7fbbe38.jpg|https://ae01.alicdn.com/kf/S1fcbadf7369a4660bef8582c1159e58bb.jpg,,,,,10 sold,,,10 sold,Free,,,https://www.aliexpress.com/store/1104741319/pages/all-items.html?spm=a2g0o.store_pc_home.pcShopHead_2012107242900.99&sortType=orders_desc&shop_sortType=orders_desc&SortType=total_tranpro_desc,,
1005009131629902,1/35 Scale Die-Cast Resin Figure Model Kit WWII 1944 German Tankers At Rest 3 Figures (No Tank) Unassembled and Unpainted,$10.27,,,https://www.aliexpress.com/item/1005009131629902.html,https://ae-pic-a1.aliexpress-media.com/kf/S790ae5ead13742179a6e052483a2c8d66.jpg_350x350.jpg,https://ae01.alicdn.com/kf/Sb6a0486896c44dd8b19b117646c39e36J/116x64.png|https://ae01.alicdn.com/kf/S790ae5ead13742179a6e052483a2c8d66.jpg|https://ae01.alicdn.com/kf/S9f95d3355a7d49fbbe131038e74bec26A.jpg|https://ae01.alicdn.com/kf/S792238e52de14df3a23d9e6fd3032ea8a.jpg|https://ae01.alicdn.com/kf/S305f3101a4e24299b34f309900a8f229c.jpg|https://ae01.alicdn.com/kf/S169b34cd4c8b4402b775342874413cfe4.jpg,,,,,10 sold,,,10 sold,Free,,,https://www.aliexpress.com/store/1104741319/pages/all-items.html?spm=a2g0o.store_pc_home.pcShopHead_2012107242900.99&sortType=orders_desc&shop_sortType=orders_desc&SortType=total_tranpro_desc,,
1005010715561345,1/16 Scale Die-Cast Resin Figure Model Kit Russian Troops Shooting (No Truck) Unassembled and Unpainted,$15.82,,,https://www.aliexpress.com/item/1005010715561345.html,https://ae-pic-a1.aliexpress-media.com/kf/Sbb898102fa1d4dd19831824d94b09d3fs.jpg_350x350.jpg,https://ae01.alicdn.com/kf/Sb6a0486896c44dd8b19b117646c39e36J/116x64.png|https://ae01.alicdn.com/kf/Sbb898102fa1d4dd19831824d94b09d3fs.jpg|https://ae01.alicdn.com/kf/S80f7141a73fc41fcbfcf6f7650af8cbbx.jpg,,,,,9 sold,,,9 sold,Free,,,https://www.aliexpress.com/store/1104741319/pages/all-items.html?spm=a2g0o.store_pc_home.pcShopHead_2012107242900.99&sortType=orders_desc&shop_sortType=orders_desc&SortType=total_tranpro_desc,,
1005010700548814,1/24 Scale Die-Cast Resin Figure Model Kit Punk Female Samurai Miniature Toys Unassembled Unpainted DIY Diorama,$11.30,,,https://www.aliexpress.com/item/1005010700548814.html,https://ae-pic-a1.aliexpress-media.com/kf/S6dc6dc8225c64ede97bdf610ac140cd3p.jpg_350x350.jpg,https://ae01.alicdn.com/kf/Sb6a0486896c44dd8b19b117646c39e36J/116x64.png|https://ae01.alicdn.com/kf/S1887a285b60743859ac7bdbfca5e0896Z/154x64.png|https://ae01.alicdn.com/kf/S6dc6dc8225c64ede97bdf610ac140cd3p.jpg|https://ae01.alicdn.com/kf/Se3c4fe652d364df183e94c85c4cab6abL.jpg,,,,,9 sold,,,9 sold,Free,,,https://www.aliexpress.com/store/1104741319/pages/all-items.html?spm=a2g0o.store_pc_home.pcShopHead_2012107242900.99&sortType=orders_desc&shop_sortType=orders_desc&SortType=total_tranpro_desc,,
1005010692414088,1/16 Scale Die-Cast Resin Figure Model Kit Russian Troops Commander (No Ammunition Box) Unassembled and Unpainted,$15.82,,,https://www.aliexpress.com/item/1005010692414088.html,https://ae-pic-a1.aliexpress-media.com/kf/Sf607384ba4264d799041e1754f2127c8r.jpg_350x350.jpg,https://ae01.alicdn.com/kf/Sb6a0486896c44dd8b19b117646c39e36J/116x64.png|https://ae01.alicdn.com/kf/Sf607384ba4264d799041e1754f2127c8r.jpg|https://ae01.alicdn.com/kf/S06994eeb04e146b09c768043c6354907s.jpg|https://ae01.alicdn.com/kf/Sab3ce7481de14380aedad7f931867465x.jpg|https://ae01.alicdn.com/kf/Sfc3e1c9f5f8d46ca8e52ab92d1106486H.jpg,,,,,9 sold,,,9 sold,Free,,,https://www.aliexpress.com/store/1104741319/pages/all-items.html?spm=a2g0o.store_pc_home.pcShopHead_2012107242900.99&sortType=orders_desc&shop_sortType=orders_desc&SortType=total_tranpro_desc,,
1005010634817544,1/24 Scale 75mm Die-Cast Resin Figure Model Kit Ancient Imperial Guard Grenadier 1805 Hobby Miniature Toys Unassembled Unpainted,$10.26,,,https://www.aliexpress.com/item/1005010634817544.html,https://ae-pic-a1.aliexpress-media.com/kf/Sba3a6743e4b146be989628ec32e6586dY.jpg_350x350.jpg,https://ae01.alicdn.com/kf/Sb6a0486896c44dd8b19b117646c39e36J/116x64.png|https://ae01.alicdn.com/kf/Sba3a6743e4b146be989628ec32e6586dY.jpg|https://ae01.alicdn.com/kf/S633831c3d20242bd829ea9eafc99af75x.jpg|https://ae01.alicdn.com/kf/Se9962f23bbcf4c7e8060b9c3a3960172B.jpg|https://ae01.alicdn.com/kf/S84729a3e4cf9455ebfc167bde3c71047m.jpg|https://ae01.alicdn.com/kf/Sbd2065ab2c57425f8769f11c4f24a7b1z.jpg,,,,,9 sold,,,9 sold,Free,,,https://www.aliexpress.com/store/1104741319/pages/all-items.html?spm=a2g0o.store_pc_home.pcShopHead_2012107242900.99&sortType=orders_desc&shop_sortType=orders_desc&SortType=total_tranpro_desc,,
1005009961282853,1/24 Scale Die-Cast Resin Figure Model Kit 12th-Century Holy Land Knight Hobby Miniature Toys Unassembled Unpainted DIY Diorama,$12.70,,,https://www.aliexpress.com/item/1005009961282853.html,https://ae-pic-a1.aliexpress-media.com/kf/S1a7755f0dd3049a48ff5291919d05161d.jpg_350x350.jpg,https://ae01.alicdn.com/kf/Sb6a0486896c44dd8b19b117646c39e36J/116x64.png|https://ae01.alicdn.com/kf/S1a7755f0dd3049a48ff5291919d05161d.jpg|https://ae01.alicdn.com/kf/Sec310c092c6d48dcbe32ba85f12f39ecm.jpg|https://ae01.alicdn.com/kf/Sdd08fddb81824623a9569150ff6ed03ey.jpg|https://ae01.alicdn.com/kf/S4328a2bb22df4e01b7450c0502da59efS.jpg|https://ae01.alicdn.com/kf/Se424a4d56c7847629e1f097748f81a93V.jpg,,,,,9 sold,,,9 sold,Free,,,https://www.aliexpress.com/store/1104741319/pages/all-items.html?spm=a2g0o.store_pc_home.pcShopHead_2012107242900.99&sortType=orders_desc&shop_sortType=orders_desc&SortType=total_tranpro_desc,,
1005009481128330,1/35 Scale Die-Cast Resin Figure Model Kit WWII German Infantry Winter March Set 15 Figures Unassembled and Unpainted,$23.56,,,https://www.aliexpress.com/item/1005009481128330.html,https://ae-pic-a1.aliexpress-media.com/kf/S9fe6992d1fb240789d24339fb7d1ceefA.jpg_350x350.jpg,https://ae01.alicdn.com/kf/Sb6a0486896c44dd8b19b117646c39e36J/116x64.png|https://ae01.alicdn.com/kf/S1887a285b60743859ac7bdbfca5e0896Z/154x64.png|https://ae01.alicdn.com/kf/S9fe6992d1fb240789d24339fb7d1ceefA.jpg|https://ae01.alicdn.com/kf/S286bed0ce6554472865ef757d711cb65D.jpg|https://ae01.alicdn.com/kf/S5b08902780e543f0abdd5e59dc61f475C.jpg,,,,,9 sold,,,9 sold,Free,,,https://www.aliexpress.com/store/1104741319/pages/all-items.html?spm=a2g0o.store_pc_home.pcShopHead_2012107242900.99&sortType=orders_desc&shop_sortType=orders_desc&SortType=total_tranpro_desc,,
1005009408759427,1/35 Scale Die-Cast Resin Figure Model Kit WWII German MG Gunner Unassembled and Unpainted,$6.82,,,https://www.aliexpress.com/item/1005009408759427.html,https://ae-pic-a1.aliexpress-media.com/kf/S5e4ecfe7c68846ec9de56853e06d9b0fa.jpg_350x350.jpg,https://ae01.alicdn.com/kf/Sb6a0486896c44dd8b19b117646c39e36J/116x64.png|https://ae01.alicdn.com/kf/S5e4ecfe7c68846ec9de56853e06d9b0fa.jpg|https://ae01.alicdn.com/kf/S9883acc5ac6f4415962f13a155d9b940P.jpg,,,,,9 sold,,,9 sold,Free,,,https://www.aliexpress.com/store/1104741319/pages/all-items.html?spm=a2g0o.store_pc_home.pcShopHead_2012107242900.99&sortType=orders_desc&shop_sortType=orders_desc&SortType=total_tranpro_desc,,
1005009398518277,1/35 Scale Die-Cast Resin Figure Model Kit WWII US Wounded Soldiers 2 Figures Unassembled and Unpainted,$7.37,,,https://www.aliexpress.com/item/1005009398518277.html,https://ae-pic-a1.aliexpress-media.com/kf/S67e92324099f4da49d1d268830b21a9dh.jpg_350x350.jpg,https://ae01.alicdn.com/kf/Sb6a0486896c44dd8b19b117646c39e36J/116x64.png|https://ae01.alicdn.com/kf/S1887a285b60743859ac7bdbfca5e0896Z/154x64.png|https://ae01.alicdn.com/kf/S67e92324099f4da49d1d268830b21a9dh.jpg|https://ae01.alicdn.com/kf/Scda53822286f4b45b966785782e24be2J.jpg,,,,,9 sold,,,9 sold,Free,,,https://www.aliexpress.com/store/1104741319/pages/all-items.html?spm=a2g0o.store_pc_home.pcShopHead_2012107242900.99&sortType=orders_desc&shop_sortType=orders_desc&SortType=total_tranpro_desc,,
1005009309537462,1/35 Scale Die-Cast Resin Figure Model Kit WWII German Gun Crew 3 Figures (No Flak) Unassembled and Unpainted,$10.27,,,https://www.aliexpress.com/item/1005009309537462.html,https://ae-pic-a1.aliexpress-media.com/kf/Sfd95f8ccefe84281a2cc117bffa45b4bJ.jpg_350x350.jpg,https://ae01.alicdn.com/kf/Sb6a0486896c44dd8b19b117646c39e36J/116x64.png|https://ae01.alicdn.com/kf/Sfd95f8ccefe84281a2cc117bffa45b4bJ.jpg|https://ae01.alicdn.com/kf/Sd0754d000f3248409fc235f27878a100c.jpg,,,,,9 sold,,,9 sold,Free,,,https://www.aliexpress.com/store/1104741319/pages/all-items.html?spm=a2g0o.store_pc_home.pcShopHead_2012107242900.99&sortType=orders_desc&shop_sortType=orders_desc&SortType=total_tranpro_desc,,
1005009136427741,1/35 Scale Die-Cast Resin Figure Model Kit German Panzer Recon Crew Set 2 Figures Unassembled and Unpainted,$7.93,,,https://www.aliexpress.com/item/1005009136427741.html,https://ae-pic-a1.aliexpress-media.com/kf/Sff3efe82feea43baa226ce28dd8b62d43.jpg_350x350.jpg,https://ae01.alicdn.com/kf/Sb6a0486896c44dd8b19b117646c39e36J/116x64.png|https://ae01.alicdn.com/kf/Sff3efe82feea43baa226ce28dd8b62d43.jpg|https://ae01.alicdn.com/kf/S4b960c0d64c34a45b709f07473efa1a3v.jpg|https://ae01.alicdn.com/kf/Sa123f4d97be241b58d8a5a30de6f00faV.jpg,,,,,9 sold,,,9 sold,Free,,,https://www.aliexpress.com/store/1104741319/pages/all-items.html?spm=a2g0o.store_pc_home.pcShopHead_2012107242900.99&sortType=orders_desc&shop_sortType=orders_desc&SortType=total_tranpro_desc,,
1005011666907115,1/35 Scale Die-Cast Resin Model Assembled Kit 1930/1940's Office Furniture Diorama Scene Unassembled Unpainted No Etched Sheet,$12.99,,,https://www.aliexpress.com/item/1005011666907115.html,https://ae-pic-a1.aliexpress-media.com/kf/Sbf931b9e20274cf8a664dc7ac7e41fb4R.jpg_350x350.jpg,https://ae01.alicdn.com/kf/Sbf931b9e20274cf8a664dc7ac7e41fb4R.jpg|https://ae01.alicdn.com/kf/S341335c1470a40d3a43501953994e506W.jpg,,,,,8 sold,,,8 sold,,,,https://www.aliexpress.com/store/1104741319/pages/all-items.html?spm=a2g0o.store_pc_home.pcShopHead_2012107242900.99&sortType=orders_desc&shop_sortType=orders_desc&SortType=total_tranpro_desc,,
1005011609998186,Resin Figure Assembled Model Kit War Game Chess Sub Sci-Fi Strike Force Hobby Miniature Toys Unassembled Unpainted DIY Diorama,$13.04,,,https://www.aliexpress.com/item/1005011609998186.html,https://ae-pic-a1.aliexpress-media.com/kf/S4b0fad5c300d462f953eaa349c0baf36q.jpg_350x350.jpg,https://ae01.alicdn.com/kf/Sb6a0486896c44dd8b19b117646c39e36J/116x64.png|https://ae01.alicdn.com/kf/S4b0fad5c300d462f953eaa349c0baf36q.jpg,,,,,8 sold,,,8 sold,Free,,,https://www.aliexpress.com/store/1104741319/pages/all-items.html?spm=a2g0o.store_pc_home.pcShopHead_2012107242900.99&sortType=orders_desc&shop_sortType=orders_desc&SortType=total_tranpro_desc,,
1005010026072070,1/24 Scale 75mm Die-Cast Resin Figure Model Kit Ancient Pirate Warriors Grutte Pier Miniature Toys Unassembled Unpainted Diorama,$12.70,,,https://www.aliexpress.com/item/1005010026072070.html,https://ae-pic-a1.aliexpress-media.com/kf/Sfba25594422449b8b79cea36f02c316eq.jpg_350x350.jpg,https://ae01.alicdn.com/kf/Sb6a0486896c44dd8b19b117646c39e36J/116x64.png|https://ae01.alicdn.com/kf/Sfba25594422449b8b79cea36f02c316eq.jpg|https://ae01.alicdn.com/kf/S1bd3c3e950954d02a0abee590d0cb1e8p.jpg|https://ae01.alicdn.com/kf/Sb46a1d5bb0e7421bba2d339335ae74385.jpg|https://ae01.alicdn.com/kf/Sb0351a1f1cb141b7b9a906ae24586c1eT.jpg|https://ae01.alicdn.com/kf/Scce42535054a418ebb282f893d1a0cb6f.jpg|https://ae01.alicdn.com/kf/S4610085fb52f4c99a4ff2a826ac440746.jpg,,,,,8 sold,,,8 sold,Free,,,https://www.aliexpress.com/store/1104741319/pages/all-items.html?spm=a2g0o.store_pc_home.pcShopHead_2012107242900.99&sortType=orders_desc&shop_sortType=orders_desc&SortType=total_tranpro_desc,,
1005009991477009,1/20 Scale 90mm DieCast Resin Figure Model Kit Ancient Templar Sergeant Hobby Miniature Toys Unassembled Unpainted DIY Diorama,$12.76,,,https://www.aliexpress.com/item/1005009991477009.html,https://ae-pic-a1.aliexpress-media.com/kf/S52f305d0e2b54cc39490d38800b3425eZ.jpg_350x350.jpg,https://ae01.alicdn.com/kf/Sb6a0486896c44dd8b19b117646c39e36J/116x64.png|https://ae01.alicdn.com/kf/S52f305d0e2b54cc39490d38800b3425eZ.jpg|https://ae01.alicdn.com/kf/S46aed0db492d416e9b061ca944b92c82b.jpg,,,,,8 sold,,,8 sold,Free,,,https://www.aliexpress.com/store/1104741319/pages/all-items.html?spm=a2g0o.store_pc_home.pcShopHead_2012107242900.99&sortType=orders_desc&shop_sortType=orders_desc&SortType=total_tranpro_desc,,
1005009918620088,1/72 Scale Die-Cast Resin Model Assembled Kit Pattern 1920 Accessories Set (No Car) Unassembled and Unpainted,$8.32,,,https://www.aliexpress.com/item/1005009918620088.html,https://ae-pic-a1.aliexpress-media.com/kf/Scc2bb656429d4748bfb735033de738310.jpg_350x350.jpg,https://ae01.alicdn.com/kf/Sb6a0486896c44dd8b19b117646c39e36J/116x64.png|https://ae01.alicdn.com/kf/Scc2bb656429d4748bfb735033de738310.jpg|https://ae01.alicdn.com/kf/S3fa2f394c5d84861883f024eb7afe324K.jpg|https://ae01.alicdn.com/kf/S0d76755f26ba4085862e799bdf51fb7cO.jpg,,,,,8 sold,,,8 sold,Free,,,https://www.aliexpress.com/store/1104741319/pages/all-items.html?spm=a2g0o.store_pc_home.pcShopHead_2012107242900.99&sortType=orders_desc&shop_sortType=orders_desc&SortType=total_tranpro_desc,,
1005009900363187,1/35 Scale Die-Cast Resin Figure Model Kit WWII German Tank Crew Set 5 Figures (No Tank) Unassembled and Unpainted,$13.11,,,https://www.aliexpress.com/item/1005009900363187.html,https://ae-pic-a1.aliexpress-media.com/kf/Sa3b1bfd2707547debe4a347cac827367D.jpg_350x350.jpg,https://ae01.alicdn.com/kf/Sb6a0486896c44dd8b19b117646c39e36J/116x64.png|https://ae01.alicdn.com/kf/S1887a285b60743859ac7bdbfca5e0896Z/154x64.png|https://ae01.alicdn.com/kf/Sa3b1bfd2707547debe4a347cac827367D.jpg|https://ae01.alicdn.com/kf/S35d1cf9c093d4fe2b35fc55dd94189d3d.jpg|https://ae01.alicdn.com/kf/S6a9d0402302e4a66b3866676f3dd8541b.jpg|https://ae01.alicdn.com/kf/Sa677b58723e54d9eb92d5b2ea090eda0f.jpg,,,,,8 sold,,,8 sold,Free,,,https://www.aliexpress.com/store/1104741319/pages/all-items.html?spm=a2g0o.store_pc_home.pcShopHead_2012107242900.99&sortType=orders_desc&shop_sortType=orders_desc&SortType=total_tranpro_desc,,
1005009412518914,1/35 Scale Die-Cast Resin Figure Model Kit WWII US Soldier At Lunch Unassembled and Unpainted,$6.84,,,https://www.aliexpress.com/item/1005009412518914.html,https://ae-pic-a1.aliexpress-media.com/kf/S3c2c3243a0e341b2b67a22a613a0031f5.jpg_350x350.jpg,https://ae01.alicdn.com/kf/S1887a285b60743859ac7bdbfca5e0896Z/154x64.png|https://ae01.alicdn.com/kf/Sb6a0486896c44dd8b19b117646c39e36J/116x64.png|https://ae01.alicdn.com/kf/S3c2c3243a0e341b2b67a22a613a0031f5.jpg|https://ae01.alicdn.com/kf/Sdfa0eb41f9a543ac882b849609a103b7J.jpg,,,,,8 sold,,,8 sold,Free,,,https://www.aliexpress.com/store/1104741319/pages/all-items.html?spm=a2g0o.store_pc_home.pcShopHead_2012107242900.99&sortType=orders_desc&shop_sortType=orders_desc&SortType=total_tranpro_desc,,
1005009408891435,1/35 Scale Die-Cast Resin Figure Model Kit WWII US Soldier Unassembled and Unpainted,$6.82,,,https://www.aliexpress.com/item/1005009408891435.html,https://ae-pic-a1.aliexpress-media.com/kf/S9aa9ca67b449436a863b4a8e3ae97b93r.jpg_350x350.jpg,https://ae01.alicdn.com/kf/Sb6a0486896c44dd8b19b117646c39e36J/116x64.png|https://ae01.alicdn.com/kf/S9aa9ca67b449436a863b4a8e3ae97b93r.jpg|https://ae01.alicdn.com/kf/S24ccf75fcc1a45b48e40b7838f7f8822o.jpg,,,,,8 sold,,,8 sold,Free,,,https://www.aliexpress.com/store/1104741319/pages/all-items.html?spm=a2g0o.store_pc_home.pcShopHead_2012107242900.99&sortType=orders_desc&shop_sortType=orders_desc&SortType=total_tranpro_desc,,
1005009407770826,1/35 Scale Die-Cast Resin Figure Model Kit WWII US Soldier At Lunch Unassembled and Unpainted,$6.84,,,https://www.aliexpress.com/item/1005009407770826.html,https://ae-pic-a1.aliexpress-media.com/kf/S1843641a32c1468f8761c77d2bf6b6cb0.jpg_350x350.jpg,https://ae01.alicdn.com/kf/S1887a285b60743859ac7bdbfca5e0896Z/154x64.png|https://ae01.alicdn.com/kf/Sb6a0486896c44dd8b19b117646c39e36J/116x64.png|https://ae01.alicdn.com/kf/S1843641a32c1468f8761c77d2bf6b6cb0.jpg|https://ae01.alicdn.com/kf/S165c7763cee24afda152f47aceb432f5Y.jpg,,,,,8 sold,,,8 sold,Free,,,https://www.aliexpress.com/store/1104741319/pages/all-items.html?spm=a2g0o.store_pc_home.pcShopHead_2012107242900.99&sortType=orders_desc&shop_sortType=orders_desc&SortType=total_tranpro_desc,,
1005009393930916,1/35 Scale Die-Cast Resin Figure Model Kit WWII US Soldier At Rest Unassembled and Unpainted,$6.82,,,https://www.aliexpress.com/item/1005009393930916.html,https://ae-pic-a1.aliexpress-media.com/kf/S5fb4e676b7554938b4982823d5c1336dq.jpg_350x350.jpg,https://ae01.alicdn.com/kf/S5fb4e676b7554938b4982823d5c1336dq.jpg|https://ae01.alicdn.com/kf/Safec662af58d4707b658c91da05efc915.jpg,,,,,8 sold,,,8 sold,Free,,,https://www.aliexpress.com/store/1104741319/pages/all-items.html?spm=a2g0o.store_pc_home.pcShopHead_2012107242900.99&sortType=orders_desc&shop_sortType=orders_desc&SortType=total_tranpro_desc,,
1005009345441108,1/35 Scale Die-Cast Resin Figure Model Kit WWII German Panzerjaeger & Anti-tank Base Unassembled and Unpainted,$9.57,,,https://www.aliexpress.com/item/1005009345441108.html,https://ae-pic-a1.aliexpress-media.com/kf/Sbec147c663604e829fc3512c53e16c096.jpg_350x350.jpg,https://ae01.alicdn.com/kf/Sb6a0486896c44dd8b19b117646c39e36J/116x64.png|https://ae01.alicdn.com/kf/Sbec147c663604e829fc3512c53e16c096.jpg|https://ae01.alicdn.com/kf/S336ff9236d4b4939997d8b41aa454b3dE.jpg,,,,,8 sold,,,8 sold,Free,,,https://www.aliexpress.com/store/1104741319/pages/all-items.html?spm=a2g0o.store_pc_home.pcShopHead_2012107242900.99&sortType=orders_desc&shop_sortType=orders_desc&SortType=total_tranpro_desc,,
1005009301838941,1/35 Scale Die-Cast Resin Figure Model Kit WWII German Tankers Stowing Ammo 3 Figures (No Tank) Unassembled and Unpainted,$9.98,,,https://www.aliexpress.com/item/1005009301838941.html,https://ae-pic-a1.aliexpress-media.com/kf/S280c71b7eea646dcbc6a12746b826c5c5.jpg_350x350.jpg,https://ae01.alicdn.com/kf/Sb6a0486896c44dd8b19b117646c39e36J/116x64.png|https://ae01.alicdn.com/kf/S280c71b7eea646dcbc6a12746b826c5c5.jpg|https://ae01.alicdn.com/kf/S9c65b858ba214e6995cfc29e0b1e9934P.jpg,,,,,8 sold,,,8 sold,Free,,,https://www.aliexpress.com/store/1104741319/pages/all-items.html?spm=a2g0o.store_pc_home.pcShopHead_2012107242900.99&sortType=orders_desc&shop_sortType=orders_desc&SortType=total_tranpro_desc,,
1005009021486638,1/24 Scale DieCast Resin Figure Model Kit Horror Survival Game Lady Villain NSFW Miniature Toy Unassembled Unpainted DIY Diorama,$12.03,,,https://www.aliexpress.com/item/1005009021486638.html,https://ae-pic-a1.aliexpress-media.com/kf/S5c099c6a9b134d0587251583a01a9406u.jpg_350x350.jpg,https://ae01.alicdn.com/kf/S5c099c6a9b134d0587251583a01a9406u.jpg|https://ae01.alicdn.com/kf/Sbee2920d42e448a8bdbb9c6b720c0a52C.jpg|https://ae01.alicdn.com/kf/S5ebe1d481d3f4c1b99c4264ed086e7bdU.jpg|https://ae01.alicdn.com/kf/Sfc31e6aa091b4b808a9aa64ffc4862dan.jpg,,,,,8 sold,,,8 sold,Free,,,https://www.aliexpress.com/store/1104741319/pages/all-items.html?spm=a2g0o.store_pc_home.pcShopHead_2012107242900.99&sortType=orders_desc&shop_sortType=orders_desc&SortType=total_tranpro_desc,,
1005008931313988,1/24 Scale DieCast Resin Figure Model Kit Ancient European Dacian Warrior Hobby Miniature Toys Unassembled Unpainted DIY Diorama,$11.32,,,https://www.aliexpress.com/item/1005008931313988.html,https://ae-pic-a1.aliexpress-media.com/kf/S0483b3ceb8a142e895261c888c3a3d50N.jpg_350x350.jpg,https://ae01.alicdn.com/kf/Sb6a0486896c44dd8b19b117646c39e36J/116x64.png|https://ae01.alicdn.com/kf/S1887a285b60743859ac7bdbfca5e0896Z/154x64.png|https://ae01.alicdn.com/kf/S0483b3ceb8a142e895261c888c3a3d50N.jpg|https://ae01.alicdn.com/kf/S8aafcdd642374ec79eba12e0c8624faa8.jpg,,,,,8 sold,,,8 sold,Free,,,https://www.aliexpress.com/store/1104741319/pages/all-items.html?spm=a2g0o.store_pc_home.pcShopHead_2012107242900.99&sortType=orders_desc&shop_sortType=orders_desc&SortType=total_tranpro_desc,,
1005008879010271,1/35 Scale Die-Cast Resin Figure Model Kit Italian Paratroopers and Civilian 5 Figures (No Motorcycle) Unassembled and Unpainted,$14.41,,,https://www.aliexpress.com/item/1005008879010271.html,https://ae-pic-a1.aliexpress-media.com/kf/S0d7c2f13ba57422d94805d2e6ff82c59C.jpg_350x350.jpg,https://ae01.alicdn.com/kf/Sb6a0486896c44dd8b19b117646c39e36J/116x64.png|https://ae01.alicdn.com/kf/S0d7c2f13ba57422d94805d2e6ff82c59C.jpg|https://ae01.alicdn.com/kf/S2fef233ca9c643e5b6f2afcf17c9a99cr.jpg,,,,,8 sold,,,8 sold,Free,,,https://www.aliexpress.com/store/1104741319/pages/all-items.html?spm=a2g0o.store_pc_home.pcShopHead_2012107242900.99&sortType=orders_desc&shop_sortType=orders_desc&SortType=total_tranpro_desc,,
1005011697519328,1/72 Scale Die-Cast Resin Aircraft Parts Model Assembled Kit Sea King AEW 2 Radar and Electronics Model Unassembled Unpainted,$7.37,,,https://www.aliexpress.com/item/1005011697519328.html,https://ae-pic-a1.aliexpress-media.com/kf/S9a421011fdc6405491dd2d19e3e44119Y.jpg_350x350.jpg,https://ae01.alicdn.com/kf/Sb6a0486896c44dd8b19b117646c39e36J/116x64.png|https://ae01.alicdn.com/kf/S9a421011fdc6405491dd2d19e3e44119Y.jpg|https://ae01.alicdn.com/kf/Sa89cfbedc4664810a17c1892b1e87057W.jpg|https://ae01.alicdn.com/kf/S08748339bbf34ccf92ab445cb03187b4n.jpg|https://ae01.alicdn.com/kf/Sa9a2ba7bb3cd4be09354ed4b7341ea35u.jpg,,,,,7 sold,,,7 sold,Free,,,https://www.aliexpress.com/store/1104741319/pages/all-items.html?spm=a2g0o.store_pc_home.pcShopHead_2012107242900.99&sortType=orders_desc&shop_sortType=orders_desc&SortType=total_tranpro_desc,,
1005010794594711,1/10 Scale Die-Cast Resin Bust Model Kit Ancient Female Guard Statue Unassembled and Unpainted,$13.18,,,https://www.aliexpress.com/item/1005010794594711.html,https://ae-pic-a1.aliexpress-media.com/kf/Sc3d5e89c245141f9b59bc4a92db10b0e3.jpg_350x350.jpg,https://ae01.alicdn.com/kf/Sc3d5e89c245141f9b59bc4a92db10b0e3.jpg|https://ae01.alicdn.com/kf/Scb13d8284cc542888285f01f135e84e6j.jpg|https://ae01.alicdn.com/kf/Sfcbdb6d1caea46618563af21f1e6388eC.jpg|https://ae01.alicdn.com/kf/Sb87b59ba5b844883b85834bd9b1249548.jpg|https://ae01.alicdn.com/kf/S732d6ece797b4a3fb5c0fa3e4fa326b5B.jpg,,,,,7 sold,,,7 sold,Free,,,https://www.aliexpress.com/store/1104741319/pages/all-items.html?spm=a2g0o.store_pc_home.pcShopHead_2012107242900.99&sortType=orders_desc&shop_sortType=orders_desc&SortType=total_tranpro_desc,,
1005010691791509,1/16 Scale Die-Cast Resin Figure Model Kit Russian Internal Troops Photographer Unassembled and Unpainted,$15.82,,,https://www.aliexpress.com/item/1005010691791509.html,https://ae-pic-a1.aliexpress-media.com/kf/S7bc40800ba6e408190fa271e857c01fac.jpg_350x350.jpg,https://ae01.alicdn.com/kf/S7bc40800ba6e408190fa271e857c01fac.jpg|https://ae01.alicdn.com/kf/Sa04f0ba4af4d47baa49c442547992074w.jpg|https://ae01.alicdn.com/kf/S82db430a9ab640ce8a6fa1198c83ab2fL.jpg|https://ae01.alicdn.com/kf/Sa6d5deaf66f0408180fe72ccb6f18e2bC.jpg,,,,,7 sold,,,7 sold,Free,,,https://www.aliexpress.com/store/1104741319/pages/all-items.html?spm=a2g0o.store_pc_home.pcShopHead_2012107242900.99&sortType=orders_desc&shop_sortType=orders_desc&SortType=total_tranpro_desc,,
1005010634464966,1/24 Scale 75mm Die-Cast Resin Figure Model Kit Ancient Grenadier 1808 Hobby Miniature Toys Unassembled Unpainted Diorama,$12.76,,,https://www.aliexpress.com/item/1005010634464966.html,https://ae-pic-a1.aliexpress-media.com/kf/S9fc27a6a8d2d4b7b895d6979ecac3857r.jpg_350x350.jpg,https://ae01.alicdn.com/kf/S9fc27a6a8d2d4b7b895d6979ecac3857r.jpg|https://ae01.alicdn.com/kf/S208e35d8181946d399183d2f9f2c3cdeF.jpg|https://ae01.alicdn.com/kf/S03ed95e4b2dc43708d4375d06f486733g.jpg|https://ae01.alicdn.com/kf/Sf579f835aeb84cb58b832b9242a83779k.jpg|https://ae01.alicdn.com/kf/S5e660bc4a8034f2fba11d021c6f397c15.jpg,,,,,7 sold,,,7 sold,Free,,,https://www.aliexpress.com/store/1104741319/pages/all-items.html?spm=a2g0o.store_pc_home.pcShopHead_2012107242900.99&sortType=orders_desc&shop_sortType=orders_desc&SortType=total_tranpro_desc,,
1005010586392745,1/35 Scale Die-Cast Resin Figure Model Kit WWI French Soldiers Set 2 Figures Unassembled and Unpainted,$9.85,,,https://www.aliexpress.com/item/1005010586392745.html,https://ae-pic-a1.aliexpress-media.com/kf/Saa722470352e4369bd3d32bb518bf7ddi.jpg_350x350.jpg,https://ae01.alicdn.com/kf/Sb6a0486896c44dd8b19b117646c39e36J/116x64.png|https://ae01.alicdn.com/kf/Sad7d675113e44b239887e09ea0a302d5L/60x60.png|https://ae01.alicdn.com/kf/Saa722470352e4369bd3d32bb518bf7ddi.jpg|https://ae01.alicdn.com/kf/S813718460a2744199b8569a64efecc48p.jpg,,,,,7 sold,,,7 sold,Free,,,https://www.aliexpress.com/store/1104741319/pages/all-items.html?spm=a2g0o.store_pc_home.pcShopHead_2012107242900.99&sortType=orders_desc&shop_sortType=orders_desc&SortType=total_tranpro_desc,,
1005010482033907,1/10 Scale Die-Cast Resin Bust Model Kit Ancient Egyptian Pharaoh Statue Unassembled and Unpainted,$13.18,,,https://www.aliexpress.com/item/1005010482033907.html,https://ae-pic-a1.aliexpress-media.com/kf/Sbafb02749ebb46aa8f89ecef590e844bs.jpg_350x350.jpg,https://ae01.alicdn.com/kf/Sb6a0486896c44dd8b19b117646c39e36J/116x64.png|https://ae01.alicdn.com/kf/Sbafb02749ebb46aa8f89ecef590e844bs.jpg|https://ae01.alicdn.com/kf/S041d912c0a614406b7a9dd1f0fcb1972I.jpg,,,,,7 sold,,,7 sold,Free,,,https://www.aliexpress.com/store/1104741319/pages/all-items.html?spm=a2g0o.store_pc_home.pcShopHead_2012107242900.99&sortType=orders_desc&shop_sortType=orders_desc&SortType=total_tranpro_desc,,
1005009952463326,1/35 Scale Die-Cast Resin Figure Model Kit Officer SAS & Local Man 2 Figures Unassembled and Unpainted,$8.84,,,https://www.aliexpress.com/item/1005009952463326.html,https://ae-pic-a1.aliexpress-media.com/kf/Sb3a2c8e277ff4b3abe81dc301c3751c0q.jpg_350x350.jpg,https://ae01.alicdn.com/kf/Sb6a0486896c44dd8b19b117646c39e36J/116x64.png|https://ae01.alicdn.com/kf/S1887a285b60743859ac7bdbfca5e0896Z/154x64.png|https://ae01.alicdn.com/kf/Sb3a2c8e277ff4b3abe81dc301c3751c0q.jpg|https://ae01.alicdn.com/kf/S396c45be85384dc0bc6f7c72e9760203S.jpg|https://ae01.alicdn.com/kf/Sce243322e8d34eeb9c2d4a0f14f8bfa8q.jpg,,,,,7 sold,,,7 sold,Free,,,https://www.aliexpress.com/store/1104741319/pages/all-items.html?spm=a2g0o.store_pc_home.pcShopHead_2012107242900.99&sortType=orders_desc&shop_sortType=orders_desc&SortType=total_tranpro_desc,,
1005009782289091,1/10 Scale Die-Cast Resin Bust Model Kit Ancient Warrior Royal Falconer Statue Unassembled and Unpainted,$15.99,,,https://www.aliexpress.com/item/1005009782289091.html,https://ae-pic-a1.aliexpress-media.com/kf/S84b692bf1592448489c3a8a9e53e78f7p.jpg_350x350.jpg,https://ae01.alicdn.com/kf/S84b692bf1592448489c3a8a9e53e78f7p.jpg|https://ae01.alicdn.com/kf/Sdc83db7a7fb0470588f4982454e292a6D.jpg|https://ae01.alicdn.com/kf/Sf5171eda6f244d04bba0ba59b4db76f7X.jpg|https://ae01.alicdn.com/kf/S1fc609da84c443ff8228b1a3f2f67aea2.jpg|https://ae01.alicdn.com/kf/S280f60857bb74001a32e2915a8cc01aaa.jpg,,,,,7 sold,,,7 sold,Free,,,https://www.aliexpress.com/store/1104741319/pages/all-items.html?spm=a2g0o.store_pc_home.pcShopHead_2012107242900.99&sortType=orders_desc&shop_sortType=orders_desc&SortType=total_tranpro_desc,,
1005009474838420,1/35 Scale DieCast Resin Model Kit WWII German Mountain Troops and Accessories 5 Figures (No Motorcycle) Unassembled Unpainted,$14.43,,,https://www.aliexpress.com/item/1005009474838420.html,https://ae-pic-a1.aliexpress-media.com/kf/S0b75b2c069694c6f94257f297f71616dr.jpg_350x350.jpg,https://ae01.alicdn.com/kf/Sb6a0486896c44dd8b19b117646c39e36J/116x64.png|https://ae01.alicdn.com/kf/S0b75b2c069694c6f94257f297f71616dr.jpg|https://ae01.alicdn.com/kf/Sf2075f95308e4d53b21c5c93b368e5b8R.jpg,,,,,7 sold,,,7 sold,Free,,,https://www.aliexpress.com/store/1104741319/pages/all-items.html?spm=a2g0o.store_pc_home.pcShopHead_2012107242900.99&sortType=orders_desc&shop_sortType=orders_desc&SortType=total_tranpro_desc,,
1005009397943616,1/35 Scale Die-Cast Resin Figure Model Kit WWII US Soldier Sitting and Resting Unassembled and Unpainted,$6.82,,,https://www.aliexpress.com/item/1005009397943616.html,https://ae-pic-a1.aliexpress-media.com/kf/Sdfc6104f696b4fb4aba4624c854cb5a70.jpg_350x350.jpg,https://ae01.alicdn.com/kf/Sb6a0486896c44dd8b19b117646c39e36J/116x64.png|https://ae01.alicdn.com/kf/Sad7d675113e44b239887e09ea0a302d5L/60x60.png|https://ae01.alicdn.com/kf/Sdfc6104f696b4fb4aba4624c854cb5a70.jpg|https://ae01.alicdn.com/kf/Sf1a202f2d1204d0d81875d9fdeadf388D.jpg,,,,,7 sold,,,7 sold,Free,,,https://www.aliexpress.com/store/1104741319/pages/all-items.html?spm=a2g0o.store_pc_home.pcShopHead_2012107242900.99&sortType=orders_desc&shop_sortType=orders_desc&SortType=total_tranpro_desc,,
1005009344998551,1/35 Scale Die-Cast Resin Figure Model Kit WWII US Tank Riders Set 2 Figures (No Tank) Unassembled and Unpainted,$8.27,,,https://www.aliexpress.com/item/1005009344998551.html,https://ae-pic-a1.aliexpress-media.com/kf/S42a8bf6b8fdb44de8cd28e707dd42ddac.jpg_350x350.jpg,https://ae01.alicdn.com/kf/Sb6a0486896c44dd8b19b117646c39e36J/116x64.png|https://ae01.alicdn.com/kf/S42a8bf6b8fdb44de8cd28e707dd42ddac.jpg|https://ae01.alicdn.com/kf/Sc4ee105e2a4b4ab893d5af0b6f0d9b69p.jpg,,,,,7 sold,,,7 sold,Free,,,https://www.aliexpress.com/store/1104741319/pages/all-items.html?spm=a2g0o.store_pc_home.pcShopHead_2012107242900.99&sortType=orders_desc&shop_sortType=orders_desc&SortType=total_tranpro_desc,,
1005009344778596,1/35 Scale Die-Cast Resin Figure Model Kit WWII Tanker Captured 2 Figures (No Tank) Unassembled and Unpainted,$8.19,,,https://www.aliexpress.com/item/1005009344778596.html,https://ae-pic-a1.aliexpress-media.com/kf/Sbf35f059c9544b39a7bba558478f41dam.jpg_350x350.jpg,https://ae01.alicdn.com/kf/Sb6a0486896c44dd8b19b117646c39e36J/116x64.png|https://ae01.alicdn.com/kf/Sbf35f059c9544b39a7bba558478f41dam.jpg|https://ae01.alicdn.com/kf/S344b47d340ec436a8d92ec49893eacfdb.jpg,,,,,7 sold,,,7 sold,Free,,,https://www.aliexpress.com/store/1104741319/pages/all-items.html?spm=a2g0o.store_pc_home.pcShopHead_2012107242900.99&sortType=orders_desc&shop_sortType=orders_desc&SortType=total_tranpro_desc,,
1005009318782056,1/35 Scale Die-Cast Resin Figure Model Kit British Paramedic Set 2 Figures Unassembled and Unpainted,$7.92,,,https://www.aliexpress.com/item/1005009318782056.html,https://ae-pic-a1.aliexpress-media.com/kf/S7b457c36b5194ee68c3f40429bda61d3B.jpg_350x350.jpg,https://ae01.alicdn.com/kf/S7b457c36b5194ee68c3f40429bda61d3B.jpg|https://ae01.alicdn.com/kf/S47a4ccb20c514f5aa3989052536c61e7t.jpg|https://ae01.alicdn.com/kf/Sa4947fb0fcc341abb97f685584760f5co.jpg,,,,,7 sold,,,7 sold,Free,,,https://www.aliexpress.com/store/1104741319/pages/all-items.html?spm=a2g0o.store_pc_home.pcShopHead_2012107242900.99&sortType=orders_desc&shop_sortType=orders_desc&SortType=total_tranpro_desc,,
1005009301389961,1/35 Scale Die-Cast Resin Figure Model Kit WWII German Tankers with Jerrycans 2 Figures Unassembled and Unpainted,$8.57,,,https://www.aliexpress.com/item/1005009301389961.html,https://ae-pic-a1.aliexpress-media.com/kf/S147301db7e894062a68a3b9d43ae4c21B.jpg_350x350.jpg,https://ae01.alicdn.com/kf/Sb6a0486896c44dd8b19b117646c39e36J/116x64.png|https://ae01.alicdn.com/kf/S147301db7e894062a68a3b9d43ae4c21B.jpg|https://ae01.alicdn.com/kf/Sd2d1d22313af441b9aa7608ca8fe7e2fK.jpg,,,,,7 sold,,,7 sold,Free,,,https://www.aliexpress.com/store/1104741319/pages/all-items.html?spm=a2g0o.store_pc_home.pcShopHead_2012107242900.99&sortType=orders_desc&shop_sortType=orders_desc&SortType=total_tranpro_desc,,
1005009239732502,1/35 Scale Die-Cast Resin Figure Model Kit US Long Range Reconnaissance Patrol in Vietnam 2 Figures Unassembled and Unpainted,$7.93,,,https://www.aliexpress.com/item/1005009239732502.html,https://ae-pic-a1.aliexpress-media.com/kf/S28e8d030c2d04a0c8927da8a98024d46t.jpg_350x350.jpg,https://ae01.alicdn.com/kf/Sb6a0486896c44dd8b19b117646c39e36J/116x64.png|https://ae01.alicdn.com/kf/Sad7d675113e44b239887e09ea0a302d5L/60x60.png|https://ae01.alicdn.com/kf/S28e8d030c2d04a0c8927da8a98024d46t.jpg|https://ae01.alicdn.com/kf/Se7012502d73745a094192b8c457c42c5a.jpg,,,,,7 sold,,,7 sold,Free,,,https://www.aliexpress.com/store/1104741319/pages/all-items.html?spm=a2g0o.store_pc_home.pcShopHead_2012107242900.99&sortType=orders_desc&shop_sortType=orders_desc&SortType=total_tranpro_desc,,
1005011691170137,1/32 Scale Die-Cast Resin Figure Model Kit US Deck Crews and Pilots 4 Figures Unassembled Unpainted,$10.96,,,https://www.aliexpress.com/item/1005011691170137.html,https://ae-pic-a1.aliexpress-media.com/kf/S047c82177456471a9da573f4fcb3e25eP.jpg_350x350.jpg,https://ae01.alicdn.com/kf/Sb6a0486896c44dd8b19b117646c39e36J/116x64.png|https://ae01.alicdn.com/kf/S047c82177456471a9da573f4fcb3e25eP.jpg|https://ae01.alicdn.com/kf/S9648796cd56c49f799d28614c45c9e2eM.jpg,,,,,6 sold,,,6 sold,Free,,,https://www.aliexpress.com/store/1104741319/pages/all-items.html?spm=a2g0o.store_pc_home.pcShopHead_2012107242900.99&sortType=orders_desc&shop_sortType=orders_desc&SortType=total_tranpro_desc,,
1005010700774521,1/16 Scale Die-Cast Resin Figure Model Kit Russian Internal Troops Mortar Crew (No Truck) Unassembled and Unpainted,$15.82,,,https://www.aliexpress.com/item/1005010700774521.html,https://ae-pic-a1.aliexpress-media.com/kf/S9dfaf4044d454dc9922e6eb2bc897a03H.jpg_350x350.jpg,https://ae01.alicdn.com/kf/Sb6a0486896c44dd8b19b117646c39e36J/116x64.png|https://ae01.alicdn.com/kf/S9dfaf4044d454dc9922e6eb2bc897a03H.jpg|https://ae01.alicdn.com/kf/S7df8166a9c934ef08795a1d1bc7b02a6y.jpg,,,,,6 sold,,,6 sold,Free,,,https://www.aliexpress.com/store/1104741319/pages/all-items.html?spm=a2g0o.store_pc_home.pcShopHead_2012107242900.99&sortType=orders_desc&shop_sortType=orders_desc&SortType=total_tranpro_desc,,
1005010700762559,1/16 Scale Die-Cast Resin Figure Model Kit Russian Internal Troops Seeking Cover (No Truck) Unassembled and Unpainted,$15.82,,,https://www.aliexpress.com/item/1005010700762559.html,https://ae-pic-a1.aliexpress-media.com/kf/Sb6c9451c02a042b98c4590fab9159b40C.jpg_350x350.jpg,https://ae01.alicdn.com/kf/Sb6c9451c02a042b98c4590fab9159b40C.jpg|https://ae01.alicdn.com/kf/S30e0a07660cf4abc9fc6aa77c8548593a.jpg|https://ae01.alicdn.com/kf/Sc855340c659f4569884642628cb65744v.jpg,,,,,6 sold,,,6 sold,Free,,,https://www.aliexpress.com/store/1104741319/pages/all-items.html?spm=a2g0o.store_pc_home.pcShopHead_2012107242900.99&sortType=orders_desc&shop_sortType=orders_desc&SortType=total_tranpro_desc,,
1005010700439285,1/35 Scale Die-Cast Resin Model Assembled Kit Sandbag Pile Model Scene Model Unassembled and Unpainted,$6.96,,,https://www.aliexpress.com/item/1005010700439285.html,https://ae-pic-a1.aliexpress-media.com/kf/S5a0532266b8145d3b75adfe53f8c0c13u.jpg_350x350.jpg,https://ae01.alicdn.com/kf/Sb6a0486896c44dd8b19b117646c39e36J/116x64.png|https://ae01.alicdn.com/kf/S5a0532266b8145d3b75adfe53f8c0c13u.jpg|https://ae01.alicdn.com/kf/S7c36cba5410446069cbefa6fe2cb2e43K.jpg,,,,,6 sold,,,6 sold,Free,,,https://www.aliexpress.com/store/1104741319/pages/all-items.html?spm=a2g0o.store_pc_home.pcShopHead_2012107242900.99&sortType=orders_desc&shop_sortType=orders_desc&SortType=total_tranpro_desc,,
1005009938855198,1/48 Scale Die-Cast Resin Model Assembled Kit M1A2 Abrams Accessories Set (No Tank) Unassembled and Unpainted,$9.92,,,https://www.aliexpress.com/item/1005009938855198.html,https://ae-pic-a1.aliexpress-media.com/kf/S6fcedc8c7bc34f76ad89149152801b9d8.jpg_350x350.jpg,https://ae01.alicdn.com/kf/Sb6a0486896c44dd8b19b117646c39e36J/116x64.png|https://ae01.alicdn.com/kf/S6fcedc8c7bc34f76ad89149152801b9d8.jpg|https://ae01.alicdn.com/kf/S90833462bf744fb0a192596079e62d59L.jpg|https://ae01.alicdn.com/kf/S2d0cc23bd2eb408c8d02991d847e97faf.jpg,,,,,6 sold,,,6 sold,Free,,,https://www.aliexpress.com/store/1104741319/pages/all-items.html?spm=a2g0o.store_pc_home.pcShopHead_2012107242900.99&sortType=orders_desc&shop_sortType=orders_desc&SortType=total_tranpro_desc,,
1005009520994757,1/35 Scale Die-Cast Resin Figure Model Kit WWII German Officer in Normandy Set 2 Figures Unassembled and Unpainted,$7.99,,,https://www.aliexpress.com/item/1005009520994757.html,https://ae-pic-a1.aliexpress-media.com/kf/Sda58d795c804463ea44047b91b0098a24.jpg_350x350.jpg,https://ae01.alicdn.com/kf/Sda58d795c804463ea44047b91b0098a24.jpg|https://ae01.alicdn.com/kf/S0d459cea494c4255b0d5bc7da89e5b76H.jpg|https://ae01.alicdn.com/kf/Seab27560891340afa49467b36dba2741W.jpg|https://ae01.alicdn.com/kf/S37e968372bbb4f4b96a4360031741f93l.jpg,,,,,6 sold,,,6 sold,Free,,,https://www.aliexpress.com/store/1104741319/pages/all-items.html?spm=a2g0o.store_pc_home.pcShopHead_2012107242900.99&sortType=orders_desc&shop_sortType=orders_desc&SortType=total_tranpro_desc,,
1005009425115725,1/10 Scale Die-Cast Resin Bust Model Kit WWII US Airborne Radio Operator Statue Unassembled and Unpainted,$13.84,,,https://www.aliexpress.com/item/1005009425115725.html,https://ae-pic-a1.aliexpress-media.com/kf/Scfc39764ff0944cda1f50ce48c04956ed.jpg_350x350.jpg,https://ae01.alicdn.com/kf/Sad7d675113e44b239887e09ea0a302d5L/60x60.png|https://ae01.alicdn.com/kf/Sb6a0486896c44dd8b19b117646c39e36J/116x64.png|https://ae01.alicdn.com/kf/Scfc39764ff0944cda1f50ce48c04956ed.jpg|https://ae01.alicdn.com/kf/S2f4972b51bc34be5baec757bc8e1f8a3C.jpg|https://ae01.alicdn.com/kf/S1d5922f8737840aaa7cc67f6a49b479f2.jpg|https://ae01.alicdn.com/kf/Sb79ffad0da104bfa854c56eca43869cav.jpg,,,,,6 sold,,,6 sold,Free,,,https://www.aliexpress.com/store/1104741319/pages/all-items.html?spm=a2g0o.store_pc_home.pcShopHead_2012107242900.99&sortType=orders_desc&shop_sortType=orders_desc&SortType=total_tranpro_desc,,
1005009403449152,1/35 Scale Die-Cast Resin Figure Model Kit WWII US Soldier At Rest Unassembled and Unpainted,$6.82,,,https://www.aliexpress.com/item/1005009403449152.html,https://ae-pic-a1.aliexpress-media.com/kf/Sa60c970f2881477ebf98a9252a62ebf92.jpg_350x350.jpg,https://ae01.alicdn.com/kf/Sb6a0486896c44dd8b19b117646c39e36J/116x64.png|https://ae01.alicdn.com/kf/Sa60c970f2881477ebf98a9252a62ebf92.jpg|https://ae01.alicdn.com/kf/Sdba86a1587eb498296e0850018bc3dc7W.jpg,,,,,6 sold,,,6 sold,Free,,,https://www.aliexpress.com/store/1104741319/pages/all-items.html?spm=a2g0o.store_pc_home.pcShopHead_2012107242900.99&sortType=orders_desc&shop_sortType=orders_desc&SortType=total_tranpro_desc,,
1005009399246836,1/35 Scale Die-Cast Resin Figure Model Kit WWII German Band Tambour-Matre Unassembled and Unpainted,$6.93,,,https://www.aliexpress.com/item/1005009399246836.html,https://ae-pic-a1.aliexpress-media.com/kf/S526fbf3b9c0f4e37ae787804850e94b50.jpg_350x350.jpg,https://ae01.alicdn.com/kf/Sb6a0486896c44dd8b19b117646c39e36J/116x64.png|https://ae01.alicdn.com/kf/S526fbf3b9c0f4e37ae787804850e94b50.jpg|https://ae01.alicdn.com/kf/Sd0f69c42fecc43d6b3e2c72dee3e6914L.jpg,,,,,6 sold,,,6 sold,Free,,,https://www.aliexpress.com/store/1104741319/pages/all-items.html?spm=a2g0o.store_pc_home.pcShopHead_2012107242900.99&sortType=orders_desc&shop_sortType=orders_desc&SortType=total_tranpro_desc,,
1005009352570779,1/35 Scale Die-Cast Resin Figure Model Kit WWII German Paratrooper Vignette & Base Unassembled and Unpainted,$10.56,,,https://www.aliexpress.com/item/1005009352570779.html,https://ae-pic-a1.aliexpress-media.com/kf/Sba6ba4141b46483181bdb3aee8e5d57fM.jpg_350x350.jpg,https://ae01.alicdn.com/kf/Sb6a0486896c44dd8b19b117646c39e36J/116x64.png|https://ae01.alicdn.com/kf/Sba6ba4141b46483181bdb3aee8e5d57fM.jpg|https://ae01.alicdn.com/kf/Sc634e044a05f49198a6b7740a32c9042f.jpg,,,,,6 sold,,,6 sold,Free,,,https://www.aliexpress.com/store/1104741319/pages/all-items.html?spm=a2g0o.store_pc_home.pcShopHead_2012107242900.99&sortType=orders_desc&shop_sortType=orders_desc&SortType=total_tranpro_desc,,
1005009310123766,1/35 Scale Die-Cast Resin Figure Model Kit WWII German Afrika Korps 2 Figures Unassembled and Unpainted,$7.93,,,https://www.aliexpress.com/item/1005009310123766.html,https://ae-pic-a1.aliexpress-media.com/kf/S30e7dfab7d6e4feeb14fdc4a69309dfcE.jpg_350x350.jpg,https://ae01.alicdn.com/kf/Sb6a0486896c44dd8b19b117646c39e36J/116x64.png|https://ae01.alicdn.com/kf/Sad7d675113e44b239887e09ea0a302d5L/60x60.png|https://ae01.alicdn.com/kf/S30e7dfab7d6e4feeb14fdc4a69309dfcE.jpg|https://ae01.alicdn.com/kf/Sb2c81049bda0427496daccf30654d731a.jpg,,,,,6 sold,,,6 sold,Free,,,https://www.aliexpress.com/store/1104741319/pages/all-items.html?spm=a2g0o.store_pc_home.pcShopHead_2012107242900.99&sortType=orders_desc&shop_sortType=orders_desc&SortType=total_tranpro_desc,,
1005011695053764,1/72 Scale Die-Cast Resin Aircraft Parts Model Assembled Kit V-22 Osprey Engine Model Unassembled and Unpainted,$7.51,,,https://www.aliexpress.com/item/1005011695053764.html,https://ae-pic-a1.aliexpress-media.com/kf/S215fdd89975542ca9b51d86a31a2c83dV.jpg_350x350.jpg,https://ae01.alicdn.com/kf/S35f2ad99631e44e2ab59c02e3078cc62n/60x60.png|https://ae01.alicdn.com/kf/S215fdd89975542ca9b51d86a31a2c83dV.jpg|https://ae01.alicdn.com/kf/S9f189dcf4cde41f6bcdf15436d44386fi.jpg|https://ae01.alicdn.com/kf/Sa519922f9412468c84a2b6f18153a05dH.jpg,,,,,5 sold,,,5 sold,Free,,,https://www.aliexpress.com/store/1104741319/pages/all-items.html?spm=a2g0o.store_pc_home.pcShopHead_2012107242900.99&sortType=orders_desc&shop_sortType=orders_desc&SortType=total_tranpro_desc,,
1005011675156151,1/35 Scale Die-Cast Resin Figure Model Kit WWII US Wounded Soldier Unassembled and Unpainted,$6.55,,,https://www.aliexpress.com/item/1005011675156151.html,https://ae-pic-a1.aliexpress-media.com/kf/Sd2fc1620390a491c8b94e4e2e969b8c2W.jpg_350x350.jpg,https://ae01.alicdn.com/kf/S35f2ad99631e44e2ab59c02e3078cc62n/60x60.png|https://ae01.alicdn.com/kf/Sb6a0486896c44dd8b19b117646c39e36J/116x64.png|https://ae01.alicdn.com/kf/Sd2fc1620390a491c8b94e4e2e969b8c2W.jpg,,,,,5 sold,,,5 sold,Free,,,https://www.aliexpress.com/store/1104741319/pages/all-items.html?spm=a2g0o.store_pc_home.pcShopHead_2012107242900.99&sortType=orders_desc&shop_sortType=orders_desc&SortType=total_tranpro_desc,,
1005011610298131,Resin Figure Assembled Model Kit War Game Chess Sub Lone Ranger on A Motorcycle Miniature Toys Unassembled Unpainted DIY Diorama,$10.24,,,https://www.aliexpress.com/item/1005011610298131.html,https://ae-pic-a1.aliexpress-media.com/kf/S18b37cf7e43442ffbcb53c2ae3f63ae7B.jpg_350x350.jpg,https://ae01.alicdn.com/kf/S35f2ad99631e44e2ab59c02e3078cc62n/60x60.png|https://ae01.alicdn.com/kf/Sb6a0486896c44dd8b19b117646c39e36J/116x64.png|https://ae01.alicdn.com/kf/Sad7d675113e44b239887e09ea0a302d5L/60x60.png|https://ae01.alicdn.com/kf/S18b37cf7e43442ffbcb53c2ae3f63ae7B.jpg,,,,,5 sold,,,5 sold,Free,,,https://www.aliexpress.com/store/1104741319/pages/all-items.html?spm=a2g0o.store_pc_home.pcShopHead_2012107242900.99&sortType=orders_desc&shop_sortType=orders_desc&SortType=total_tranpro_desc,,
1005010657448043,1/35 Scale Die-Cast Resin Figure Model Kit US Mech Mule Driver Unassembled and Unpainted,$6.55,,,https://www.aliexpress.com/item/1005010657448043.html,https://ae-pic-a1.aliexpress-media.com/kf/Seeaa962195e44db584f704cd42735b1b8.jpg_350x350.jpg,https://ae01.alicdn.com/kf/S35f2ad99631e44e2ab59c02e3078cc62n/60x60.png|https://ae01.alicdn.com/kf/Sb6a0486896c44dd8b19b117646c39e36J/116x64.png|https://ae01.alicdn.com/kf/Seeaa962195e44db584f704cd42735b1b8.jpg|https://ae01.alicdn.com/kf/S71bb6fec826f4f9299c951ce5e1027f5V.jpg|https://ae01.alicdn.com/kf/S6a63149c28954aee878305202b362f97V.jpg,,,,,5 sold,,,5 sold,Free,,,https://www.aliexpress.com/store/1104741319/pages/all-items.html?spm=a2g0o.store_pc_home.pcShopHead_2012107242900.99&sortType=orders_desc&shop_sortType=orders_desc&SortType=total_tranpro_desc,,
1005010656538630,1/35 Scale Die-Cast Resin Model Assembled Kit LAV C 2 Infantry Vehicle Accessories Set (No Tank) Unassembled and Unpainted,$14.01,,,https://www.aliexpress.com/item/1005010656538630.html,https://ae-pic-a1.aliexpress-media.com/kf/S57671170f38041fba471ceb2a5743a5ds.jpg_350x350.jpg,https://ae01.alicdn.com/kf/S35f2ad99631e44e2ab59c02e3078cc62n/60x60.png|https://ae01.alicdn.com/kf/S1887a285b60743859ac7bdbfca5e0896Z/154x64.png|https://ae01.alicdn.com/kf/Sb6a0486896c44dd8b19b117646c39e36J/116x64.png|https://ae01.alicdn.com/kf/S57671170f38041fba471ceb2a5743a5ds.jpg,,,,,5 sold,,,5 sold,Free,,,https://www.aliexpress.com/store/1104741319/pages/all-items.html?spm=a2g0o.store_pc_home.pcShopHead_2012107242900.99&sortType=orders_desc&shop_sortType=orders_desc&SortType=total_tranpro_desc,,
1005010652329991,1/10 Scale Die-Cast Resin Bust Model Kit Wild West Sheriffs Statue Unassembled and Unpainted,$15.26,,,https://www.aliexpress.com/item/1005010652329991.html,https://ae-pic-a1.aliexpress-media.com/kf/Sd6e69dc924274fd5828ab7d0a4e31324C.jpg_350x350.jpg,https://ae01.alicdn.com/kf/S35f2ad99631e44e2ab59c02e3078cc62n/60x60.png|https://ae01.alicdn.com/kf/Sb6a0486896c44dd8b19b117646c39e36J/116x64.png|https://ae01.alicdn.com/kf/Sd6e69dc924274fd5828ab7d0a4e31324C.jpg|https://ae01.alicdn.com/kf/S5f9ab3915ae247069dcd1fb2e15a8551d.jpg|https://ae01.alicdn.com/kf/S2439101fd62c4daf9edbb834267b95ddg.jpg|https://ae01.alicdn.com/kf/Seadbc632f2ad48bda1e71b7b0703c878A.jpg|https://ae01.alicdn.com/kf/S1bc8a5658f7c4b1da3005012a7638f8cv.jpg,,,,,5 sold,,,5 sold,Free,,,https://www.aliexpress.com/store/1104741319/pages/all-items.html?spm=a2g0o.store_pc_home.pcShopHead_2012107242900.99&sortType=orders_desc&shop_sortType=orders_desc&SortType=total_tranpro_desc,,
1005010634369189,1/24 Scale 75mm Die-Cast Resin Figure Model Kit Ancient French Soldier 1812 Hobby Miniature Toys Unassembled Unpainted Diorama,$12.07,,,https://www.aliexpress.com/item/1005010634369189.html,https://ae-pic-a1.aliexpress-media.com/kf/S405de31734a04633803a963cde792d2cO.jpg_350x350.jpg,https://ae01.alicdn.com/kf/S35f2ad99631e44e2ab59c02e3078cc62n/60x60.png|https://ae01.alicdn.com/kf/Sb6a0486896c44dd8b19b117646c39e36J/116x64.png|https://ae01.alicdn.com/kf/S405de31734a04633803a963cde792d2cO.jpg|https://ae01.alicdn.com/kf/S5de8fde59d8341d19007d6ffea826a269.jpg|https://ae01.alicdn.com/kf/Sbbedd5f9bb2d4f70b6cdbdd522c6de3aa.jpg|https://ae01.alicdn.com/kf/S94b7e544eac44554a00cffb7fe1bab70X.jpg|https://ae01.alicdn.com/kf/S1d9f58dd85a94be191cfd7eac0e24726E.jpg,,,,,5 sold,,,5 sold,Free,,,https://www.aliexpress.com/store/1104741319/pages/all-items.html?spm=a2g0o.store_pc_home.pcShopHead_2012107242900.99&sortType=orders_desc&shop_sortType=orders_desc&SortType=total_tranpro_desc,,
1005010499977802,1/35 Scale Die-Cast Resin Model Kit WWII North African Forces Crew & Accessories 6 Figures (No Trucks) Unassembled and Unpainted,$18.84,,,https://www.aliexpress.com/item/1005010499977802.html,https://ae-pic-a1.aliexpress-media.com/kf/Sa4b9bc46b5cb48c3864b8387eb622324s.jpg_350x350.jpg,https://ae01.alicdn.com/kf/S35f2ad99631e44e2ab59c02e3078cc62n/60x60.png|https://ae01.alicdn.com/kf/Sa4b9bc46b5cb48c3864b8387eb622324s.jpg|https://ae01.alicdn.com/kf/Sa99280081f4441aaaa8e9aaa2eb06d0bm.jpg,,,,,5 sold,,,5 sold,Free,,,https://www.aliexpress.com/store/1104741319/pages/all-items.html?spm=a2g0o.store_pc_home.pcShopHead_2012107242900.99&sortType=orders_desc&shop_sortType=orders_desc&SortType=total_tranpro_desc,,
1005010442146626,1/10 Scale Die-Cast Resin Bust Model Kit Dive Bomber Pilot Statue Unassembled and Unpainted,$12.26,,,https://www.aliexpress.com/item/1005010442146626.html,https://ae-pic-a1.aliexpress-media.com/kf/S56bfd18e350b400283df3ba194392c4ca.jpg_350x350.jpg,https://ae01.alicdn.com/kf/S35f2ad99631e44e2ab59c02e3078cc62n/60x60.png|https://ae01.alicdn.com/kf/Sb6a0486896c44dd8b19b117646c39e36J/116x64.png|https://ae01.alicdn.com/kf/S56bfd18e350b400283df3ba194392c4ca.jpg|https://ae01.alicdn.com/kf/S920972b729a94d97ae8b0d020eb52cd8B.jpg|https://ae01.alicdn.com/kf/Sade7f15ee01247bb868d51e060601580B.jpg,,,,,5 sold,,,5 sold,Free,,,https://www.aliexpress.com/store/1104741319/pages/all-items.html?spm=a2g0o.store_pc_home.pcShopHead_2012107242900.99&sortType=orders_desc&shop_sortType=orders_desc&SortType=total_tranpro_desc,,
1005010008547932,1/35 Scale DieCast Resin Model Kit Nashorn Crew & Mounted Dispatch Rider 6 Figures with Hoese (No Tank) Unassembled Unpainted,$15.70,,,https://www.aliexpress.com/item/1005010008547932.html,https://ae-pic-a1.aliexpress-media.com/kf/S1205e64780604f60a0594dd77f2edb273.jpg_350x350.jpg,https://ae01.alicdn.com/kf/S35f2ad99631e44e2ab59c02e3078cc62n/60x60.png|https://ae01.alicdn.com/kf/Sb6a0486896c44dd8b19b117646c39e36J/116x64.png|https://ae01.alicdn.com/kf/S1205e64780604f60a0594dd77f2edb273.jpg|https://ae01.alicdn.com/kf/S2ace56e5355b41e78742fa3c4c4c52b4J.jpg,,,,,5 sold,,,5 sold,Free,,,https://www.aliexpress.com/store/1104741319/pages/all-items.html?spm=a2g0o.store_pc_home.pcShopHead_2012107242900.99&sortType=orders_desc&shop_sortType=orders_desc&SortType=total_tranpro_desc,,
1005010007138191,1/35 Scale Die-Cast Resin Model Assembled Kit IDF M51 Tank Detailing Set (No Tank) Unassembled and Unpainted,$12.76,,,https://www.aliexpress.com/item/1005010007138191.html,https://ae-pic-a1.aliexpress-media.com/kf/S723309eedd7f4d259c664282d0ca2435Z.jpg_350x350.jpg,https://ae01.alicdn.com/kf/S35f2ad99631e44e2ab59c02e3078cc62n/60x60.png|https://ae01.alicdn.com/kf/Sb6a0486896c44dd8b19b117646c39e36J/116x64.png|https://ae01.alicdn.com/kf/S723309eedd7f4d259c664282d0ca2435Z.jpg|https://ae01.alicdn.com/kf/S343a6260a26046adb04748f89af247b00.jpg|https://ae01.alicdn.com/kf/S9819ff413c20405a9d22d6cc8119313bP.jpg|https://ae01.alicdn.com/kf/S3765c1ac8973418090cd50cf020bf8f8Y.jpg|https://ae01.alicdn.com/kf/Sf215fda1e2e3408abd6eea287be611ach.jpg,,,,,5 sold,,,5 sold,Free,,,https://www.aliexpress.com/store/1104741319/pages/all-items.html?spm=a2g0o.store_pc_home.pcShopHead_2012107242900.99&sortType=orders_desc&shop_sortType=orders_desc&SortType=total_tranpro_desc,,
1005009927614069,1/48 Scale Die-Cast Resin Aircraft Parts Model Assembled Kit F-18 C Spine Electronic Model Unassembled and Unpainted,$8.04,,,https://www.aliexpress.com/item/1005009927614069.html,https://ae-pic-a1.aliexpress-media.com/kf/S4ca4165bc73d45d89427e106144d12acr.jpg_350x350.jpg,https://ae01.alicdn.com/kf/S35f2ad99631e44e2ab59c02e3078cc62n/60x60.png|https://ae01.alicdn.com/kf/Sb6a0486896c44dd8b19b117646c39e36J/116x64.png|https://ae01.alicdn.com/kf/S4ca4165bc73d45d89427e106144d12acr.jpg|https://ae01.alicdn.com/kf/Sa709fe5aca02439cae1c08cd89807eeft.jpg|https://ae01.alicdn.com/kf/Sbd69befe2c324a29875732f89a50ec6fa.jpg,,,,,5 sold,,,5 sold,Free,,,https://www.aliexpress.com/store/1104741319/pages/all-items.html?spm=a2g0o.store_pc_home.pcShopHead_2012107242900.99&sortType=orders_desc&shop_sortType=orders_desc&SortType=total_tranpro_desc,,
1005009412522057,1/35 Scale Die-Cast Resin Figure Model Kit WWII US Soldier At Lunch Unassembled and Unpainted,$6.84,,,https://www.aliexpress.com/item/1005009412522057.html,https://ae-pic-a1.aliexpress-media.com/kf/Sdde3e913ab584eee8799704caef3a2f21.jpg_350x350.jpg,https://ae01.alicdn.com/kf/S35f2ad99631e44e2ab59c02e3078cc62n/60x60.png|https://ae01.alicdn.com/kf/Sb6a0486896c44dd8b19b117646c39e36J/116x64.png|https://ae01.alicdn.com/kf/S1887a285b60743859ac7bdbfca5e0896Z/154x64.png|https://ae01.alicdn.com/kf/Sdde3e913ab584eee8799704caef3a2f21.jpg,,,,,5 sold,,,5 sold,Free,,,https://www.aliexpress.com/store/1104741319/pages/all-items.html?spm=a2g0o.store_pc_home.pcShopHead_2012107242900.99&sortType=orders_desc&shop_sortType=orders_desc&SortType=total_tranpro_desc,,
1005009407713750,1/35 Scale Die-Cast Resin Figure Model Kit WWII German Spotter Unassembled and Unpainted,$6.93,,,https://www.aliexpress.com/item/1005009407713750.html,https://ae-pic-a1.aliexpress-media.com/kf/S3e7864647acf4aeba4e5c2afa24b36bf9.jpg_350x350.jpg,https://ae01.alicdn.com/kf/S35f2ad99631e44e2ab59c02e3078cc62n/60x60.png|https://ae01.alicdn.com/kf/Sb6a0486896c44dd8b19b117646c39e36J/116x64.png|https://ae01.alicdn.com/kf/S3e7864647acf4aeba4e5c2afa24b36bf9.jpg|https://ae01.alicdn.com/kf/S339720ca8c60403588724aff8d219931p.jpg,,,,,5 sold,,,5 sold,Free,,,https://www.aliexpress.com/store/1104741319/pages/all-items.html?spm=a2g0o.store_pc_home.pcShopHead_2012107242900.99&sortType=orders_desc&shop_sortType=orders_desc&SortType=total_tranpro_desc,,
1005009403323570,1/35 Scale Die-Cast Resin Figure Model Kit WWII German Band Baritone Horn Unassembled and Unpainted,$6.93,,,https://www.aliexpress.com/item/1005009403323570.html,https://ae-pic-a1.aliexpress-media.com/kf/Sbc2085e6c8194ff9b09e0a3cd937d94fa.jpg_350x350.jpg,https://ae01.alicdn.com/kf/S35f2ad99631e44e2ab59c02e3078cc62n/60x60.png|https://ae01.alicdn.com/kf/S1887a285b60743859ac7bdbfca5e0896Z/154x64.png|https://ae01.alicdn.com/kf/Sb6a0486896c44dd8b19b117646c39e36J/116x64.png|https://ae01.alicdn.com/kf/Sbc2085e6c8194ff9b09e0a3cd937d94fa.jpg,,,,,5 sold,,,5 sold,Free,,,https://www.aliexpress.com/store/1104741319/pages/all-items.html?spm=a2g0o.store_pc_home.pcShopHead_2012107242900.99&sortType=orders_desc&shop_sortType=orders_desc&SortType=total_tranpro_desc,,
1005009301750323,1/35 Scale Die-Cast Resin Figure Model Kit WWII Wounded Soldier Captured 2 Figures Unassembled and Unpainted,$7.93,,,https://www.aliexpress.com/item/1005009301750323.html,https://ae-pic-a1.aliexpress-media.com/kf/Sa6ede2d3dd7145de94bde69602d1dccbi.jpg_350x350.jpg,https://ae01.alicdn.com/kf/S35f2ad99631e44e2ab59c02e3078cc62n/60x60.png|https://ae01.alicdn.com/kf/Sb6a0486896c44dd8b19b117646c39e36J/116x64.png|https://ae01.alicdn.com/kf/Sa6ede2d3dd7145de94bde69602d1dccbi.jpg|https://ae01.alicdn.com/kf/Sdd0e31d072974c2c857df9a24f551052N.jpg,,,,,5 sold,,,5 sold,Free,,,https://www.aliexpress.com/store/1104741319/pages/all-items.html?spm=a2g0o.store_pc_home.pcShopHead_2012107242900.99&sortType=orders_desc&shop_sortType=orders_desc&SortType=total_tranpro_desc,,
1005008932132568,1/24 Scale DieCast Resin Figure Model Kit Horror Game Maria Remake Statue Hobby Miniature Toys Unassembled Unpainted DIY Diorama,$12.31,,,https://www.aliexpress.com/item/1005008932132568.html,https://ae-pic-a1.aliexpress-media.com/kf/Sa1dc3d7142df47958f24feb19fef16578.jpg_350x350.jpg,https://ae01.alicdn.com/kf/S35f2ad99631e44e2ab59c02e3078cc62n/60x60.png|https://ae01.alicdn.com/kf/Sb6a0486896c44dd8b19b117646c39e36J/116x64.png|https://ae01.alicdn.com/kf/Sa1dc3d7142df47958f24feb19fef16578.jpg|https://ae01.alicdn.com/kf/S9dd83182e8a24992a5bfd4ad21e98ca1k.jpg|https://ae01.alicdn.com/kf/Sd66f1a18271548e9a2888311d2e6b5259.jpg|https://ae01.alicdn.com/kf/Sfb253446257049a59ff23379ba543c50c.jpg|https://ae01.alicdn.com/kf/S9ddc2fe8515247ab8d5277be0a8813b09.jpg,,,,,5 sold,,,5 sold,Free,,,https://www.aliexpress.com/store/1104741319/pages/all-items.html?spm=a2g0o.store_pc_home.pcShopHead_2012107242900.99&sortType=orders_desc&shop_sortType=orders_desc&SortType=total_tranpro_desc,,
